Deal Type,Announce Date,Target Name,Acquirer Name,Seller Name,Announced Total Value (mil.),Payment Type,TV/EBITDA,Deal Status
"M&A",2012/10/22,"Rosneft Holding Ltd","Rosneft Oil Co PJSC","Gruppa Kompaniy Renova AO,Access Industries LLC,Alfa Finance Holdings SA",28000.00,"Cash", ,"Completed"
"INV",2012/10/22,"Rosneft Holding Ltd","Rosneft Oil Co PJSC","BP PLC",26379.77,"Cash and Stock", ,"Completed"
"M&A",2006/12/21,"Sakhalin Energy Investment Co Ltd","Gazprom PJSC","Mitsubishi Corp,Mitsui & Co Ltd,Shell PLC",7450.00,"Cash", ,"Completed"
"INV",2018/5/4,"Rosneft Oil Co PJSC","Qatar Investment Authority","Glencore PLC",4426.31,"Cash",2.49,"Completed"
"M&A",2007/7/26,"Gazprom Neft PJSC","Gazprom PJSC","Eni SpA",4200.00,"Undisclosed",4.06,"Completed"
"INV",2012/8/15,"VEON Ltd","Alfa Group ZAO","Orascom TMT Investments Sarl",3600.00,"Cash",2.49,"Completed"
"INV",2010/7/28,"LUKOIL PJSC","LUKOIL PJSC","ConocoPhillips",3442.01,"Cash",3.03,"Completed"
"M&A",2013/11/20,"Arctic Russia BV","Yamal Development LLC","Eni SpA",2940.00,"Cash", ,"Completed"
"INV",2016/7/29,"Yuzhno Russkoye Gas","Potential Buyer","E.ON SE",2500.00,"Cash", ,"Withdrawn"
"M&A",2013/4/1,"Samara-Nafta ZAO","LUKOIL PJSC","Hess Corp",2050.00,"Undisclosed", ,"Completed"
"M&A",2017/12/1,"Yuzhno Russkoye Gas Field","OMV AG","Uniper SE",2046.64,"Cash", ,"Completed"
"M&A",2018/12/4,"Azeri Chirag Gunashli project","Potential Buyer","Exxon Mobil Corp",2000.00,"Cash", ,"Withdrawn"
"INV",2017/3/5,"Severneftegazprom OAO,Gazprom YRGM Development ZAO","OMV AG","Uniper SE",1850.00,"Cash", ,"Completed"
"INV",2013/9/24,"Arctic Russia BV","Rosneft Oil Co PJSC","Enel SpA",1800.00,"Undisclosed", ,"Completed"
"M&A",2011/10/18,"Russian and Ukrainian Beer Businesses","Anadolu Efes Biracilik Ve Malt Sanayii AS","Abi Sab Group Holding Ltd",1601.72,"Cash", ,"Completed"
"M&A",2009/12/11,"LUKARCO BV","LUKOIL PJSC","BP PLC",1600.00,"Cash", ,"Completed"
"M&A",2009/5/15,"SeverEnergia OOO","Gazprom PJSC","Eni SpA,Enel SpA",1600.00,"Cash", ,"Completed"
"M&A",2022/8/12,"Mondi Syktyvkar OAO","Augment Investments Ltd","Mondi PLC",1545.65,"Cash", ,"Terminated"
"M&A",2022/5/19,"Sakhalin-II oil & gas project","DSV A/S","Shell PLC",1520.59,"Cash", ,"Withdrawn"
"M&A",2014/9/16,"VK.com Ltd","VK IPJSC","Blesmir Development Ltd,Palagon Ltd",1470.00,"Cash", ,"Completed"
"INV",2012/4/24,"Telecominvest OJSC","AF Telecom Holding Ltd","Telia Co AB",1450.00,"Cash", ,"Completed"
"INV",2012/11/6,"Nortgaz ZAO","Novatek PJSC","REDI Holdings",1375.00,"Cash", ,"Completed"
"M&A",2015/10/23,"KEX eCommerce LLC","Naspers Ltd","Kinnevik AB,Baring Vostok Capital Partners Ltd/Russia (Fund: Baring Vostok Private Equity Fund IV LP),Northzone Ventures Sweden AB (Fund: Northzone Ventures VI),Accel Partners LP (Fund: Accel London III LP),Unknown Seller",1200.00,"Cash", ,"Completed"
"M&A",2025/10/29,"2M sq mtr warehouse/Moscow","Potential Buyer","Raven Property Group Ltd",1133.33,"Cash", ,"Proposed"
"M&A",2012/10/4,"Corber Enterprises Ltd","Evraz PLC","Adroliv Investments Ltd",1086.44,"Cash and Stock", ,"Completed"
"M&A",2017/11/13,"Russian asset portfolio","Fort Group OOO","CPI Europe AG",1050.84,"Cash", ,"Completed"
"INV",2017/10/31,"MegaFon PJSC","Gazprombank JSC","Telia Co AB",1035.86,"Cash",2.47,"Completed"
"M&A",2016/7/29,"Opal & BBL & Transitgas Pipelines","Potential Buyer","E.ON SE",1026.44,"Cash", ,"Withdrawn"
"INV",2024/3/28,"Sakhalin Energy Investment Co Ltd","Gazprom PJSC","Shell PLC",1023.84,"Cash", ,"Completed"
"M&A",2012/12/11,"White Square business center","O1 Properties Ltd","VTB Capital JSC,TPG Holdings LLC,AIG/Lincoln Russia",1000.00,"Cash", ,"Completed"
"M&A",2023/9/21,"Syktyvkarsky Forestry Enterprise JSC","Sezar Group OOO","Mondi PLC",834.40,"Cash", ,"Completed"
"M&A",2006/5/15,"Oil Exploration and Production Business","LUKOIL PJSC","Marathon Oil Corp",787.00,"Cash", ,"Completed"
"INV",2007/5/14,"Vimpel-Communications PJSC","Telenor ASA","ING Groep NV",744.86,"Cash", ,"Completed"
"INV",2019/4/1,"Lenta International Co PJSC","Severgroup CJSC","European Bank for Reconstruction & Development,TPG Capital LP/US (Fund: TPG Partners VI LP)",729.00,"Cash",3.22,"Completed"
"M&A",2021/8/31,"MLU BV","Nebius Group NV","Uber Technologies Inc",702.50,"Cash", ,"Completed"
"M&A",2017/4/11,"Kondaneftegaz LLC","Rosneft Oil Co PJSC","Siberian Energy Group Inc",700.80,"Cash", ,"Completed"
"INV",2020/6/11,"Yandex.Taxi LLC","Nebius Group NV","Uber Technologies Inc",700.00,"Cash", ,"Completed"
"M&A",2016/1/13,"Russia telecom towers","Russian Towers OOO","VEON Ltd",700.00,"Cash", ,"Withdrawn"
"M&A",2023/5/4,"Russian business activities/Henkel AG & Co KGaA","Private Investor","Henkel AG & Co KGaA",690.66,"Cash", ,"Completed"
"INV",2001/1/29,"LUKOIL PJSC","Unnamed Buyer","BP PLC",656.57,"Undisclosed",1.91,"Completed"
"M&A",2009/5/26,"Yamal LNG OAO","Novatek PJSC","Volga Group/The",650.00,"Cash", ,"Completed"
"M&A",2022/6/16,"EL5-ENERO PJSC","LUKOIL PJSC,Gazprombank JSC","Enel SpA",609.28,"Cash",6.63,"Completed"
"M&A",2005/1/3,"Interbrew Plc","Anheuser-Busch InBev SA/NV","Alfa Group ZAO,Sun Trade International Ltd",591.53,"Cash",3.10,"Completed"
"INV",2007/11/28,"Taas-Yuryakh Neftegazodobycha OOO","Urals Energy PCL","Finfund Ltd",590.00,"Cash and Stock", ,"Completed"
"M&A",2011/7/27,"Azeri Chirag Gunashli project","State Oil Co of the Azerbaijan Republic","BP PLC",585.00,"Cash", ,"Completed"
"INV",2020/7/31,"Highland Gold Mining Ltd","Fortiana Holdings Ltd","Private Investor,Denalot Worldwide Ltd,NEW Evolution Trading Ltd,Matteson Overseas Ltd",572.79,"Cash",6.79,"Completed"
"M&A",2022/9/22,"Beverage packaging unit/Russia","DKK Zao","Ball Corp",530.00,"Cash", ,"Completed"
"INV",2017/8/11,"United Co RUSAL International","Zonoville Investments Ltd","Dimosenco Holdings Co Ltd",503.89,"Undisclosed",4.26,"Pending"
"M&A",2021/1/13,"Korund-Tsiana AO","GEM Capital AG,Industry Partners Corp","VTB Capital Asset Management JSC (Fund: Regional Venture - Small Enterprises of Research & Tech Sector of Nizhegorodsky),Petrochemical Holding Gmbh",500.00,"Cash", ,"Completed"
"M&A",2014/7/13,"Land drilling & workover assets in Russia & Venezuela","Rosneft Oil Co PJSC","Weatherford International PLC",500.00,"Cash", ,"Completed"
"INV",2010/8/12,"Wimm-Bill-Dann Foods OJSC","Wimm-Bill-Dann Foods OJSC","Danone SA",470.00,"Undisclosed",8.26,"Completed"
"INV",2007/10/25,"EL5-ENERO PJSC","Enel SpA","Credit Suisse Group AG",435.35,"Cash",62.16,"Completed"
"M&A",2008/6/3,"Corbina Telecom","Vimpel-Communications PJSC","Inure Enterprises Ltd",404.00,"Cash", ,"Completed"
"M&A",2022/8/29,"Russian plant/Nokian Renkaat Oyj","Tatneft PJSC","Nokian Renkaat Oyj",400.60,"Cash", ,"Completed"
"INV",2013/9/11,"Borets International Ltd","Tangent Fund Ltd","Weatherford International PLC",400.00,"Cash and Debt", ,"Completed"
"M&A",2002/2/1,"Bravo International","Heineken NV","Capital Group Cos Inc/The",399.99,"Cash", ,"Completed"
"M&A",2000/6/15,"Liggett-Dukat ZAO","Gallaher Group Ltd","Vector Group Ltd",398.50,"Cash and Debt", ,"Completed"
"INV",2007/8/17,"Rosseti Lenenergo PJSC","Unified Energy System OAO,VTB Bank PJSC,Integrated Energy Systems ZAO","Fortum Oyj",398.07,"Undisclosed", ,"Completed"
"INV",2006/6/20,"UniCredit Bank AO","UniCredit SpA","Nordea Bank Abp",395.00,"Cash", ,"Completed"
"M&A",2008/3/11,"DTV Group","CTC Media Inc","Modern Times Group MTG AB",395.00,"Cash", ,"Completed"
"M&A",2008/8/4,"Business Operations in Europe","Meda AB","Bausch Health Americas Inc",392.00,"Cash", ,"Completed"
"INV",2011/8/3,"Minudobreniya OAO","Laguz Management Ltd","Yara International ASA",390.00,"Undisclosed", ,"Completed"
"M&A",2022/10/6,"Russian operations/Sylvamo","Pulp Invest LLC","Sylvamo Corp",390.00,"Cash", ,"Completed"
"M&A",2009/8/9,"Kes-Multienergetika ZAO","Permenergosbyt PJSC","Turlin Management Ltd",382.89,"Cash", ,"Completed"
"INV",2012/2/15,"VEON Ltd","Telenor ASA","Orascom TMT Investments Sarl",374.40,"Cash",0.40,"Completed"
"M&A",2017/8/21,"Portfolio of real estate/Russia","Potential Buyer","Atrium European Real Estate Ltd",341.71,"Cash", ,"Withdrawn"
"M&A",2022/4/5,"Kupol mine/Russia,Udinsk project/Russia","Highland Gold Mining Ltd","Kinross Gold Corp",340.00,"Cash", ,"Completed"
"M&A",2012/8/15,"Silver City/Moscow","O1 Properties Ltd","Evans Randall Investment Management Ltd",333.00,"Cash", ,"Completed"
"INV",2003/3/12,"Mobile TeleSystems PJSC","Sistema PJSFC","Deutsche Telekom AG",330.72,"Cash",4.89,"Completed"
"M&A",2005/11/22,"SeverTEK ZAO","LUKOIL PJSC","Neste Oyj",321.50,"Cash", ,"Completed"
"M&A",2024/12/3,"Russian business/Carlsberg AS","Private Investor","Carlsberg AS",320.62,"Cash", ,"Withdrawn"
"M&A",2008/4/28,"National Logistics Co","Itella Information Oy","Citigroup Inc,RosEvroGroup,Citi Venture Capital International (Fund: TRG Growth Partnership LP)",312.82,"Cash", ,"Completed"
"M&A",2012/11/22,"EvrazTrans OOO","NefteTransServis ZAO","Evraz PLC",303.06,"Cash", ,"Completed"
"INV",2015/9/22,"Solidcore Resources PLC","Solidcore Resources PLC","Sumeru Gold BV",300.00,"Cash",5.76,"Completed"
"M&A",2007/7/11,"Peterstar ZAO","PromSvyazCapital AO","First National Holding SA",281.70,"Cash", ,"Completed"
"M&A",2013/2/4,"Russian Business","Ikea Group Corp","PCF GmbH",270.70,"Cash", ,"Completed"
"INV",2008/5/7,"EL5-ENERO PJSC","European Bank for Reconstruction & Development","Enel SpA",269.29,"Cash",40.80,"Completed"
"M&A",2007/7/5,"Aquavision LLC","Coca Cola Hellenic Bottling Co SA","Health Tech Corp Ltd",260.40,"Cash", ,"Completed"
"M&A",2011/2/28,"Caspian Sea Ventures International Ltd","Eurasia Drilling Co Ltd","Transocean Ltd",260.00,"Cash", ,"Completed"
"INV",2018/3/26,"GEFCO SA","Potential Buyer","Peugeot SA",250.00,"Cash", ,"Withdrawn"
"M&A",2011/2/25,"BM Bank AO","VTB Bank PJSC","Goldman Sachs Group Inc/The",247.12,"Cash", ,"Completed"
"M&A",2007/8/13,"Tele2 Irkutsk","Vimpel-Communications PJSC","Tele2 AB",233.90,"Cash", ,"Completed"
"M&A",2022/6/28,"Ay Eych Pi Applayenses OOO,Whirlpool RUS LLC","Arcelik AS","Whirlpool Corp",231.51,"Undisclosed", ,"Completed"
"M&A",2008/12/11,"BP-branded filling stations","RN Holding OAO","Sibir Energy Ltd",230.04,"Cash", ,"Completed"
"M&A",2022/5/19,"Operations facility/Russia","VSMPO-AVISMA Corp PJSC","Arconic Corp",230.00,"Cash", ,"Completed"
"M&A",2013/1/4,"Kraun Investments OOO","AFI Development PLC","Super Passion Ltd",227.50,"Cash", ,"Completed"
"M&A",2013/6/4,"Metropolis shopping center","California Public Employees' Retirement System","Morgan Stanley Real Estate",225.00,"Cash", ,"Completed"
"M&A",2018/12/28,"Pharmaceutical Enterprise Obolenskoe JSC","VTB Bank PJSC,Management Group,Sistema PJSFC","Alvansa Ltd",222.89,"Cash", ,"Completed"
"M&A",2002/2/28,"Arctic Gas Co OAO","NK YUKOS OAO","Harvest Natural Resources Inc",220.00,"Undisclosed", ,"Completed"
"M&A",2010/7/16,"MultiRegion ZAO","Mobile TeleSystems PJSC","Cavolo Trading Ltd",217.90,"Undisclosed", ,"Completed"
"INV",2012/10/30,"VEON Ltd","Alfa Group ZAO","Bertofan Investments Ltd",217.54,"Undisclosed",0.38,"Completed"
"M&A",2005/2/15,"Peterstar ZAO","ING Groep NV,First National Holding SA,Emergent Telecom Ventures SA","MIG LLC",215.00,"Cash", ,"Completed"
"M&A",2019/8/6,"Chulbatkan Development Project/N-Mining Ltd","Kinross Gold Corp","N-Mining Ltd",213.13,"Cash and Stock", ,"Completed"
"M&A",2018/2/16,"Building & home improvement store properties","Leroy Merlin SA/France","Kesko Oyj",212.88,"Cash", ,"Pending"
"INV",2008/4/4,"Serov","Eurasian Natural Resources Corp Ltd","Chesswood Group Ltd,Industrial Metals Technology Ltd,Blackmore Holdings Ltd,Prentice Holdings Ltd,Cretown Corporate Advisory BV",210.00,"Cash", ,"Completed"
"M&A",2020/6/11,"Dublgis OOO","O2O Holding LLC","Baring Vostok Capital Partners Ltd/Russia (Fund: Baring Vostok Private Equity Fund V LP),RTP Global",204.63,"Cash", ,"Completed"
"INV",2025/12/29,"Selectel Co Ltd","Catalytic People IPJSC","Moscow Exchange MICEX-RTS PJSC,LVL1 Management Ltd",204.00,"Cash",16.38,"Completed"
"INV",2017/7/12,"Cherkizovo Group PJSC","Private Investor","Prosperity Capital Management SICAV - Russian Prosperity Fund Luxembourg",200.20,"Cash",3.74,"Completed"
"M&A",2001/7/27,"Russian/Baltic bottling ops","Coca Cola Hellenic Bottling Co SA","Coca-Cola Co/The",200.00,"Undisclosed", ,"Completed"
"M&A",2018/10/16,"Nevsky Center shopping mall","PPF Group NV","Lindex Group OYJ",198.12,"Cash", ,"Completed"
"M&A",2024/2/21,"Russian operations/Danone","Potential Buyer","Danone SA",191.69,"Cash", ,"Withdrawn"
"M&A",2003/8/19,"Comincom OAO","Golden Telecom Inc","Telenor ASA",190.96,"Stock", ,"Completed"
"M&A",2008/7/8,"Ducat II office ppty","Sponda Oy","LR Ducat Holding AB",185.00,"Cash", ,"Completed"
"M&A",2017/2/13,"Russian operations/Black Earth Farming","Volgo-DonSelkhozInvest LLC","Black Earth Farming Ltd",184.00,"Cash", ,"Completed"
"M&A",2016/10/26,"Grocery trade operations/Russia","Lenta International Co PJSC","Kesko Oyj",181.15,"Cash", ,"Completed"
"M&A",2006/12/12,"47 BP branded retail fuel stations","Sibir Energy Ltd","BP PLC",180.37,"Stock", ,"Completed"
"INV",2007/11/28,"Taas-Yuryakh Neftegazodobycha OOO","Ashmore Group PLC","Finfund Ltd",175.00,"Cash", ,"Completed"
"INV",2023/8/7,"Melon Fashion Group OAO","GEM Invest LLC","Eastnine AB",163.49,"Cash", ,"Completed"
"M&A",2022/4/14,"4 manufacturing units","Espetina Ltd","Huhtamaki Oyj",163.32,"Cash", ,"Completed"
"INV",2015/12/29,"Novorossiysk Fuel Oil Terminal LLC","Transneft PJSC","Gunvor Group Ltd",159.00,"Undisclosed", ,"Completed"
"M&A",2017/6/13,"Nezhdaninskoye Gold Mine","Pallavicino Holdings Ltd","UVGK Holdings Ltd",158.00,"Cash", ,"Pending"
"M&A",2012/9/5,"Draiv Klik Bank OOO","Sberbank of Russia PJSC","BNP Paribas SA",157.95,"Cash", ,"Completed"
"M&A",2017/7/17,"Nezhdaninskoye Gold Mine","Solidcore Resources PLC","Pallavicino Holdings Ltd",156.41,"Cash and Stock", ,"Completed"
"INV",2006/10/10,"St-Petersburg FGenaration Co","Fortum Oyj","RBS Holdings NV",152.00,"Cash", ,"Completed"
"INV",2012/5/30,"Sovcombank PJSC","Unnamed Buyer","Kardan NV",151.35,"Cash", ,"Completed"
"M&A",2007/4/5,"K&S Project","Aricom PLC","Philotus Holdings Ltd",151.30,"Stock", ,"Completed"
"M&A",2005/11/17,"Corbina Telecom","Private Investor,Svarog Capital Advisors Ltd (Fund: Renova Capital One)","IDT Corp",146.00,"Cash", ,"Completed"
"M&A",2022/6/17,"Chulbatkan gold deposit/Khabarovsk","Polyus PJSC","Fortiana Holdings Ltd",140.00,"Cash", ,"Pending"
"M&A",2015/8/14,"RN-GRP OOO/Moscow","Rosneft Oil Co PJSC","Trican Well Service Ltd",140.00,"Cash", ,"Completed"
"INV",2015/5/14,"Promsvyazbank PJSC","NPF Blagosostoyanie","Peters International Investment NV",138.14,"Undisclosed", ,"Completed"
"M&A",2014/9/16,"Dyckerhoff Korkino Cement OOO","Buzzi SpA","Lafarge SA",134.84,"Cash", ,"Completed"
"M&A",2013/11/8,"3 A&R Carton sites","Mayr Melnhof Karton AG","AR Packaging Sweden AB,A&R Carton Holding BV,AR Packaging GmbH",133.67,"Cash", ,"Completed"
"M&A",2023/3/1,"Volkswagen plant/Kaluga","Avilon AG ZAO","Volkswagen AG",131.80,"Cash", ,"Completed"
"M&A",2016/1/19,"A5 Pharmacy Chain","Pharmacy Chain 36.6 PJSC","Baring Vostok Capital Partners Ltd/Russia (Fund: Baring Vostok Private Equity Fund V LP),Unknown Seller",127.10,"Stock", ,"Completed"
"INV",2019/6/7,"Sintez PAO","Sistema PJSFC","Marathon Oil Corp",126.44,"Cash", ,"Completed"
"INV",2014/2/6,"Otkritie Bank OJSC","Otkritie Holding JSC","International Finance Corp",122.10,"Undisclosed", ,"Completed"
"M&A",2015/11/10,"Metropolis business center/Moscow","White Star Real Estate Sp zoo","Heitman LLC",120.00,"Cash", ,"Withdrawn"
"M&A",2008/7/31,"MPZ Kampomos OOO","Atria Oyj","Campofrio Food Group SA",116.93,"Cash", ,"Completed"
"M&A",2022/2/22,"Balttransservis OOO /St.Peterburg","Globaltrans Investment PLC","ND White Ltd",114.39,"Cash", ,"Pending"
"M&A",2023/6/10,"Russian Operations/Essity AB","NEW Technologies LLC","Essity AB",110.88,"Cash", ,"Completed"
"M&A",2007/5/30,"2 hotel Properties/St Petersburg","NR Nordic and Russia Properties Ltd","London & Regional Properties Ltd",110.03,"Cash", ,"Completed"
"M&A",2009/12/24,"Evrotel OAO","Mobile TeleSystems PJSC","Mortfield Holdings Ltd",110.00,"Cash", ,"Completed"
"M&A",2022/12/6,"KFC Russia Restaurant Business'/AMREST HOLDINGS","Almira OOO","AmRest Holdings SE",104.82,"Cash", ,"Completed"
"M&A",2018/1/22,"ESforce Holding Ltd","VK IPJSC","Private Investor,Walton CA Highland Falls Investment Corp",100.00,"Cash", ,"Completed"
"M&A",2017/2/21,"180 Russian KFC restaurants","Potential Buyer","Yum! Brands Inc",100.00,"Cash", ,"Withdrawn"
"M&A",2016/3/1,"Russian upstream assets/Vitol Group of Cos","Petrogrand AB","Vitol Holding BV",100.00,"Cash", ,"Withdrawn"
"M&A",2021/4/22,"Toyota & Audi retail operations","Sbsv OOO","Inchcape PLC",96.90,"Cash", ,"Pending"
"M&A",2022/4/6,"Russian Business / Hyve Group plc","Rise Expo ltd","Hyve Group PLC",94.15,"Cash", ,"Withdrawn"
"INV",2009/4/7,"Beleggingsmaatschappij Lemore BV","SSL International PLC","Abraca BV",92.89,"Cash", ,"Completed"
"M&A",2013/11/5,"Transles OOO","Rustranskom OOO","Wardhill Ltd",92.16,"Undisclosed", ,"Completed"
"M&A",2015/6/25,"Nevskaya Truboprovodnaya Kompaniya OOO","Gazprombank JSC","Gunvor Group Ltd",90.77,"Undisclosed", ,"Completed"
"INV",2006/2/3,"South-Verkhoyansk Mining Co OJSC","MMC Norilsk Nickel PJSC","Celtic Resources Holdings DAC",90.00,"Cash", ,"Completed"
"M&A",2017/11/6,"Logistics park/Moscow","Raven Property Group Ltd","Sever LLC",87.59,"Cash", ,"Completed"
"M&A",2017/1/20,"Three commercial properties/St Petersburg","Raven Property Group Ltd","Northern Horizon Capital Oy",82.20,"Cash", ,"Completed"
"INV",2023/11/17,"Transmashholding ZAO","Unnamed Buyer","Alstom SA",81.68,"Cash", ,"Completed"
"M&A",2011/9/1,"Volgograd-Gsm CJSC","Rostelecom PJSC","Nasdaq Inc",80.18,"Cash", ,"Completed"
"M&A",2022/4/28,"Russian business operations/Inchcape","Management Group","Inchcape PLC",79.90,"Cash", ,"Pending"
"M&A",2001/11/12,"Russian cellular phone assets","Tele2 AB","Millicom International Cellular SA",79.50,"Stock", ,"Completed"
"INV",2012/9/6,"Investgeoservis JSC","Gazprombank JSC","Silvergrove Oil & Gas Services Ltd",77.62,"Cash", ,"Completed"
"M&A",2011/8/31,"Russian Operations Of Orco","Unnamed Buyer","CPI FIM SA",76.37,"Cash", ,"Completed"
"M&A",2006/9/21,"2 Russian mining projects","AngloGold Ashanti Ltd","Trans-Siberian Gold PLC",76.04,"Cash", ,"Completed"
"M&A",2003/9/16,"LLC Geoilbent","NK YUKOS OAO","Harvest Natural Resources Inc",75.00,"Cash", ,"Completed"
"INV",2010/3/1,"Transmashholding ZAO","Alstom SA","Breakers Investments BV/The",75.00,"Cash",8.48,"Completed"
"M&A",2009/9/28,"Car distribution business","Mitsubishi UFJ Financial Group Inc","Delance Ltd",72.00,"Cash", ,"Completed"
"M&A",2014/12/8,"Oriola-KD's Russian businesses","Apteki 366 OOO","Oriola Oyj",68.75,"Cash", ,"Completed"
"M&A",2009/1/26,"Korimos OAO","Gazpromneft - Moscow Oil Refinery","Sibir Energy Ltd",68.00,"Cash", ,"Completed"
"M&A",2003/4/1,"Russian business units","Adamant Advisory Services","MIG LLC",63.60,"Cash and Debt", ,"Completed"
"M&A",2001/8/20,"Permtex","LUKOIL PJSC","Capital Group Cos Inc/The",60.92,"Cash", ,"Completed"
"M&A",2022/3/31,"Business activities/Russia","Unnamed Buyer","CNH Industrial NV",60.00,"Cash", ,"Completed"
"M&A",2013/1/30,"Aeroferst ZAO","Arial CJSC","Aeroflot PJSC,daa plc",57.54,"Cash", ,"Completed"
"M&A",2008/5/30,"Derlingo sro,Sodetal SAS","Saarstahl AG","Kohlberg & Co LLC",51.00,"Cash", ,"Completed"
"M&A",2009/4/24,"Russian Alcohol Group JSC","Roust Corp","Lion Capital LLP",50.81,"Cash and Stock", ,"Completed"
"M&A",2006/1/31,"Stockmann-Krasnoselskaya ZAO","Industria de Diseno Textil SA","Lindex Group OYJ",50.52,"Cash", ,"Completed"
"INV",2019/9/13,"Internet Resheniya OOO","Baring Vostok Capital Partners Ltd/Russia,Sistema Venchur Kepital AO","RTP Global",49.82,"Cash", ,"Completed"
"M&A",2012/7/18,"Warehouse at Sholokhovo","Raven Property Group Ltd","Stonehage Fleming UK Ltd",49.75,"Cash", ,"Completed"
"M&A",2008/4/9,"Svetloye OOO","Gazprombank JSC","Lundin Gold Inc",47.75,"Cash", ,"Completed"
"M&A",2012/6/14,"Bakhrushina House office building","Sponda Oy","Ufg Real Estate Managers",47.00,"Cash", ,"Completed"
"M&A",2013/2/27,"Aviva Sk ZAO","NPF Blagosostoyanie","Aviva PLC",45.85,"Cash", ,"Completed"
"M&A",2015/10/26,"Russian & international pay-TV businesses","Baring Vostok Capital Partners Ltd/Russia,Synergy OOO","Modern Times Group MTG AB",45.50,"Cash", ,"Completed"
"M&A",2018/12/5,"Warehouse building/Nizhny Novgorod","Raven Property Group Ltd","Amstar Group LLC",42.08,"Cash", ,"Completed"
"M&A",2010/8/4,"Kulon Estate ZAO","Casebre Holdings Ltd","Raven Property Group Ltd",42.00,"Cash", ,"Completed"
"M&A",2016/11/24,"Rosno MS OAO","VTB Bank PJSC","Allianz SE",41.17,"Undisclosed", ,"Completed"
"INV",2007/7/20,"ID Komsomolskaya Pravda AO","ESN Group","APR Media Holding AS",41.00,"Cash", ,"Completed"
"M&A",2016/6/1,"Petro Tools Holding AS,Trican Completion Solutions Ltd,Tricon Completion Solutions LLC,Trican Completion Solutions LLC/Russia","NOV Inc","Trican Well Service Ltd",40.85,"Cash and Stock", ,"Completed"
"M&A",2006/9/21,"AS Angarskaya Proizvodstvennaya Kompaniya OOO,GRK Amikan OOO","AngloGold Ashanti Ltd","Trans-Siberian Gold PLC",40.00,"Cash", ,"Completed"
"M&A",2014/10/27,"Wikimart OOO","Private Investor","Tiger Global Management LLC",40.00,"Cash", ,"Completed"
"M&A",2010/7/6,"Tamilino property","Sberbank of Russia PJSC","CPI Europe AG",39.00,"Cash", ,"Completed"
"M&A",2011/7/28,"Maminskoye Gold","Stanhigh Ltd","Frontier Mining Ltd",37.45,"Cash", ,"Completed"
"M&A",2006/10/5,"Development project","Kazzinc Ltd","Highland Gold Mining Ltd",36.00,"Cash", ,"Completed"
"M&A",2018/8/13,"Warehouse building/Moscow","Raven Property Group Ltd","Astreya OOO,Sever LLC",35.94,"Cash", ,"Completed"
"M&A",2008/7/10,"Nordus Hotel ZAO","Wenaas Group","SRV Group Oyj",35.50,"Cash", ,"Completed"
"M&A",2009/9/18,"Ozernoe zinc project","MBC Resources Ltd","Lundin Mining Corp",35.00,"Cash", ,"Completed"
"M&A",2006/4/11,"Carrington Wire Ltd","Severstal PAO","Acertec Ltd",34.92,"Cash", ,"Completed"
"M&A",2003/9/4,"Mayskoye JSC","Highland Gold Mining Ltd","Deerfield Universal Inc",34.90,"Cash", ,"Completed"
"M&A",2015/7/7,"Q-Park logistics park in Kazan,Class A Tower Office Center Kutuzoff,Large Univermag Shopping Centre","Unnamed Buyer","Alfa Group ZAO,Irish Bank Resolution Corp Ltd",34.00,"Cash", ,"Pending"
"M&A",2016/2/5,"Tobolsk CHP LLC","Sibur Holding PAO","Fortum Oyj",33.42,"Cash", ,"Completed"
"M&A",2007/7/31,"Miheevskoye copper-gold project","Russian Copper Co ZAO","Celtic Resources Holdings DAC",33.00,"Cash", ,"Completed"
"M&A",2006/2/17,"AP Apteka Holding Ltd","WBA Holdings 1 Ltd","Carlyle Group Inc/The",31.31,"Cash", ,"Completed"
"INV",2004/11/11,"Krasnoyarskgazprom OAO","Emerald Energy PLC","Star Capital Research Ltd",30.28,"Stock", ,"Terminated"
"M&A",2007/12/21,"Office building/St Petersburg","BEVEST ASA","Russian Real Estate Investment Co AB",30.00,"Cash", ,"Completed"
"M&A",2012/8/3,"SovCo Capital Partners BV","Galaxytime Trading Ltd","Sovco Capital Partners Holding BV",30.00,"Cash", ,"Completed"
"M&A",2009/9/2,"Lagansky Block","Gunvor Group Ltd","Orron Energy ab",30.00,"Cash", ,"Completed"
"M&A",2000/8/10,"Tura Petroleum Co ZAO","Tyumen Oil Co","Ivanhoe Energy Inc",29.02,"Cash", ,"Completed"
"M&A",2015/11/3,"Rostov cluster","Ellania Business Inc","Agromino A/S",27.40,"Cash", ,"Completed"
"M&A",2021/12/28,"Krasnobor ZAO","Cherkizovo Group PJSC","Russia Partners Management LLC,Unknown Seller",25.76,"Cash", ,"Pending"
"INV",2004/11/26,"Evikhon OAO","Sibir Energy Ltd","Dana Petroleum Ltd",25.71,"Cash and Stock", ,"Completed"
"INV",2012/3/26,"Nevskaya Truboprovodnaya Kompaniya OOO","Transneft PJSC","Gunvor Group Ltd",25.32,"Cash", ,"Completed"
"M&A",2007/11/5,"Tominskoye copper project","Russian Copper Co ZAO","Celtic Resources Holdings DAC,Anime Global Ltd",25.00,"Cash", ,"Completed"
"M&A",2013/9/17,"GDK Berelekh OAO","Sysymanzoloto OAO","Petropavlovsk PLC",25.00,"Cash", ,"Completed"
"M&A",2014/4/2,"Burger King Rus LLC","Private Investor","VTB Capital PLC",25.00,"Cash", ,"Completed"
"M&A",2022/12/15,"3 Russian packaging converting operations/MONDI PLC","GOTEC Gorschlueter GmbH","Mondi PLC",24.77,"Cash", ,"Completed"
"M&A",2012/2/1,"Stolichnoye Kreditnoye Tovarishchestvo OAO","Alor Group","Societe Generale SA",23.24,"Cash", ,"Completed"
"M&A",2014/11/24,"ZDP Koboldo OAO","Rosszoloto LLC","Petropavlovsk PLC",22.29,"Cash", ,"Terminated"
"M&A",2012/12/5,"ZRK Omchak CJSC","Sysymanzoloto OAO","Petropavlovsk PLC",21.65,"Cash", ,"Completed"
"M&A",2014/4/3,"Podgornoe and Ostrogozhsk assets","Avangard-Agro JSC","Black Earth Farming Ltd",21.10,"Cash", ,"Completed"
"M&A",2003/1/31,"StavTeleSot CJSC","Vimpel-Communications PJSC","Telenor ASA",20.68,"Undisclosed", ,"Completed"
"M&A",2004/11/22,"Dukat silver mine","Polymetal JSC","Pan American Silver Corp",20.67,"Cash", ,"Completed"
"INV",2011/7/22,"Melon Fashion Group OAO","Eastnine AB","Swedfund International AB",20.11,"Cash", ,"Completed"
"INV",2003/3/4,"Nizhny Novgorod Cellular Communications","VolgaTelecom","RTDC Holdings Inc",20.00,"Undisclosed", ,"Completed"
"M&A",2007/5/25,"Severgal ZAO","Severstal PAO","ArcelorMittal SA",20.00,"Cash", ,"Completed"
"M&A",2013/9/19,"Vysokogorskij Gornoobogatitelnyj Kombinat","NPRO Ural","Evraz PLC",20.00,"Cash",0.37,"Completed"
"M&A",2008/8/8,"Omggk AO","Dukat Mining and Geological Co","Kinross Gold Corp",20.00,"Cash", ,"Completed"
"M&A",2016/10/3,"Pixonic LLC","VK IPJSC","Kite Ventures,Ventech SAS (Fund: Ventech Capital III),TA Ventures,Addventure Venture Capital Fund (Fund: Addventure II)",20.00,"Cash", ,"Completed"
"M&A",2020/10/22,"Synterra Media JSC","Rostelecom PJSC","MTT OAO",19.64,"Cash", ,"Pending"
"M&A",2015/4/20,"ZDP Koboldo OAO","Global Polymetall LLC","Petropavlovsk PLC",17.69,"Cash", ,"Pending"
"M&A",2007/6/4,"Voikovskaya Building/Moscow","MMC Norilsk Nickel PJSC","ING Groep NV",16.99,"Cash", ,"Completed"
"M&A",2016/4/29,"OOO Ilyinskoye LLC","Yuzhuralzoloto ZAO","Petropavlovsk PLC",16.50,"Cash", ,"Pending"
"M&A",2001/2/27,"Russian assets","NK YUKOS OAO","Dundee Energy Ltd",15.99,"Cash", ,"Completed"
"INV",2005/11/8,"Hansabank OAO","European Bank for Reconstruction & Development","Swedbank AB",15.43,"Cash", ,"Completed"
"M&A",2014/6/6,"Affair OOO","Management Group,Kontron AG","Kontron AG",15.00,"Cash", ,"Completed"
"INV",2004/4/12,"ST Goloil ZAO","RussNeft PJSC","Caerus Operating LLC",15.00,"Cash", ,"Completed"
"M&A",2007/10/26,"Omolonskaya Zolotorudnaya Kompaniya OAO","Polymetal JSC","Kinross Gold Corp",15.00,"Cash", ,"Completed"
"M&A",2023/8/11,"Russian assets/Magna International Inc","Unnamed Buyer","Magna International Inc",15.00,"Cash", ,"Completed"
"M&A",2017/8/15,"Blackburn OAO","Alvogen Inc","Perrigo Co PLC",14.91,"Cash", ,"Completed"
"M&A",2013/3/1,"GeoStream Services Group OOO","Key Energy Services Inc","Glenavon Group SA",14.60,"Cash", ,"Completed"
"M&A",2006/6/5,"Enter Logistic CJSC","Lebedyansky JSC","Enter Consorcio Espanol de Distribucion Exterior SA",14.39,"Cash", ,"Completed"
"M&A",2004/7/9,"Various communications and media businesses","Communicorp Corp","MIG LLC",14.25,"Cash", ,"Completed"
"M&A",2012/12/11,"Olymp Ltd","Solidcore Resources PLC","Talisman Metals PLC",13.60,"Stock", ,"Completed"
"M&A",2008/4/9,"Svetloye gold project","Lundin Gold Inc","Freeport-McMoRan Exploration Corp",13.39,"Cash and Stock", ,"Completed"
"M&A",2008/10/15,"Valderama Investments Ltd","Rosinter Restaurants Holding PJSC","Rostik Investment Group Inc",12.20,"Cash", ,"Completed"
"M&A",2014/12/4,"Arkhangelsk assets","Unnamed Buyer,Lesozavod 25 OOO","RusForest AB",11.62,"Cash", ,"Completed"
"M&A",2015/9/30,"42 apartments","Ovaro Kiinteistosijoitus Oyj","YIT Oyj",11.52,"Cash", ,"Pending"
"INV",2008/1/15,"Rosbunker OOO","GTL Terminals Ltd","Goulding Partners Inc",11.31,"Cash and Stock", ,"Completed"
"M&A",2011/6/14,"Assets of Russian Retail Banking Business","Citigroup Inc","HSBC Holdings PLC",10.98,"Cash", ,"Completed"
"M&A",2011/7/31,"Ambassador brand","Strauss Coffee BV","Sucafina SA",10.40,"Cash", ,"Completed"
"M&A",2010/7/2,"Tambeyneftegas","Novatek PJSC","Gazprombank JSC,Volga Group/The",10.00,"Cash", ,"Completed"
"M&A",2022/11/29,"Office building/KMC Properties ASA","Unnamed Buyer","BEVEST ASA",9.93,"Cash", ,"Completed"
"M&A",2024/2/21,"Russian operations/Wienerberger AG","Private Investor","Wienerberger AG",9.73,"Cash", ,"Completed"
"M&A",2022/10/17,"Telko OOO","TD Khimik AO","Aspo Oyj",9.35,"Undisclosed", ,"Completed"
"M&A",2010/6/25,"Svetloye gold project","Polymetal JSC","Lundin Gold Inc",9.25,"Cash", ,"Completed"
"M&A",2018/2/12,"Kulturnaya Sluzhba OOO","Mobile TeleSystems PJSC","Cubichall Holdings Ltd",8.56,"Cash", ,"Completed"
"M&A",2001/4/11,"Taas-Yuryakh Neftegazodobycha OOO","Unnamed Buyer","Harbor Global Co Ltd",8.50,"Cash", ,"Completed"
"M&A",2014/3/3,"Boguchansky sawmill","Unnamed Buyer","RusForest AB",8.00,"Cash", ,"Completed"
"M&A",2016/6/22,"Century Project offices","MirLand Development Corp PLC","TMJK Holdings Ltd,Fadida Holdings Ltd",8.00,"Cash", ,"Completed"
"M&A",2009/2/2,"Russo-Forest Corp","Buffalo Coal Corp","Aberdeen International Inc,Orion Digital Corp,Forbes & Manhattan Inc,Lawrence Partners Fund,Technerego Ltd",7.95,"Stock", ,"Terminated"
"M&A",2015/12/9,"Intouch Strakhovanie OAO","NPF Blagosostoyanie","RSA Insurance Group LTD",7.58,"Cash", ,"Completed"
"M&A",2002/5/29,"Russian timber business","Successful Union Ltd","Harbor Global Co Ltd",7.55,"Cash and Debt", ,"Completed"
"M&A",2013/4/10,"Pedragon Investments Ltd","Fitzroy Ventures Ltd","Metro Baltic Horizons PLC",7.18,"Cash", ,"Completed"
"M&A",2002/5/22,"Vankor license/Siberia","TotalEnergies SE","Anglo Siberian Oil Co Ltd",6.98,"Undisclosed", ,"Terminated"
"M&A",2005/10/5,"Russian operations","Vostok Gas Ltd","Eniro Group AB",5.99,"Cash", ,"Completed"
"M&A",2023/6/15,"Coffee store/Russia","Private Investor","Starbucks Corp",5.99,"Cash", ,"Completed"
"M&A",2014/3/3,"Rusforest Angara OOO","Unnamed Buyer","RusForest AB",5.90,"Cash", ,"Completed"
"M&A",2015/11/27,"Stokmann AO/Moscow","Reviva Holdings Ltd","Lindex Group OYJ",5.30,"Cash", ,"Completed"
"INV",2015/12/22,"Unistream Commercial Bank JSC","Unnamed Buyer","Aurora Russia Ltd",4.97,"Cash", ,"Completed"
"M&A",2003/6/30,"Technocom Ltd LLC","Grosco Holding Ltd","MIG LLC",4.50,"Cash", ,"Completed"
"M&A",2014/7/11,"Lonas Tekhnologiya ZAO","Almaz Invest SRO","AFRY AB",4.41,"Cash", ,"Completed"
"INV",2023/8/2,"SRV Development LLC","Geomare Investments Ltd","SRV Group Oyj",4.40,"Cash", ,"Completed"
"M&A",2015/7/13,"Primorskoye property","Solidcore Resources PLC","Decamor Investments Ltd",4.35,"Stock", ,"Completed"
"M&A",2011/9/2,"Orenburg-GSM CJSC","Rostelecom PJSC","Nasdaq Inc",4.00,"Cash", ,"Completed"
"M&A",2019/10/18,"Pilot plant & technology","Evraz PLC","Rock Capital Partners LLC",3.89,"Cash", ,"Completed"
"M&A",2006/12/22,"Kondaneftegaz LLC","Siberian Energy Group Inc","Key Brokerage Inc",3.89,"Stock", ,"Completed"
"M&A",2003/10/1,"Baltic Communications ZAO","Peterstar ZAO","MIG LLC",3.80,"Cash", ,"Completed"
"M&A",2002/10/4,"Golden Line","Sistema PJSFC","Alcatel Lucent SAS",3.29,"Undisclosed", ,"Completed"
"M&A",2007/8/8,"Darasunsky Rudnik OOO","Uzhuralzoloto Group of Cos OJSC","Highland Gold Mining Ltd",3.00,"Cash", ,"Completed"
"INV",2015/4/29,"Incuron LLC","Private Investor","Statera Biopharma Inc",3.00,"Cash", ,"Completed"
"M&A",2007/4/10,"Satcom Tel JSC,Direct Net ZAO","Golden Telecom Inc","Consolidated Communications Corp PLC",2.90,"Cash", ,"Completed"
"M&A",2023/6/14,"Lineynoe OOO","Private Investor","PetroNeft Resources PLC,Sharmel Ltd",2.50,"Cash", ,"Withdrawn"
"M&A",2002/10/21,"Yellow Pages Ltd/Russia","Unnamed Buyer","MIG LLC",2.50,"Cash", ,"Completed"
"INV",2011/11/4,"Cameroon Holdings Ltd","Victoria Oil & Gas PLC","PR Marriott Drilling Ltd",2.50,"Cash", ,"Completed"
"M&A",2004/11/10,"Big Sky Energy Atyrau Ltd","Big Sky Energy Corp","VTEX Energy Inc",2.40,"Undisclosed", ,"Completed"
"M&A",2021/1/15,"Licence 67/Tomsk Oblast","PetroNeft Resources PLC","Sharmel Ltd",2.35,"Cash and Stock", ,"Completed"
"M&A",2018/5/11,"16 Pizza Hut delivery & express restaurants/Russia","AmRest Holdings SE","Yum! Brands Inc",2.30,"Cash", ,"Pending"
"INV",2004/3/19,"Ideloil OAO","Investor Group","Aminex PLC",2.20,"Cash", ,"Completed"
"M&A",2006/6/23,"ALS Group","Novomatic Gaming Industries GmbH","Novomatic AG",1.63,"Cash", ,"Completed"
"M&A",2022/4/29,"Nordik Niyutrishyen OOO","Kopeker Agro OOO","Raisio Oyj",1.58,"Cash", ,"Completed"
"M&A",2004/3/26,"Arkhangelsk Television Co","Star Broadband Ltd","MIG LLC",1.50,"Cash", ,"Completed"
"INV",2008/10/16,"Kopylovskoye OOO","Investor Group","Auriant Mining AB",1.34,"Cash", ,"Completed"
"INV",2016/6/27,"Soligran ZAO","Nikos ZAO","Solvay SA",1.07,"Undisclosed", ,"Completed"
"INV",2015/4/29,"Incuron LLC","Private Investor","Statera Biopharma Inc",1.00,"Cash", ,"Pending"
"M&A",2013/7/19,"Borei OOO","Unnamed Buyer","Selena Oil & Gas Holding AB",0.80,"Cash", ,"Completed"
"INV",2004/3/26,"Cosmos","Star Broadband Ltd","MIG LLC",0.70,"Cash", ,"Completed"
"INV",2021/4/23,"Siberian Goldfields Ltd","Unnamed Buyer","GRIT Investment Trust PLC",0.68,"Cash", ,"Completed"
"M&A",2009/12/21,"Certain Assets,Kalmeastern CJSC","Private Investor","Orron Energy ab",0.50,"Cash", ,"Completed"
"INV",2016/4/29,"Verkhnetisskaya Ore Mining Co JSC","Private Investor,Yuzhuralzoloto ZAO","Petropavlovsk PLC,Krasnoyarskgeologiya",0.50,"Cash", ,"Completed"
"M&A",2019/4/25,"Zapadnye Vorota LLC","Evraz PLC","Private Investor,Cybersun Ltd",0.40,"Cash", ,"Completed"
"INV",2009/12/22,"Rambler Media Ltd","Interros Holding Co","ING Groep NV",0.39,"Cash",0.43,"Completed"
"INV",2018/1/24,"Kosvinsky Kamen ZAO","Private Investor","Eurasia Mining PLC",0.35,"Cash", ,"Completed"
"M&A",2013/11/20,"Abakansky Rudnik LLC,Abaza-Energo LLC,Teisky Rudnik LLC,Teisky Energoseti LLC","Ruda Khakasii LLC","Evraz PLC",0.30,"Cash", ,"Completed"
"INV",2013/7/10,"Verkhnetisskaya Ore Mining Co JSC","Krasnoyarskgeologiya","Petropavlovsk PLC",0.17,"Cash", ,"Completed"
"M&A",2009/4/29,"ZK Maiskoe OOO","Unnamed Buyer","Highland Gold Mining Ltd",0.13,"Cash", ,"Completed"
"INV",2009/4/29,"ZK Maiskoe OOO","Polymetal JSC","Highland Gold Mining Ltd",0.01,"Cash", ,"Completed"
"M&A",2013/10/16,"Shakhta Gramoteinskaya OOO","Lehram Capital Investments Ltd","Evraz PLC",0.00,"Cash", ,"Completed"
"M&A",2023/8/25,"Certain assets/Heineken NV","DKK Zao","Heineken NV",0.00,"Cash", ,"Completed"
"M&A",2022/4/27,"Avtovaz PJSC","Unnamed Buyer","Renault SA",0.00,"Cash", ,"Completed"
"M&A",2011/1/17,"Pechora Energy Co LLC,VIK OJSC","Kuwait Energy Co","Altima Partners LLP",N/A,"Undisclosed", ,"Completed"
"M&A",2011/1/13,"Douglas's Russian Operations","Rustiset Holdings Ltd","Douglas Holding AG",N/A,"Cash", ,"Completed"
"M&A",2011/1/18,"Banque Societe Generale Vostok,DeltaCredit Bank JSC,Rusfinans Bank OOO","Rosbank PJSC","Societe Generale SA",N/A,"Undisclosed", ,"Completed"
"INV",2011/6/14,"REN TV","Natsionalnaya Media Gruppa ZAO","RTL Group SA",N/A,"Undisclosed", ,"Completed"
"M&A",2011/7/5,"Khabarovskiy Airport","Incheon International Airport Corp","Panadero Investvents Ltd,Quartz-Invest",N/A,"Cash", ,"Completed"
"M&A",2011/7/22,"Getica OOH,News Outdoor Russia LLC","ABH Holdings SA,Nooh Investment Cooperatif,VTB Capital JSC","TFCF Corp",N/A,"Undisclosed", ,"Completed"
"INV",2011/8/1,"Silovyye Mashiny-ZTL LMZ Elektrosila Energomasheksport PAO","Highstat Ltd","Siemens AG",N/A,"Undisclosed", ,"Completed"
"M&A",2011/7/15,"Kontinent OOO","Natsionalnaya Media Gruppa ZAO","Russian Media Group LLC",N/A,"Undisclosed", ,"Completed"
"M&A",2011/9/28,"Novosibirsk International Airport LLC","Aeroport Tolmachevo OAO","TS Trans Siberia Co Ltd",N/A,"Undisclosed", ,"Completed"
"M&A",2011/10/7,"Russian Potential Field","Unnamed Buyer","Getech Group PLC",N/A,"Cash", ,"Completed"
"M&A",2011/10/25,"Expobank LLC","Private Investor","Barclays PLC",N/A,"Cash", ,"Completed"
"M&A",2011/4/26,"Norvik Banka JSC","Unnamed Buyer","Straumborg ehf",N/A,"Undisclosed", ,"Completed"
"M&A",2011/5/5,"FM Logistic Industrial Park","Hines Global REIT Inc","AIG Global Real Estate Investment Corp",N/A,"Undisclosed", ,"Completed"
"M&A",2011/1/13,"Rivoli OOO /Saint Petersburg","Rive Gauche/St Petersburg","Douglas Holding AG",N/A,"Undisclosed", ,"Completed"
"M&A",2011/4/13,"Tikhvinskiy KLPKh ZAO","International Paper Co","UPM-Kymmene Oyj",N/A,"Undisclosed", ,"Completed"
"M&A",2011/5/25,"Baikal international airport","Gruppa Kompaniy Metropol OOO","AI Airports International Ltd ADC",N/A,"Cash", ,"Completed"
"M&A",2026/4/20,"Flocktory","Alfa-Bank CJSC","QIWI plc",N/A,"Cash", ,"Completed"
"M&A",2021/1/12,"Fertilizer plant/Alfa-Bank AO","Uralkali PJSC","ABH Holdings SA",N/A,"Cash", ,"Completed"
"M&A",2018/11/21,"Westwing Russia","Elbrus Capital OOO","Westwing Group SE",N/A,"Cash", ,"Completed"
"INV",2018/11/28,"Russian Towers OOO","UFG Asset Management","Macquarie Group Ltd",N/A,"Cash", ,"Completed"
"M&A",2006/3/7,"Four radio stations/RU","Lagardere SA","Warburg Pincus LLC",N/A,"Cash", ,"Completed"
"M&A",2005/12/12,"Royal Brinkers","Orkla ASA","RBH International",N/A,"Undisclosed", ,"Completed"
"M&A",2005/12/21,"4 oil producing & refining units","RussNeft PJSC","BP PLC",N/A,"Undisclosed", ,"Completed"
"M&A",2006/2/8,"Sales ops in Moscow & Vilnius","Nobel Biocare Holding AG","Chicago Center for Advanced Dentistry",N/A,"Cash", ,"Completed"
"INV",2006/2/17,"Pivovarnja Moskva-Jefes ZAO","Efes Breweries International NV","Amsterdam Brewery Investment BV",N/A,"Undisclosed", ,"Completed"
"M&A",2006/2/28,"Unnamed restaurant","Sberbank CIB CJSC","Anheuser-Busch InBev SA/NV",N/A,"Cash", ,"Completed"
"INV",2026/5/7,"AO Bank Onego","Potential Buyer","UniCredit SpA",N/A,"Cash", ,"Proposed"
"M&A",2018/3/5,"O1 Properties Ltd","Zheleznodorozhnoe Reklamnoe Agentstvo Laisa ZAO","O1 Group Ltd",N/A,"Undisclosed", ,"Completed"
"M&A",2018/3/14,"RosEvroBank","Cooperatie SovCo Capital Partners UA","REG Holding Ltd",N/A,"Undisclosed", ,"Completed"
"M&A",2018/3/26,"Granifert LLC","KuibyshevAzot PJSC","Trammo Inc",N/A,"Undisclosed", ,"Pending"
"INV",2019/11/12,"Icon Soft LLC","Glonass ZAO","DXC Technology Co",N/A,"Undisclosed", ,"Withdrawn"
"M&A",2019/10/3,"Intourist VAO OAO","Potential Buyer","Thomas Cook Group PLC",N/A,"Undisclosed", ,"Withdrawn"
"M&A",2019/10/28,"Southside regional medical center/Petersburg,Southampton memorial hospital/Franklin,Southern Virginia Regional Medical Center/Emporia","Mercy Health Network","Community Health Systems Inc",N/A,"Cash", ,"Completed"
"M&A",2018/1/5,"Moscow studio & titles","Private Investor","Glu Mobile Inc",N/A,"Cash and Debt", ,"Completed"
"M&A",2019/9/23,"UFK TEMI LLC","Petropavlovsk PLC","Agestinia Trading Ltd",N/A,"Cash and Stock", ,"Pending"
"M&A",2019/9/24,"Non-Performing Credit Portfolio/Russia","EOS Holding GmbH","UniCredit SpA",N/A,"Cash", ,"Completed"
"M&A",2019/9/25,"Busfor LLC","Comuto SA","VNV Global Ltd,Intel Capital Corp (Fund: Intel Capital Connected Car Fund),Baring Vostok Capital Partners Ltd/Russia (Fund: Baring Vostok Private Equity Fund V LP),Elbrus Capital OOO (Fund: Elbrus Capital Fund I LP),Inventure Partners,Finsight Ventures",N/A,"Cash", ,"Completed"
"M&A",2003/12/15,"Chemelt OOO","Aricom PLC","Petropavlovsk PLC",N/A,"Undisclosed", ,"Completed"
"M&A",2003/12/15,"Titanium interests","Aricom PLC","Petropavlovsk PLC",N/A,"Undisclosed", ,"Completed"
"M&A",2003/12/26,"CB Mosnarbank","Evrofinance Mosnarbank OAO","VTB Capital PLC",N/A,"Undisclosed", ,"Completed"
"M&A",2004/4/5,"Pechoraneftegaz ZAO","Caerus Operating LLC","Samson International Resources",N/A,"Undisclosed", ,"Terminated"
"INV",2018/8/9,"Stroigazkonsalting OOO","Unnamed Buyer","United Capital Partners Inc",N/A,"Undisclosed", ,"Completed"
"INV",2018/4/4,"Sim Telecom OOO","Unnamed Buyer","VEON Ltd",N/A,"Undisclosed", ,"Completed"
"M&A",2004/12/8,"Natur Produkt Interneshnl ZAO","Svarog Capital Advisors Ltd","European Bank for Reconstruction & Development,Management Group",N/A,"Cash", ,"Completed"
"M&A",2005/6/21,"CRES NEVA processing facility","Japan Tobacco Inc","Old Holdco Inc",N/A,"Undisclosed", ,"Completed"
"M&A",2005/6/27,"Employees/ lawyers in Russia","DLA Piper LLP","Ernst & Young International Ltd",N/A,"Undisclosed", ,"Completed"
"INV",2021/5/13,"AR Oil & Gaz BV","Private Investor","Repsol SA",N/A,"Undisclosed", ,"Pending"
"M&A",2021/5/17,"Korund-Tsiana AO","Invest KC LLC","GEM Capital AG,Industry Partners Corp",N/A,"Cash", ,"Completed"
"M&A",2021/5/27,"Power plants/Russia","Inter RAO UES PJSC","Uniper SE",N/A,"Cash", ,"Withdrawn"
"M&A",2021/5/28,"Sovmestnoye Predpriyatiye Volgodeminoyl OOO","LUKOIL PJSC","BASF SE",N/A,"Undisclosed", ,"Completed"
"M&A",2021/2/15,"PIT Produkt Group","Cherkizovo Group PJSC","Atria Oyj",N/A,"Undisclosed", ,"Completed"
"M&A",2007/2/21,"Metropolis shopping center","Unibail-Rodamco-Westfield","Capital Partners Inc/Greenwich CT",N/A,"Cash", ,"Completed"
"INV",2007/2/22,"Zvezdochka Engineering OOO","Akastor ASA","Bergen Group Kimek Offshore AS",N/A,"Undisclosed", ,"Completed"
"M&A",2007/1/11,"Vanyeganneft Ooo Sp","RN Holding OAO","Occidental Petroleum Corp",N/A,"Undisclosed", ,"Completed"
"M&A",2006/5/31,"Marktkauf Rus OOO,Avtotorgservis OOO","Real-Gipermarket OOO","AVA Allgemeine Handelsgesellschaft der Verbraucher AG",N/A,"Undisclosed", ,"Completed"
"M&A",2006/6/22,"Gazprom Marketing & Trading Retail Ltd","Gazprom PJSC","Pennine Natural Gas Ltd",N/A,"Cash", ,"Completed"
"M&A",2006/10/31,"Rambler Media Ltd","Interros Holding Co","Endicott Holdings Ltd",N/A,"Cash", ,"Completed"
"M&A",2006/8/30,"Sberbank CIB CJSC","Sberbank CIB CJSC","Hansa AG",N/A,"Undisclosed", ,"Completed"
"M&A",2006/4/21,"FM SEVO","American International Group Inc","FM Logistic Corporate SAS",N/A,"Undisclosed", ,"Completed"
"M&A",2006/7/11,"Astelit","Comstar United Telesystems OJSC","Telecom Italia SpA/Milano",N/A,"Undisclosed", ,"Completed"
"M&A",2004/6/4,"TNK & Texaco Lubricants Co","Rosneft Holding Ltd","Chevron Corp",N/A,"Undisclosed", ,"Completed"
"M&A",2004/6/30,"LUKAgip NV","LUKOIL PJSC","Eni SpA",N/A,"Undisclosed", ,"Completed"
"M&A",2004/5/27,"Pechora Power Station","Wenstead Ltd","UBS AG",N/A,"Undisclosed", ,"Completed"
"M&A",2003/3/3,"Independent Media Holding BV","Unnamed Buyer","Nielsen Co BV/The",N/A,"Undisclosed", ,"Completed"
"M&A",2003/6/30,"Russian business ops","Millhouse Capital UK Ltd","Bausch Health Americas Inc",N/A,"Cash", ,"Completed"
"M&A",2002/3/8,"Russian custody business","ING Groep NV","Credit Suisse Group AG",N/A,"Undisclosed", ,"Completed"
"M&A",2002/3/21,"Arthur Andersen ZAO","Ernst & Young Europe LLP","Arthur Andersen LLP/United States",N/A,"Undisclosed", ,"Completed"
"M&A",2002/8/12,"Russian mutual funds business","United Financial Group","Franklin Resources Inc",N/A,"Undisclosed", ,"Completed"
"INV",2003/10/1,"Trading House GUM PJSC","Unnamed Buyer","Franklin Resources Inc",N/A,"Undisclosed", ,"Completed"
"M&A",2004/1/1,"Kreker OAO","Management Group","European Bank for Reconstruction & Development",N/A,"Undisclosed", ,"Completed"
"M&A",2004/1/26,"Chok & Rolls cake business","Danone SA","Chupa Chups SA",N/A,"Undisclosed", ,"Completed"
"M&A",2004/1/29,"Russian cable ops","Ion LP","Cable & Wireless Communications Ltd/Old",N/A,"Undisclosed", ,"Completed"
"M&A",2003/9/25,"Amurmetall OAO","Alfa-Bank AO","voestalpine AG",N/A,"Undisclosed", ,"Completed"
"M&A",2003/8/1,"Chelyabinsk Zinc Plant PJSC","Chelyabinsk Pipe Plant PJSC","Vitol Holding BV",N/A,"Undisclosed", ,"Completed"
"INV",2003/8/28,"Vympelkom-R OAO","Vimpel-Communications PJSC","Telenor ASA",N/A,"Stock", ,"Completed"
"M&A",2005/10/7,"Yowenbrau beer/RU","Interbrew Plc","Heineken NV",N/A,"Cash", ,"Completed"
"M&A",2005/11/1,"30 Cable TV cos","Sistema Venchur Kepital AO","Jordan Industries Inc",N/A,"Cash", ,"Completed"
"INV",2005/7/5,"Pivoindustriya Primorye OAO","Alfa-Eco M OOO","Anheuser-Busch InBev SA/NV",N/A,"Cash", ,"Completed"
"INV",2020/7/9,"Linde Silovye Mashiny OOO","Severstal PAO","Linde PLC",N/A,"Undisclosed", ,"Completed"
"M&A",2020/7/16,"Chicken processing facility/Efremov","Cherkizovo Group PJSC","Cargill Inc",N/A,"Cash", ,"Completed"
"INV",2020/2/5,"Petropavlovsk PLC","Uzhuralzoloto Group of Cos OJSC","Aeon Mining Ltd",N/A,"Undisclosed", ,"Completed"
"M&A",2020/2/7,"Liberty Insurance JSC","SovCo Capital Partners BV","Liberty Mutual Holding Co Inc",N/A,"Undisclosed", ,"Completed"
"INV",2020/6/11,"Vagonmash LLC","Sinara Group AO","Kirovsky Plant,PPF Group NV",N/A,"Cash", ,"Completed"
"M&A",2020/5/15,"Embraco Eurosales Srl,Embraco Mexico S de RL de CV,Embraco Mexico Servicios S de R L de CV,Embraco North America Inc,Embraco Slovakia sro,Embraco RUS LLC,Embraco Industria de Compressores e Solucoes em Refrigeracao Ltda,Embraco US LLC","NIDEC CORP","Whirlpool Corp",N/A,"Undisclosed", ,"Withdrawn"
"INV",2020/5/25,"GV Gold Vysochaishy Pjsc","Private Investor","BlackRock Inc",N/A,"Cash", ,"Withdrawn"
"M&A",2020/4/29,"22-storey business center","Alrosa PJSC","Areti Group Ltd",N/A,"Cash", ,"Completed"
"INV",2020/11/20,"FESCO Transportation Group Managing Co Limite","Private Investor","TPG Capital LP/US",N/A,"Cash", ,"Completed"
"M&A",2020/9/3,"Vest Koll LTD OOO","VEON Ltd","Russia Partners Management LLC",N/A,"Cash", ,"Completed"
"M&A",2020/9/10,"Rus Gas Turbines Holdings BV","Inter RAO UES PJSC","General Electric Co",N/A,"Undisclosed", ,"Pending"
"INV",2020/8/26,"Eurotek-Yugra JSC","Gazprom Neft PJSC","Repsol SA",N/A,"Undisclosed", ,"Completed"
"INV",2019/2/6,"Elecsnet JSC","Credit Bank of Moscow PJSC","Elecsnet Holding Ltd",N/A,"Undisclosed", ,"Completed"
"M&A",2019/2/11,"ERGO Non-Life business/ERGO International AG","RESO-Garantia Insurance PJSC","Muenchener Rueckversicherungs-Gesellschaft AG in Muenchen",N/A,"Cash", ,"Pending"
"M&A",2019/2/13,"Russian business/Atria Oyj","Potential Buyer","Atria Oyj",N/A,"Cash", ,"Withdrawn"
"INV",2019/7/3,"Linde Silovye Mashiny OOO","Severstal PAO","Linde PLC",N/A,"Undisclosed", ,"Completed"
"M&A",2019/7/5,"75 fuel stations & terminal","Tatneft PJSC","Neste Oyj",N/A,"Cash", ,"Completed"
"M&A",2019/6/6,"FG Future PJSC","Investitsionnaya Kompaniya Region AO","Riverstretch Trading & Investments Ltd",N/A,"Undisclosed", ,"Withdrawn"
"M&A",2019/6/13,"Beef production and farming business/Inalca SpA","Russian Direct Investment Fund Management Co","Cremonini SpA",N/A,"Cash", ,"Pending"
"INV",2019/3/5,"RuRu","Beeline Inc","ABH Holdings SA",N/A,"Undisclosed", ,"Completed"
"M&A",2019/8/6,"Norauto RUS LLC","Kemp-Domodedovo OOO","Norauto France SAS",N/A,"Undisclosed", ,"Completed"
"M&A",2019/8/22,"Far East Russian business","Inzhenerno-Stroitelnaya Kompaniya LLC","Modern Machinery Co Inc",N/A,"Cash", ,"Completed"
"M&A",2000/3/20,"Kvaerner Vyborg Shipyard JSC","Ako Barss ZAO","Old Kvaerner Invest AS",N/A,"Undisclosed", ,"Completed"
"INV",2000/3/28,"Russian Telecommunications Development Corp","MCT Corp/Russia","Comcast MO Group LLC",N/A,"Undisclosed", ,"Completed"
"M&A",2001/2/21,"AO Volga paper plant","Alfa-Bank AO","KHD Humboldt Wedag Vermoegensverwaltungs-AG",N/A,"Undisclosed", ,"Completed"
"M&A",2001/7/30,"Neva Line ZAO","Telekominvest OAO","Alcatel Lucent SAS",N/A,"Undisclosed", ,"Completed"
"INV",2001/4/2,"Golden Telecom Inc","Investor Group,Baring Vostok Capital Partners Ltd/Russia (Fund: Baring Vostok Private Equity Fund II LP)","Global Telesystems Inc",N/A,"Cash", ,"Completed"
"M&A",2001/11/5,"MKS ZAO","Menatep Bank","CommScope Technologies LLC",N/A,"Undisclosed", ,"Completed"
"M&A",2001/11/5,"Magistral-Telecom","Menatep Bank","CommScope Technologies LLC",N/A,"Undisclosed", ,"Completed"
"M&A",2001/11/5,"Raskom AO","Menatep Bank","CommScope Technologies LLC",N/A,"Undisclosed", ,"Completed"
"M&A",2001/11/5,"Makomnet AO","Menatep Bank","CommScope Technologies LLC",N/A,"Undisclosed", ,"Completed"
"M&A",2001/11/5,"Metrokom ZAO","Menatep Bank","CommScope Technologies LLC",N/A,"Undisclosed", ,"Completed"
"M&A",2001/9/5,"DeltaCredit Bank JSC","US Russia Investment Fund LLC/The","JPMorgan Chase & Co",N/A,"Undisclosed", ,"Completed"
"M&A",2000/8/2,"Kharyaga oil field","LUKOIL PJSC","TotalEnergies SE",N/A,"Undisclosed", ,"Completed"
"M&A",2000/8/2,"Kharyaga oil field","LUKOIL PJSC","Norsk Hydro ASA",N/A,"Undisclosed", ,"Completed"
"M&A",2026/4/27,"Pavlik AO","Aurum Trade JSC","Gentlia Ltd",N/A,"Stock", ,"Completed"
"INV",2000/1/18,"Komiarktikoil OOO","Joint Venture","BG Group Ltd",N/A,"Undisclosed", ,"Completed"
"INV",2000/4/12,"Magnitogorsk Iron & Steel Works PJSC","Unnamed Buyer","Trans-World Metals SA",N/A,"Undisclosed", ,"Completed"
"M&A",2000/4/12,"Bogoslovsky","Unnamed Buyer","Trans-World Metals SA",N/A,"Undisclosed", ,"Completed"
"M&A",2020/12/2,"Payakha field","Rosneft Oil Co PJSC","Independent Petroleum Co Holdings CY Ltd",N/A,"Cash", ,"Withdrawn"
"M&A",2020/12/23,"General Motors Auto LLC","Hyundai Motor Co","General Motors Co",N/A,"Undisclosed", ,"Completed"
"M&A",2020/12/23,"Evotor LLC","Sberbank of Russia PJSC","ATOL Group SNC",N/A,"Undisclosed", ,"Pending"
"INV",2019/12/9,"GM-Avtovaz ZAO","Avtovaz PJSC","General Motors Co",N/A,"Undisclosed", ,"Pending"
"M&A",2019/12/27,"Liberty Insurance JSC","SovCo Capital Partners BV","Liberty Mutual Group Inc",N/A,"Cash", ,"Completed"
"M&A",2022/3/2,"Eurasian business","Potential Buyer","Aggreko PLC",N/A,"Cash", ,"Withdrawn"
"M&A",2022/3/3,"Russian Operations/Intesa Sanpaolo SpA","Potential Buyer","Intesa Sanpaolo SpA",N/A,"Cash", ,"Withdrawn"
"INV",2022/3/3,"Maxima Group LLC/Russia","Unnamed Buyer","TJX Cos Inc/The",N/A,"Undisclosed", ,"Completed"
"M&A",2022/3/7,"Russian assets/Carmignac Gestion SA","Potential Buyer","Carmignac Gestion SA",N/A,"Cash", ,"Withdrawn"
"INV",2022/3/11,"Globaltrans Investment PLC","Potential Buyer","AP Moller - Maersk A/S",N/A,"Undisclosed", ,"Withdrawn"
"M&A",2022/3/30,"Russia Assets/Kinross Gold Corp","Fortiana Holdings Ltd","Kinross Gold Corp",N/A,"Undisclosed", ,"Withdrawn"
"M&A",2022/3/31,"Talatu OOO","Unnamed Buyer","Teknos Group Oy",N/A,"Undisclosed", ,"Completed"
"M&A",2022/1/12,"Elmek AO","Aim Cosmetics Rus Ltd","Caverion Oyj",N/A,"Undisclosed", ,"Pending"
"INV",2022/1/12,"Portfolio of 2 russian asset/Repsol SA","Gazprom Neft PJSC","Repsol SA",N/A,"Cash", ,"Pending"
"M&A",2022/1/12,"Russian life insurance unit","SovCo Capital Partners BV","Talanx AG",N/A,"Cash", ,"Pending"
"M&A",2022/1/20,"Tambov Turkey LLC","Cherkizovo Group PJSC","Grupo Empresarial Fuertes SL",N/A,"Stock", ,"Completed"
"INV",2021/10/1,"Kvadrat S LLC","Baring Vostok Capital Partners Ltd/Russia","Oxalis Ltd/Cyprus",N/A,"Cash", ,"Completed"
"M&A",2021/10/4,"Yuzhgazenerdzhi OOO","Unnamed Buyer","JKX Oil & Gas Ltd",N/A,"Undisclosed", ,"Pending"
"M&A",2021/10/12,"Home Credit & Finance Bank OOO","OTP Bank Nyrt","PPF Financial Holdings BV",N/A,"Undisclosed", ,"Pending"
"M&A",2021/10/18,"Production Business/Russia","KDV Group OOO","Unilever PLC",N/A,"Cash", ,"Completed"
"M&A",2022/5/8,"petrol stations & lubrican plants/Russia","Potential Buyer","Shell PLC",N/A,"Undisclosed", ,"Withdrawn"
"M&A",2022/5/12,"Russia Assets/Fortum Oyj","Potential Buyer","Fortum Oyj",N/A,"Cash", ,"Withdrawn"
"M&A",2022/5/12,"Russian Assets/EPAM System Inc","Unnamed Buyer","EPAM Systems Inc",N/A,"Cash", ,"Pending"
"M&A",2022/5/16,"100 stores/Russia","FLO Magazacilik Ve Pazarlama AS","Authentic Brands Group Inc",N/A,"Cash", ,"Withdrawn"
"M&A",2022/5/16,"Russian assets of Renault","Russian Federation","Renault SA",N/A,"Cash", ,"Completed"
"M&A",2022/5/17,"Home Credit & Finance Bank OOO,Banking Assets/Russia","Investor Group","PPF Group NV",N/A,"Undisclosed", ,"Completed"
"M&A",2022/5/19,"Sakhalin-I oil & gas project","Potential Buyer","Exxon Mobil Corp",N/A,"Cash", ,"Withdrawn"
"M&A",2022/5/20,"Ivi.Ru OOO","Mobile TeleSystems PJSC","VTB Bank PJSC,Prof-Media Management LLC,Russian Direct Investment Fund Management Co,Tiger Global Management LLC (Fund: Tiger Global Private Investment Partners VII LP),Frontier Ventures (Fund: Frontier Ventures Fund),Baring Vostok Capital Partners Ltd/Russia (Fund: Baring Vostok Private Equi...",N/A,"Cash", ,"Pending"
"M&A",2022/5/23,"Russian Retail shops/ Levi Strauss","Potential Buyer","Levi Strauss & Co",N/A,"Undisclosed", ,"Withdrawn"
"M&A",2022/5/24,"Zurich Russia","Private Investor","Zurich Insurance Group AG",N/A,"Undisclosed", ,"Pending"
"M&A",2022/5/30,"Delfingen Russian Plant","Unnamed Buyer","DELFINGEN",N/A,"Undisclosed", ,"Completed"
"M&A",2022/6/2,"Russia assets/OC Oerlikon","Management Group","OC Oerlikon Corp AG",N/A,"Undisclosed", ,"Pending"
"M&A",2022/6/16,"PRISMA supermarkets & kitchen facility/St Petersburg","X5 Retail Group NV","SOK Retail Int Oy",N/A,"Cash", ,"Pending"
"M&A",2022/6/22,"Hotel business/St Petersburg","Private Investor","Suomen Osuuskauppojen Keskuskunta",N/A,"Cash", ,"Pending"
"M&A",2022/6/28,"Bussiness in Russia / Kone","S8 Capital AO","Kone Oyj",N/A,"Cash", ,"Completed"
"M&A",2022/6/28,"Russian operation","Management Group","Cie Generale des Etablissements Michelin SCA",N/A,"Cash", ,"Withdrawn"
"M&A",2022/6/28,"GTLK European Unit","Potential Buyer","Attestor Capital LLP",N/A,"Undisclosed", ,"Withdrawn"
"INV",2022/2/27,"Rosneft Oil Co PJSC","Unnamed Buyer","BP PLC",N/A,"Undisclosed", ,"Pending"
"M&A",2022/2/28,"Russian assets/Government Pension Fund Global","Potential Buyer","Government Pension Fund Global",N/A,"Cash", ,"Withdrawn"
"M&A",2022/7/1,"Expobank LLC,RESO-Garantia Insurance PJSC","Potential Buyer","Citigroup Inc",N/A,"Undisclosed", ,"Withdrawn"
"M&A",2022/7/3,"Russian operations/Schneider Electric SE","Management Group","Schneider Electric SE",N/A,"Cash", ,"Pending"
"M&A",2022/7/6,"Kharyaga oil field","Unnamed Buyer","TotalEnergies SE",N/A,"Cash", ,"Completed"
"M&A",2022/7/11,"Sephora Russia","Unnamed Buyer","LVMH Moet Hennessy Louis Vuitton SE",N/A,"Undisclosed", ,"Pending"
"M&A",2022/7/15,"Russian business/Danfoss","Management Group","Danfoss A/S",N/A,"Undisclosed", ,"Pending"
"M&A",2022/7/18,"Terneftegas ZAO","Novatek PJSC","TotalEnergies SE",N/A,"Undisclosed", ,"Completed"
"M&A",2022/7/21,"Russian unit/HSBC Holdings Plc","Expobank LLC","HSBC Holdings PLC",N/A,"Cash", ,"Pending"
"M&A",2022/7/27,"Russia business/Otis Worldwide Corp","S8 Capital AO","Otis Worldwide Corp",N/A,"Cash", ,"Pending"
"M&A",2022/7/28,"Car assembly site/Russia","Asia Auto","Volkswagen AG",N/A,"Cash", ,"Withdrawn"
"M&A",2022/7/29,"Portfolio of 2 glass plants unit/Russia","Private Investor","Koch Industries Inc",N/A,"Cash", ,"Completed"
"M&A",2022/8/1,"Oilfield Services Unit/Russia","Management Group","Baker Hughes Co",N/A,"Undisclosed", ,"Pending"
"M&A",2022/8/9,"Business operation/Russia","Potential Buyer","Kahrs Holding AB",N/A,"Cash", ,"Withdrawn"
"M&A",2022/8/26,"Car assembly plany/Moscow","Potential Buyer","Mercedes-Benz Group AG",N/A,"Cash", ,"Withdrawn"
"M&A",2022/8/29,"Global Ports Investments PLC","Delo Group","AP Moller - Maersk A/S",N/A,"Undisclosed", ,"Completed"
"M&A",2022/9/8,"NPP Burservis AO","Management Group","Halliburton Co",N/A,"Undisclosed", ,"Completed"
"M&A",2022/9/13,"Russian Auto Dealership Business/MAN Truck & Bus SE","Unnamed Buyer","Traton SE",N/A,"Cash", ,"Pending"
"M&A",2022/9/19,"Russia Oilseed Processing Plant and Business/Bunge Ltd","Private Investor","Bunge Global SA",N/A,"Cash", ,"Completed"
"M&A",2022/9/20,"Metropolis shopping center","Capital Partners LLC","California Public Employees' Retirement System,Hines Interests LP,Morgan Stanley (Fund: Morgan Stanley Real Estate Fund VII Global LP)",N/A,"Undisclosed", ,"Withdrawn"
"M&A",2022/9/27,"Emerson LLC,PG Metran AO","Management Group","Emerson Electric Co",N/A,"Undisclosed", ,"Completed"
"M&A",2021/3/25,"Orient Express Bank PJSC","SovCo Capital Partners BV","International Finance Corp,CB Uniastrum Bank LLC,Evison Holdings Ltd,Baring Vostok Capital Partners Ltd/Russia (Fund: Baring Vostok Private Equity Fund IV LP),Siguler Guff & Co LLC (Fund: Russia Partners Technology Fund LP),Unknown Seller",N/A,"Cash", ,"Pending"
"M&A",2021/3/25,"Rostov Grain Terminal LLC","Private Investor","Bunge Global SA",N/A,"Undisclosed", ,"Completed"
"M&A",2021/7/8,"Argayash coal fired heat & power plant","Rosatom Corp","Fortum Oyj",N/A,"Cash", ,"Completed"
"M&A",2021/7/27,"Pir Produkt JSC","Sistema PJSFC","Pruskanza Holding Ltd",N/A,"Undisclosed", ,"Completed"
"M&A",2021/7/29,"Altai Avia OOO","Sistema PJSFC","Resort-m LLC",N/A,"Undisclosed", ,"Completed"
"M&A",2007/5/7,"Patera ZAO","Atrium European Real Estate Ltd","Salustro Ltd",N/A,"Undisclosed", ,"Completed"
"M&A",2007/5/11,"American Hospital Group","Sistema PJSFC","Allianz SE",N/A,"Undisclosed", ,"Completed"
"INV",2007/5/11,"MedExpress","Sistema PJSFC","Allianz SE",N/A,"Undisclosed", ,"Completed"
"M&A",2007/10/11,"NZL AO","Management Group","Siemens AG",N/A,"Cash", ,"Completed"
"M&A",2007/10/15,"Severnaya Taiga Neftegaz","Gazprom PJSC","Chevron Corp",N/A,"Undisclosed", ,"Completed"
"M&A",2007/8/9,"Press Point International OOO,HDS CIS OOO","Sanoma Oyj","Lagardere SA",N/A,"Undisclosed", ,"Completed"
"M&A",2022/11/7,"Premiyum-SPA-Tekhnologii OOO","Private Investor","Harvia Oyj",N/A,"Undisclosed", ,"Pending"
"M&A",2022/11/14,"Sergeevskoe gold project/Russia","Unnamed Buyer","Orsu Metals Corp",N/A,"Cash", ,"Completed"
"M&A",2022/12/13,"Salym Petroleum Development NV","Gazprom Neft PJSC","Shell PLC",N/A,"Undisclosed", ,"Withdrawn"
"M&A",2022/12/14,"Business/Russia","Unnamed Buyer","Holcim AG",N/A,"Cash", ,"Pending"
"M&A",2022/12/15,"Local customer support business/Russia","Unnamed Buyer","Telefonaktiebolaget LM Ericsson",N/A,"Cash", ,"Pending"
"M&A",2022/12/30,"Vostok Oil OOO","Fossil Group Inc","Vitol Holding BV,Mercantile & Maritime Energy Pte Ltd",N/A,"Undisclosed", ,"Completed"
"M&A",2022/10/5,"Russia business/GB Foods Europa","Samyoung System Co Ltd","GB Foods Europa SL/The",N/A,"Cash", ,"Completed"
"M&A",2022/10/19,"Welding & painting operations/Russia","Private Investor","Volvo AB",N/A,"Cash", ,"Completed"
"M&A",2022/10/24,"Portfolio of KFC Restaurants","Management Group","Yum! Brands Inc",N/A,"Cash", ,"Completed"
"M&A",2022/10/25,"Portfolio of Zara Stores/ Russia","Azadea Sal","Industria de Diseno Textil SA",N/A,"Undisclosed", ,"Pending"
"M&A",2022/10/26,"Kesto AO,Kesto Family OOO,OOO Kiilto-Klei Ramenskoye","Bergauf Stroitelnye Technologies OOO","Kiilto Family Oy",N/A,"Undisclosed", ,"Completed"
"INV",2023/1/11,"HeadHunter Group PLC","Kismet Capital Group","Highworld Investments Ltd/Cyprus",N/A,"Undisclosed", ,"Completed"
"INV",2010/12/2,"Gazprom PJSC","VEB.RF GK","E.ON SE",N/A,"Cash", ,"Completed"
"M&A",2010/12/10,"Santander Consumer Bank ZAO","Orient Express Bank PJSC","Banco Santander SA",N/A,"Cash", ,"Completed"
"M&A",2010/12/16,"Siemens Finance OOO","Siemens AG","Delta Private Equity Partners,Capital International Inc (Fund: Capital International Private Equity Fund IV LP)",N/A,"Cash", ,"Completed"
"M&A",2010/12/16,"Deltalizing ZAO","Siemens AG","Delta Private Equity Partners LLC",N/A,"Cash", ,"Completed"
"M&A",2010/12/24,"Onken OOO","Hochland Deutschland GmbH","Dr August Oetker KG",N/A,"Undisclosed", ,"Completed"
"M&A",2010/9/1,"Nidan Juices OJSC","Coca-Cola Co/The","Lion Capital LLP",N/A,"Undisclosed", ,"Completed"
"INV",2010/9/6,"St Petersburg Sale Co JSC","Inter RAO UES PJSC","Fortum Oyj",N/A,"Undisclosed", ,"Completed"
"INV",2010/9/6,"St Petersburg Sale Co JSC","Inter RAO UES PJSC","Fortum Oyj",N/A,"Undisclosed", ,"Completed"
"M&A",2010/9/20,"Norplat Ltd","Grangesberg Iron Ore PLC","Talisman Metals PLC",N/A,"Cash", ,"Completed"
"INV",2010/7/20,"Baltiyskiy Lizing AO/Sankt-Peterburg","ICT Cyprus Ltd","Vitalscope Ltd",N/A,"Undisclosed", ,"Completed"
"M&A",2010/7/28,"Texneft Inc","Tatneft PJSC","Devon Energy Corp",N/A,"Undisclosed", ,"Completed"
"INV",2012/2/6,"Laboratoriya Kasperskogo ZAO","Private Investor","General Atlantic LP",N/A,"Cash", ,"Completed"
"INV",2012/2/9,"Stolichnoye Kreditnoye Tovarishchestvo OAO","PROMAGROFOND","Societe Generale SA",N/A,"Undisclosed", ,"Completed"
"M&A",2012/2/15,"Sapato.ru","Internet Resheniya OOO","Kinnevik AB,Direct Group Corp,Intel Capital Corp (Fund: Intel Communications Fund),Fast Lane Ventures,eVenture Capital Partners II LLC (Fund: eVenture Fund I LP)",N/A,"Cash", ,"Completed"
"M&A",2008/6/10,"Vladpivo LLC","Abi Sab Group Holding Ltd","International Finance Corp,Detroit Investments Ltd Cyprus,A1",N/A,"Undisclosed", ,"Completed"
"M&A",2007/12/3,"TrefilArbed Rus","Severstal-Metiz JSC","ArcelorMittal SA",N/A,"Undisclosed", ,"Completed"
"INV",2007/12/5,"DIXY Group PJSC","Morgan Stanley","Citi Venture Capital International",N/A,"Undisclosed", ,"Completed"
"M&A",2007/12/21,"OKO Capital Vostok ZAO","Swedbank AB","OP Corporate Bank plc",N/A,"Undisclosed", ,"Completed"
"INV",2007/12/29,"Novatek PJSC","Bluebird Securities SA","SWGI Growth Fund",N/A,"Undisclosed", ,"Completed"
"INV",2007/12/30,"RosUkrEnergo AG","Group DF","Raiffeisen Zentralbank Oesterreich AG",N/A,"Undisclosed", ,"Completed"
"M&A",2008/7/7,"Limnotex Developments Ltd","Vimpel-Communications PJSC","Crowell Investments Ltd",N/A,"Undisclosed", ,"Completed"
"M&A",2008/7/17,"Verh-Isetsky Metallurgicheskiy Zavod OAO","Novolipetskiy Metallurgicheskiy Kombinat PAO","Duferco Group/Belgium",N/A,"Undisclosed", ,"Completed"
"M&A",2008/7/25,"Sladkovsko-Zarechnoe OOO","Mikhaylovskiy GOK OAO","Sz Regionoil Holdings Ltd",N/A,"Undisclosed", ,"Completed"
"M&A",2008/4/17,"Wessen Group","Schneider Electric SE","Ahlstrom Capital Oy",N/A,"Cash", ,"Completed"
"INV",2008/4/24,"Silvinit OJSC","Ri Realinvest SA","Royalpart SA",N/A,"Undisclosed", ,"Completed"
"M&A",2008/4/24,"Sto-Tikkurila OOO","STO SE & Co KGaA","Kemira Oyj",N/A,"Undisclosed", ,"Completed"
"M&A",2008/5/14,"Balchug OOO","J&T Finance Group AS","Haarmann Hemmelrath",N/A,"Undisclosed", ,"Completed"
"M&A",2008/3/11,"OTC Business","Bayer AG","Sagmel Inc",N/A,"Undisclosed", ,"Completed"
"INV",2008/2/13,"Astrakhanski Korabel OAO","ST Holding Ltd","Akastor ASA",N/A,"Cash", ,"Completed"
"M&A",2008/2/26,"Elcoteq ZAO","Flex Ltd","Elcoteq SE",N/A,"Undisclosed", ,"Terminated"
"M&A",2007/9/21,"Della","EQT Partners AB","Sanware",N/A,"Cash", ,"Completed"
"M&A",2023/6/23,"Russian business/Carlsberg AS","Unnamed Buyer","Carlsberg AS",N/A,"Cash", ,"Pending"
"INV",2023/8/11,"Demetra-Holding OOO","Unnamed Buyer","Marathon Oil Corp",N/A,"Undisclosed", ,"Completed"
"M&A",2023/8/18,"Powertrain Systems business/Russia","NPK Avtopribor OOO","Valeo SE",N/A,"Undisclosed", ,"Pending"
"M&A",2023/9/6,"Russian DPD business/Geopost SA","Potential Buyer","La Poste SA",N/A,"Cash", ,"Withdrawn"
"M&A",2023/9/7,"Russian businesses/British American Tobacco PLC,Belarusian businesses/British American Tobacco PLC","Management Group,BFI Holding LLC FZ","British American Tobacco PLC",N/A,"Cash", ,"Pending"
"M&A",2023/9/29,"Bank Intesa AO","Potential Buyer","Intesa Sanpaolo SpA",N/A,"Undisclosed", ,"Withdrawn"
"INV",2013/1/18,"Pivovarnja Moskva-Jefes ZAO","Anadolu Efes Biracilik Ve Malt Sanayii AS","European Bank for Reconstruction & Development",N/A,"Undisclosed", ,"Completed"
"M&A",2013/6/27,"Sredne-Vasyuganskoye OOO","RussNeft PJSC","SGO Sibgasoil Investments Ltd",N/A,"Undisclosed", ,"Completed"
"M&A",2013/6/27,"Eastern Europe business of Hyposwiss Private Bank AG Zurich","International Petroleum Investment Co","St Galler Kantonalbank AG",N/A,"Cash", ,"Completed"
"M&A",2013/3/12,"Shahta Jubileynaya OOO","Topprom ZAO","Evraz PLC",N/A,"Cash", ,"Completed"
"M&A",2013/3/28,"Renaissance Upravlenie Aktivami","Kazimir Partners UK Ltd","Renaissance Holdings Management Ltd",N/A,"Undisclosed", ,"Completed"
"M&A",2013/4/15,"Territoriya Kontaktov OOO","Telekom Ekspress ZAO","VEON Ltd",N/A,"Undisclosed", ,"Completed"
"M&A",2013/4/22,"Elvary Neftegaz AO","Rosneft Oil Co PJSC","BP PLC",N/A,"Undisclosed", ,"Completed"
"INV",2013/4/24,"Voronezhavia OAO","FK Aksioma ZAO","WAL Ltd",N/A,"Undisclosed", ,"Completed"
"M&A",2023/3/7,"Manufacturing facility/Russia","Sistema PJSFC","Volkswagen AG",N/A,"Undisclosed", ,"Withdrawn"
"M&A",2023/3/15,"8 breweries/Russia","Anadolu Efes Biracilik Ve Malt Sanayii AS","Carlsberg AS",N/A,"Undisclosed", ,"Withdrawn"
"M&A",2023/3/28,"11 Henkels Plants/Russia","Private Investor","Henkel AG & Co KGaA",N/A,"Cash", ,"Pending"
"M&A",2023/3/30,"Russian business/Swixx Biopharma SA","Eli Lilly & Co","Swixx Biopharma SA",N/A,"Cash", ,"Pending"
"M&A",2023/3/31,"Baby food business/Russia","GK Chernogolovka AO","Kraft Heinz Co/The",N/A,"Cash", ,"Completed"
"M&A",2023/5/4,"Russian location/Malaya Vishera","Gruppa Kompaniy Vologodskiye Lesopromyshlenniki AO","HASSLACHER DRAULAND Holzindustrie GmbH",N/A,"Cash", ,"Completed"
"M&A",2023/5/12,"Decathlon Store/Russia","Unnamed Buyer","Decathlon SA",N/A,"Undisclosed", ,"Withdrawn"
"M&A",2023/5/26,"Mishlen OOO,Spetsialnyye Shiny OOO","Pauer Interneshnl-Metally OOO","Cie Generale des Etablissements Michelin SCA",N/A,"Undisclosed", ,"Pending"
"INV",2023/2/2,"Salym Petroleum Development NV","Gazprom Neft PJSC","Shell PLC",N/A,"Undisclosed", ,"Pending"
"INV",2023/2/16,"Cian PLC","Unnamed Buyer","Goldman Sachs Group Inc/The",N/A,"Cash", ,"Completed"
"M&A",2023/2/16,"3 factories/Russia","Luzales OOO,Slotex","Stichting INGKA Foundation",N/A,"Cash", ,"Completed"
"M&A",2023/2/17,"2 million sq m m of real estate/Russia","Potential Buyer","Stichting INGKA Foundation",N/A,"Undisclosed", ,"Withdrawn"
"M&A",2023/2/18,"RNKO VK Platozhnyye Resheniya OOO","VK IPJSC","PJV Digital Forces Ltd",N/A,"Undisclosed", ,"Pending"
"M&A",2023/2/20,"Trilogy Park logistics park","Private Investor","PPF Real Estate Holding BV",N/A,"Cash", ,"Withdrawn"
"M&A",2023/2/20,"Logistics assets/St Petersburg & Novorossiysk","IG Finance Development Ltd","AP Moller - Maersk A/S",N/A,"Cash", ,"Completed"
"M&A",2023/2/25,"Russian business/Schaeffler","Private Investor","Schaeffler AG",N/A,"Undisclosed", ,"Pending"
"M&A",2023/2/27,"Russian assets/Philip Morris International Inc","Potential Buyer","Philip Morris International In",N/A,"Cash", ,"Withdrawn"
"M&A",2012/11/5,"172 ATMS","Euronet Worldwide Inc","BNP Paribas SA",N/A,"Cash", ,"Completed"
"M&A",2012/11/14,"Renaissance Capital International Services Ltd,Renaissance Capital Ltd,Renaissance Capital Investments Ltd","Gruppa Oneksim OOO","Renaissance Holdings Management Ltd",N/A,"Undisclosed", ,"Completed"
"M&A",2012/11/23,"Drimmi LLC","Webgames LLC","Private Investor,ABRT Venture Fund,Mangrove Capital Partners SA (Fund: Mangrove III)",N/A,"Cash", ,"Completed"
"INV",2012/8/9,"Bank Otkritie Financial Corp PJSC","Private Investor,Otkritie Holding JSC","PPF Group NV",N/A,"Undisclosed", ,"Completed"
"M&A",2023/4/21,"Severstallat AS","Marcegaglia Steel SpA","Severstal Trade Ges",N/A,"Undisclosed", ,"Completed"
"M&A",2023/4/24,"Tayrs Rus OOO","S8 Capital AO","Continental AG",N/A,"Undisclosed", ,"Pending"
"M&A",2023/4/24,"Russian wholesale business","Stokmann AO/Moscow","HUGO BOSS AG",N/A,"Cash", ,"Completed"
"M&A",2023/4/25,"Local assets/Mercedes-Benz Group AG","Blok Avtodom OOO","Mercedes-Benz Group AG",N/A,"Cash", ,"Completed"
"INV",2008/9/4,"Comstar United Telesystems OJSC","Comstar United Telesystems OJSC","Access Telecommunications Cooperatief UA",N/A,"Cash", ,"Completed"
"M&A",2009/12/9,"Russian Alcohol Group JSC","Roust Corp","Lion Capital LLP (Fund: Lion Capital Fund I LP),UFG Private Equity/Russia (Fund: UFG Private Equity Fund I LP)",N/A,"Cash", ,"Completed"
"M&A",2009/12/21,"Experian-Interfax bureau","Sberbank of Russia PJSC","Experian PLC",N/A,"Cash", ,"Completed"
"M&A",2009/12/22,"NW Russia","Private Investor","New Wave Group AB",N/A,"Cash", ,"Completed"
"INV",2009/10/2,"JFC Group CJSC","Bank St Petersburg PJSC","Huntleigh Investments Ltd",N/A,"Undisclosed", ,"Completed"
"M&A",2009/10/12,"Zdorovye Ludi","Unnamed Buyer","Antral Ltd",N/A,"Undisclosed", ,"Completed"
"M&A",2009/7/15,"Heartland Farms/Penza","Volga Farming Ltd","Heartland Farms UK Ltd",N/A,"Undisclosed", ,"Completed"
"M&A",2009/9/21,"Stepan Timofeevich Kvass","Deka OAO","Heineken NV",N/A,"Cash", ,"Completed"
"INV",2009/9/25,"Papa John's Eurasia Ltd","CapMan Oyj","Papa John's International Inc",N/A,"Cash", ,"Completed"
"M&A",2009/9/29,"Amur Minerals LLC","Lundin Gold Inc","Freeport-McMoRan Inc",N/A,"Cash", ,"Completed"
"M&A",2009/11/5,"Quelle,Direkt Katalog Servis OOO","Otto GmbH & Co KG","Arcandor AG",N/A,"Cash", ,"Completed"
"M&A",2009/11/25,"G+J Russland","Axel Springer SE","Bertelsmann SE & Co KGaA",N/A,"Undisclosed", ,"Completed"
"M&A",2009/5/5,"RusForest Ltd","RusForest AB","VNV Global Ltd",N/A,"Stock", ,"Completed"
"M&A",2009/5/6,"Engineering workshop/Cologne,CMT business/Germany,CMT business/India,CMT business/South Africa,CMT business/Russia,CMT business/China","McNally Bharat Engineering Co Ltd","Scully Royalty Ltd",N/A,"Cash", ,"Completed"
"M&A",2022/4/21,"SSC Sakhalin-2","China National Petroleum Corp,China Petroleum & Chemical Corp,CNOOC Ltd","Shell PLC",N/A,"Undisclosed", ,"Withdrawn"
"M&A",2022/4/25,"Digital asset business","Unnamed Buyer","Exmo Exchange Ltd",N/A,"Undisclosed", ,"Pending"
"INV",2022/4/29,"Yuzhno Russkoye Gas","Potential Buyer","OMV AG",N/A,"Undisclosed", ,"Withdrawn"
"M&A",2022/4/30,"Khelbny Dom OOO","Kolomensky Bakery and Confectionery Holding","Fazer Group",N/A,"Undisclosed", ,"Completed"
"M&A",2023/12/18,"Russian Business of Schaeffler","PromAvtoKonsalt","Schaeffler AG",N/A,"Undisclosed", ,"Completed"
"M&A",2023/12/19,"Factory assets/Russia","Can Holding AS","Robert Bosch Stiftung GmbH",N/A,"Cash", ,"Withdrawn"
"M&A",2023/12/19,"AB InBev Efes JSC","Anadolu Efes Biracilik Ve Malt Sanayii AS","Anheuser-Busch InBev SA/NV",N/A,"Undisclosed", ,"Pending"
"M&A",2023/12/19,"Robert Bosc's factories/Strelna","Can Holding AS","Robert Bosch GmbH",N/A,"Cash", ,"Pending"
"M&A",2023/10/12,"Russian Operations/Legrand","IEK OOO","Legrand SA",N/A,"Cash", ,"Completed"
"M&A",2023/10/31,"Russian Thermal Systems Business/ Valeo","NPK Avtopribor OOO","Valeo SE",N/A,"Undisclosed", ,"Pending"
"M&A",2013/12/12,"Wellchem OOO","Henkel Rus OOO","Wellchem Holding GmbH",N/A,"Undisclosed", ,"Completed"
"M&A",2013/10/7,"Certain Russian assets","VTB Bank PJSC","Societe Generale SA",N/A,"Cash", ,"Completed"
"INV",2013/10/14,"Vologdaenergo","Konsultenergoservis OOO","Taplitoria Holdings Ltd",N/A,"Undisclosed", ,"Completed"
"M&A",2013/10/15,"Taas-Yuryakh Neftegazodobycha OOO","Rosneft Oil Co PJSC","Yakutsk Fuel-Energy Co PJSC,Finfund Ltd,Limenitis Holding Ltd",N/A,"Undisclosed", ,"Completed"
"M&A",2013/10/28,"Ge Money Bank ZAO","Sovcombank PJSC","General Electric Co",N/A,"Undisclosed", ,"Completed"
"M&A",2013/7/31,"FB-Lizing OOO","Expobank LLC","DZ Bank AG Deutsche Zentral-Genossenschaftsbank Frankfurt Am Main",N/A,"Undisclosed", ,"Completed"
"INV",2013/9/2,"Vanino Commercial Sea Port","Unnamed Buyer","Travine Trading Ltd",N/A,"Undisclosed", ,"Completed"
"INV",2013/9/2,"Svetlana LED OAO","Private Investor","Purelynx Ltd",N/A,"Cash", ,"Completed"
"M&A",2013/9/11,"Belebeyevskiy Zavod Avtonormal AO","AvtoVAZagregat OAO","Russomotive Direct Investments Fund Ltd",N/A,"Undisclosed", ,"Completed"
"INV",2013/9/30,"Mniirs OAO","InvestSiti OOO","Ingiros Ltd",N/A,"Undisclosed", ,"Completed"
"M&A",2013/11/12,"Producing Oil and Gas Assets/Bandbear","Zoltav Resources Inc","Bandbear Ltd",N/A,"Cash", ,"Completed"
"INV",2013/11/18,"Uralkali PJSC","Gruppa Oneksim OOO","Suleyman Kerimov Foundation",N/A,"Undisclosed", ,"Completed"
"M&A",2013/11/27,"UFG Invest CJSC","Aton Capital Group","Deutsche Bank AG",N/A,"Undisclosed", ,"Completed"
"M&A",2013/11/27,"UFG Asset Management","Uk Aton-Management OOO","Deutsche Bank AG",N/A,"Cash", ,"Completed"
"INV",2013/8/1,"Dagestan Energy Supply Co PJSC","Unnamed Buyer","Centela Trade Ltd",N/A,"Undisclosed", ,"Completed"
"INV",2013/8/6,"Krasnoyarski Zavod Sinteticheskogo Kauchuka OAO","China Petrochemical Corp","Sibur Ltd",N/A,"Undisclosed", ,"Completed"
"M&A",2013/8/9,"Aura shopping center","Malltech","Amstar Group LLC,Renaissance Development",N/A,"Cash", ,"Completed"
"INV",2013/8/23,"INK-Capital CJSC","Goldman Sachs Group Inc/The","European Bank for Reconstruction & Development",N/A,"Undisclosed", ,"Completed"
"M&A",2024/5/29,"Timashevsky dairy plant/PepsiCo Inc","Agrokompleks Glushkovski OOO","PepsiCo Inc",N/A,"Cash", ,"Completed"
"M&A",2024/5/29,"RTK - Network Technologies","Rostelecom PJSC","Nokia Oyj",N/A,"Undisclosed", ,"Pending"
"M&A",2017/7/5,"Novy Potok ZAO","S-Group Capital Management Ltd","Private Investor,United Business Angels Ltd",N/A,"Cash", ,"Completed"
"M&A",2017/5/16,"Titan Foundation oil refinery","Potential Buyer","TITAN Foundation for Sustainable Growth",N/A,"Cash", ,"Withdrawn"
"M&A",2017/5/30,"Iron Mountain CIS LLC,Iron Mountain Ukraine LLC","OSG Rekordz Menedzment Tsentr OOO","Iron Mountain Inc",N/A,"Undisclosed", ,"Completed"
"M&A",2017/4/25,"18 Pizza Hut restaurants/Russia","AmRest Holdings SE","Yum! Brands Inc",N/A,"Cash", ,"Completed"
"M&A",2017/4/28,"Marma OAO","NYESA Valores Corp SA","Becar,Aqualdre SL,Fanumceo SL",N/A,"Undisclosed", ,"Pending"
"M&A",2017/3/27,"Sladkovsko-Zarechnoe Ltd","Dolmer Enterprises ltd","Sz Regionoil Holdings Ltd",N/A,"Undisclosed", ,"Pending"
"M&A",2017/3/27,"Khanty-Mansiysk district assets/Repsol SA","Gazprom Neft PJSC","Repsol SA",N/A,"Cash", ,"Withdrawn"
"INV",2024/4/10,"Rusenergosbyt OOO","Rusenergosbyt OOO","Enel SpA",N/A,"Undisclosed", ,"Completed"
"M&A",2024/4/15,"Sitras OOO","Trade Galleries OOO","Aumarche SAS",N/A,"Undisclosed", ,"Completed"
"M&A",2024/4/19,"Russian Business/Purmo Group Oyj","Unnamed Buyer","Purmo Group Oyj",N/A,"Cash", ,"Completed"
"INV",2024/2/15,"Kamaz PJSC","Unnamed Buyer","Mercedes-Benz Group AG",N/A,"Undisclosed", ,"Completed"
"INV",2024/3/18,"Eurasia Drilling Co Ltd","Unnamed Buyer","Foraco International SA",N/A,"Undisclosed", ,"Completed"
"M&A",2024/3/22,"EDP business/Russia","Vamin R LLC","Danone SA",N/A,"Cash", ,"Completed"
"M&A",2024/3/23,"Russian operations/Danone","Vamin Tatarstan OAO","Danone SA",N/A,"Cash", ,"Completed"
"INV",2024/1/15,"Globaltrans Investment PLC","Aqniet Capital LLC","Maple Valley Investments Ltd,Goldriver Resources Ltd,Onyx Investments Ltd/Russia",N/A,"Undisclosed", ,"Completed"
"M&A",2014/7/3,"General insurance retail business/Russia","Investment Firm Olma JSC","Zurich Insurance Group AG",N/A,"Undisclosed", ,"Completed"
"M&A",2014/7/10,"MT AO /Moscow","GK Altegrosky","Inmarsat Group Holdings Ltd",N/A,"Undisclosed", ,"Completed"
"M&A",2014/7/10,"Sotchemyu-Talyu and North Irael Fields/RU","Vitol Holding BV","Orron Energy ab",N/A,"Cash", ,"Completed"
"M&A",2014/4/22,"Poyry CM Oy,Poyry LLC,Real estate design and consulting business/Poyry Finland Oy","Ramboll Finland Oy","Poyry Oyj",N/A,"Undisclosed", ,"Completed"
"M&A",2014/4/25,"DNB Bank OAO","Asokerco Trading Ltd","DNB ASA",N/A,"Undisclosed", ,"Pending"
"M&A",2014/5/23,"Prime Shipping OOO","Rosneft Oil Co PJSC","Pietro Barbaro SpA",N/A,"Undisclosed", ,"Pending"
"M&A",2014/5/27,"KB H-Bank OOO","Potential Buyer","Hellenic Bank PCL",N/A,"Undisclosed", ,"Withdrawn"
"INV",2014/3/14,"Eldorado OOO","Emma Capital Ltd","PPF Group NV",N/A,"Undisclosed", ,"Pending"
"M&A",2014/1/16,"Yekaterinburg plant","Schneider Electric SE","Alstom SA",N/A,"Cash", ,"Completed"
"M&A",2014/1/29,"Noginsky Teplovoy Center","E.ON SE","AMG Industrial Investment Corp AG",N/A,"Undisclosed", ,"Completed"
"M&A",2022/4/1,"Russian Business/Purmo Group Oyj","Unnamed Buyer","Purmo Group Oyj",N/A,"Undisclosed", ,"Terminated"
"M&A",2022/4/4,"Russia Factory/Brodrene Hartmann","Potential Buyer","Brodrene Hartmann A/S",N/A,"Undisclosed", ,"Withdrawn"
"M&A",2022/4/11,"Rosbank PJSC","Interros Holding Co","Societe Generale SA",N/A,"Undisclosed", ,"Pending"
"M&A",2022/4/12,"Food service business/Russia","Unnamed Buyer","Compass Group PLC",N/A,"Cash", ,"Completed"
"INV",2010/3/3,"Geotech Oil Services Holding Ltd","Volga Group/The","Farallon Capital Management LLC,Management Group,Black River Asset Management UK Ltd",N/A,"Cash", ,"Completed"
"M&A",2011/12/23,"Minudobrenia OJSC","UralChem Holding PLC","Sibur Ltd",N/A,"Undisclosed", ,"Completed"
"M&A",2011/12/23,"Energomashinostroitelnyy Alyans AO","Silovyye Mashiny-ZTL LMZ Elektrosila Energomasheksport PAO","Auburn Investments Ltd",N/A,"Undisclosed", ,"Completed"
"M&A",2010/5/17,"Elcoteq ZAO","Optogan ZAO","Elcoteq SE",N/A,"Undisclosed", ,"Completed"
"M&A",2010/5/17,"SZKTI OAO","Synterra ZAO","Nasver Trade Ltd",N/A,"Undisclosed", ,"Completed"
"M&A",2010/5/31,"14 Barclays Plc branches in Russia","Kommercheskiy Bank Renessans Kredit OOO","Barclays PLC",N/A,"Cash", ,"Completed"
"M&A",2010/2/4,"Leadbank LLC","Kommercheskiy Bank Renessans Kredit OOO","Bank of Cyprus Pcl",N/A,"Undisclosed", ,"Completed"
"M&A",2010/2/26,"Synterra ZAO","MegaFon PJSC","Synterra Cyprus Ltd,Burnham Advisors Ltd",N/A,"Undisclosed", ,"Completed"
"M&A",2010/4/5,"Four radio stations","Private Investor","News Corp",N/A,"Cash", ,"Completed"
"M&A",2010/4/30,"Koksovaya ZAO","Raspadskaya OJSC","Evraz PLC",N/A,"Undisclosed", ,"Completed"
"M&A",2010/1/7,"chain of theaters","UFG Asset Management (Fund: UFG Private Equity Fund II LP),Private Investor (Fund: UFG Real Estate Fund II)","National Amusements Inc",N/A,"Cash", ,"Completed"
"M&A",2010/1/7,"Rising Star Media OOO","UFG Private Equity/Russia","National Amusements Inc",N/A,"Cash", ,"Completed"
"INV",2010/6/20,"Nord Stream AG","Engie SA","BASF SE,E.ON SE",N/A,"Undisclosed", ,"Completed"
"M&A",2010/6/22,"Distribution Operations Of Volvo Construction Equipment in Russia","Ferronordic AB","Volvo AB",N/A,"Cash", ,"Completed"
"M&A",2012/7/2,"Bank Vestlb Vostok Zao","Private Investor","Portigon AG",N/A,"Cash", ,"Completed"
"INV",2012/7/19,"Promsvyazbank PJSC","Promsvyaz Capital BV","Commerzbank AG",N/A,"Cash", ,"Completed"
"INV",2012/7/20,"Moscow Exchange MICEX-RTS PJSC","Russian Direct Investment Fund Management Co,Cartesian Capital Group LLC (Fund: Pangaea Two LP)","UniCredit Bank AG",N/A,"Cash", ,"Completed"
"M&A",2012/7/30,"Naryanmarneftegaz OOO","LUKOIL PJSC","ConocoPhillips",N/A,"Cash", ,"Completed"
"INV",2012/6/1,"Rosneft Holding Ltd","Unnamed Buyer","BP PLC",N/A,"Undisclosed", ,"Completed"
"M&A",2012/6/6,"Beleggingsmaatschappij Lemore BV","Reckitt Benckiser Group PLC","Abraca BV",N/A,"Undisclosed", ,"Completed"
"M&A",2012/6/22,"Ramboll Russia ZAO","Kompakt AO","Ramboell Gruppen AS",N/A,"Undisclosed", ,"Completed"
"M&A",2012/6/26,"Retail Loan Portfolio","Alfa-Bank AO","Societe Generale SA",N/A,"Cash", ,"Completed"
"INV",2012/4/16,"Brokerski Dom Otkrytie OAO","Alfa Capital Holdings Cyprus Ltd","NKB Investments Ltd",N/A,"Undisclosed", ,"Completed"
"M&A",2012/1/19,"Russian Agroindustrial & Commercial Assets","Bonduelle SCA","Centrale Cooperative Agricole Bretonne",N/A,"Cash", ,"Completed"
"M&A",2010/8/23,"DB Development","Sberbank of Russia PJSC","Strabag SE,Private Investor",N/A,"Undisclosed", ,"Completed"
"M&A",2010/8/26,"KP Roznitsa OOO","Rospechat OAO","Sanoma Oyj",N/A,"Undisclosed", ,"Completed"
"M&A",2010/10/8,"Press distribution and kiosk operations","Hubert Burda Media Holding KG","Sanoma Oyj",N/A,"Cash", ,"Completed"
"M&A",2014/12/18,"Russian assets of Sanoma OYJ","Hearst Communications Inc","Sanoma Oyj",N/A,"Cash", ,"Terminated"
"INV",2014/12/29,"South Stream Transport BV","Gazprom PJSC","Electricite de France SA",N/A,"Undisclosed", ,"Completed"
"M&A",2014/9/4,"Namshi General Trading LLC,Zalora,Xerion Retail Pvt Ltd,Kupishoes OOO,Comercio Digital BF Ltda","Kinnevik AB,Private Investor,Verlinvest SA,Rocket Internet SE","Tengelmann Warenhandelsgesellschaft KG,Blakeney Management Ltd,British International Investment PLC,JP Morgan Asset Management Inc,Access Industries LLC,Tengelmann Ventures GmbH,Summit Partners LP (Fund: Summit Partners Venture Capital Fund III LP),Holtzbrinck Ventures GmbH (Fund: Holtzbrinck...",N/A,"Cash", ,"Pending"
"M&A",2014/9/10,"SK Oranta OOO","SG Kompanon OOO","Achmea BV",N/A,"Cash", ,"Completed"
"INV",2014/9/18,"Ostrovok.ru OOO","Unnamed Buyer","Accel Partners LP (Fund: Accel XI LP),General Catalyst Partners LLC (Fund: General Catalyst Group VI LP)",N/A,"Cash", ,"Completed"
"M&A",2014/9/19,"Tuymasinskiy Molokozavod OAO","Unnamed Buyer","PepsiCo Inc",N/A,"Undisclosed", ,"Completed"
"M&A",2014/10/15,"Dalgeokom OOO","Mobile TeleSystems PJSC","Modern Times Group MTG AB,Private Investor",N/A,"Undisclosed", ,"Withdrawn"
"INV",2014/10/22,"Alma Group ZAO","Volga-Group OOO","Alma Group SA,Procuri SA",N/A,"Undisclosed", ,"Completed"
"M&A",2014/10/30,"Nizhnesaldinsk metallurgical plant assets","Biznesinvest OOO","Evraz PLC",N/A,"Cash", ,"Completed"
"M&A",2014/11/6,"Money transfer system","QIWI plc","Bank of Cyprus Pcl",N/A,"Cash", ,"Withdrawn"
"INV",2014/11/7,"Kamaz PJSC","Mercedes-Benz Group AG","European Bank for Reconstruction & Development",N/A,"Undisclosed", ,"Completed"
"M&A",2014/11/11,"Warehouse complex in Krasnogorsk","X5 Retail Group NV","Oriflame Cosmetics SA",N/A,"Cash", ,"Completed"
"M&A",2014/11/12,"Remondis Arzamas Servis OOO","Nizhegorodski Vodokanal AO","Rethmann AG & Co KG",N/A,"Undisclosed", ,"Completed"
"M&A",2014/11/28,"Orkla Brands Russia OJSC","Slavyanka-Lyuks OOO","Orkla ASA",N/A,"Undisclosed", ,"Completed"
"M&A",2014/8/18,"Stroygazmontazh OOO","Private Investor","Milasi Engineering Ltd",N/A,"Cash", ,"Completed"
"M&A",2008/12/29,"VK IPJSC","Naspers Ltd,VK IPJSC","Tiger Global Management LLC",N/A,"Undisclosed", ,"Completed"
"M&A",2008/8/1,"Pokrovsky Hills","Goldman Sachs Group Inc/The","American International Group Inc,Deutsche Bank AG",N/A,"Cash", ,"Completed"
"M&A",2009/4/14,"Non-state pension fund business","Aviva PLC","ING Groep NV",N/A,"Cash", ,"Completed"
"M&A",2009/4/16,"St Springs","Integrated Distribution Services Group Ltd","Nestle SA",N/A,"Cash", ,"Completed"
"M&A",2009/2/5,"Dekmos OAO","City of Moscow Russia","Deutsche Bank AG",N/A,"Cash", ,"Completed"
"M&A",2009/2/6,"Yuzhniy Port business centre","Sberbank of Russia PJSC","Midland Group",N/A,"Cash", ,"Completed"
"INV",2008/11/11,"Dom Shvetsii OAO","CA-Group","Ladoga Holding AB",N/A,"Undisclosed", ,"Completed"
"M&A",2021/12/9,"Avielen AG AO","Warimpex Finanz- und Beteiligungs AG","UBM Development AG",N/A,"Undisclosed", ,"Completed"
"M&A",2021/12/23,"Fels Izvest OOO","Bonolit Stroitelnye Resheniya OAO","CRH PLC",N/A,"Undisclosed", ,"Completed"
"M&A",2021/12/27,"CiV Life LLC","SovCo Capital Partners BV","HDI Haftpflichtverband der Deutschen Industrie VaG",N/A,"Undisclosed", ,"Pending"
"M&A",2021/11/1,"GV Gold Vysochaishy Pjsc","Selmareco Ltd","European Bank for Reconstruction & Development,BlackRock Inc",N/A,"Cash", ,"Pending"
"M&A",2021/11/24,"Generating Assets/Enel SpA","Potential Buyer","Enel SpA",N/A,"Cash", ,"Withdrawn"
"M&A",2016/8/4,"Sport-goods stores/Russia","Unnamed Buyer","Kesko Oyj",N/A,"Cash", ,"Completed"
"M&A",2016/5/5,"Russian business/Groupon","RTP Global","Groupon Inc",N/A,"Cash", ,"Withdrawn"
"M&A",2016/5/6,"Westcall Telecommunications ZAO","Perm Financial and Industrial Group OOO","Private Investor,Siguler Guff & Co LLC (Fund: Russia Partners II LP)",N/A,"Cash", ,"Completed"
"M&A",2016/5/23,"Transvagonmash OOO","Rail Garant Group","Renaissance Holdings Management Ltd",N/A,"Undisclosed", ,"Completed"
"M&A",2016/5/25,"AO Egmont Russia Ltd","Management Group","Egmont International Holding A/S",N/A,"Undisclosed", ,"Completed"
"M&A",2016/3/15,"Digit One LLC","Alma Group/Russia","Trivon Communications Ltd",N/A,"Undisclosed", ,"Completed"
"M&A",2016/3/20,"AMR AO","Lainen CJSC","Arconic Inc/PA",N/A,"Undisclosed", ,"Completed"
"M&A",2016/7/28,"Business unit/Russia","Unnamed Buyer","De Agostini SpA",N/A,"Cash", ,"Completed"
"M&A",2016/4/5,"Reftinskaya GRES power station","Private Investor","Enel SpA",N/A,"Cash", ,"Withdrawn"
"INV",2016/4/20,"Locko-Bank AO","Private Investor,Palamedos Corp Ltd","International Finance Corp",N/A,"Cash", ,"Completed"
"M&A",2015/1/20,"Ugolnaya Kompaniya Severny Kuzbass OAO","Natsionalnaya Toplivnaya Kompaniya OOO","ArcelorMittal SA",N/A,"Undisclosed", ,"Completed"
"M&A",2024/12/2,"Russia Assets/Louis Dreyfus Co BV","Unnamed Buyer","Louis Dreyfus Co BV",N/A,"Undisclosed", ,"Withdrawn"
"M&A",2024/12/4,"Volgafert LLC","KuibyshevAzot PJSC","Metlen Energy & Metals SA",N/A,"Undisclosed", ,"Completed"
"M&A",2024/12/18,"Latvijas Mobilais Telefons SIA","Potential Buyer","Telia Co AB",N/A,"Undisclosed", ,"Proposed"
"M&A",2024/10/10,"Russian assets/Unilever PLC","ArnestFinans OOO","Unilever PLC",N/A,"Cash", ,"Completed"
"M&A",2024/10/10,"Russian operations/Leipurin Oyj","Private Investor","Aspo Oyj",N/A,"Cash", ,"Completed"
"M&A",2024/10/24,"Russian operations/ELO SACA","Potential Buyer","Association Familiale Mulliez",N/A,"Cash", ,"Withdrawn"
"M&A",2024/9/5,"Raiffeisenbank AO","Potential Buyer","Raiffeisen Bank International AG",N/A,"Undisclosed", ,"Withdrawn"
"M&A",2024/9/24,"Industrial complex/Technonicol Corp","Technonicol Corp","ECO Partners Inc",N/A,"Cash", ,"Completed"
"M&A",2017/12/5,"Eurotech JSC,Yuzhno-Khadyryakhinskoye JSC","Novatek PJSC","Repsol SA,Independent Petroleum Co Holdings CY Ltd",N/A,"Undisclosed", ,"Completed"
"M&A",2017/10/13,"FINCA Russia","Mikro Kapital Sarl","FINCA International Inc",N/A,"Cash", ,"Completed"
"M&A",2017/10/27,"Nidan Juices OJSC","Maxidom OOO","Coca-Cola Co/The",N/A,"Undisclosed", ,"Pending"
"INV",2017/9/8,"Rosneft Oil Co PJSC","China Huaxin International Equity Investment Co Ltd","Glencore PLC,Qatar Investment Authority",N/A,"Cash", ,"Terminated"
"M&A",2017/9/19,"Russian business/Nordea Bank AB","Locko-Bank AO,Sovco Capital Partners Holding BV","Nordea Bank Abp",N/A,"Cash", ,"Withdrawn"
"M&A",2017/9/21,"Well intervention business/Russia","Unnamed Buyer","Key Energy Services Inc",N/A,"Cash", ,"Completed"
"INV",2015/3/4,"CTC Media Inc","Potential Buyer","Modern Times Group MTG AB",N/A,"Undisclosed", ,"Withdrawn"
"M&A",2015/3/16,"Wintershall Dea International GmbH","LetterOne Holdings SA","RWE AG",N/A,"Undisclosed", ,"Completed"
"M&A",2017/8/2,"Cramo SIA,Cramo Kaliningrad OOO","Storent Investments AS","Cramo Oyj",N/A,"Undisclosed", ,"Completed"
"M&A",2017/8/11,"Russian & Ukraine operations","Anadolu Efes Biracilik Ve Malt Sanayii AS","Anheuser-Busch InBev SA/NV",N/A,"Cash", ,"Completed"
"M&A",2025/7/14,"VolgaHydro LLC","TyazhMash OAO","RusHydro PJSC,Voith Hydro GmbH & Co KG/Austria",N/A,"Undisclosed", ,"Completed"
"M&A",2025/12/23,"Zapad LLC,Alta Povolzhye OOO","MGC Group LLC","Grupo Antolin-France SAS",N/A,"Undisclosed", ,"Completed"
"M&A",2025/10/15,"Salym Petroleum Development NV","Unnamed Buyer","Gazprom Neft PJSC,Shell PLC",N/A,"Undisclosed", ,"Completed"
"M&A",2017/11/20,"Bigfud OOO","Yandeks OOO","Baring Private Equity Partners Ltd,Baring Vostok Capital Partners Ltd/Russia,Ru-Net Holdings Ltd,Tiger Global Management LLC",N/A,"Cash", ,"Withdrawn"
"M&A",2017/11/21,"Reftinskaya GRES Coal Plant Russia","Potential Buyer","Enel SpA",N/A,"Cash", ,"Withdrawn"
"M&A",2025/9/8,"Aeromar JSC","Aeroflot PJSC","Deutsche Lufthansa AG",N/A,"Undisclosed", ,"Proposed"
"M&A",2025/9/25,"Certain Asset/Komfovent Ltd","Potential Buyer","Komfovent UAB",N/A,"Cash", ,"Proposed"
"M&A",2025/6/27,"Yungkhaynrikh Podyemno-Pogruzochnaya Tekhnika OOO","Unnamed Buyer","Jungheinrich AG",N/A,"Undisclosed", ,"Proposed"
"M&A",2015/6/15,"Mercedes-Benz Plaza","Region Group OOO","Colliers International Group Inc",N/A,"Cash", ,"Completed"
"M&A",2015/6/16,"NPF Raiffeisen ZAO","B&N Bank JSC","Raiffeisen Bank International AG",N/A,"Undisclosed", ,"Pending"
"M&A",2015/6/19,"PB Norge AS,Prime Shipping OOO,PB Samara OOO,PB Volga Ltd,PB Samara III OOO","Rosneft Oil Co PJSC,Sberbank of Russia PJSC (Fund: SBT Venture Capital/Fund)","Pietro Barbaro SpA",N/A,"Undisclosed", ,"Completed"
"M&A",2015/6/24,"TGC-1 Hydro power assets","Fortum Oyj","Rosatom Corp,Gazprom Energoholding OOO",N/A,"Cash", ,"Withdrawn"
"M&A",2015/6/30,"Binbank PAO","Private Investor","MDM Holding SE",N/A,"Undisclosed", ,"Completed"
"M&A",2015/12/21,"Russian business/Viacom Inc","Private Investor","Viacom Inc",N/A,"Cash", ,"Withdrawn"
"INV",2015/12/22,"Kompaniya Polyarnoye Siyaniye OOO","Trisonnery Asset Ltd","ConocoPhillips",N/A,"Undisclosed", ,"Completed"
"INV",2015/12/30,"Mondadori Independent Media LLC,Fashion Press LLC","Inventure Partners","Sanoma Oyj",N/A,"Cash", ,"Completed"
"M&A",2015/7/10,"SFI PJSC","B&N Bank JSC","Capital International Inc (Fund: Capital International Private Equity Fund IV LP),Baring Vostok Capital Partners Ltd/Russia (Fund: Baring Vostok Private Equity Fund III LP)",N/A,"Cash", ,"Pending"
"M&A",2015/7/13,"Ust-Luga OAO","Private Investor","Gunvor Group Ltd",N/A,"Undisclosed", ,"Completed"
"M&A",2015/7/17,"CB Uniastrum Bank LLC,Uniastrum Leasing LLC,Certain loan exposure assets/Russia","Private Investor","Bank of Cyprus Pcl",N/A,"Undisclosed", ,"Completed"
"INV",2015/7/20,"Khelivert AO","Rosneft Oil Co PJSC","Leonardo SpA,OPK Oboronprom OAO",N/A,"Undisclosed", ,"Pending"
"M&A",2015/7/23,"Orient Express Bank PJSC","Potential Buyer","Baring Vostok Capital Partners Ltd/Russia",N/A,"Cash", ,"Withdrawn"
"M&A",2015/7/24,"Ptitsefabrika Severnaya AO/Kirovskiy Rayon,Poultry Parent Stock Production Woyskovitsy JSC","Charoen Pokphand Foods PCL","Agro-Invest Brinky BV",N/A,"Undisclosed", ,"Completed"
"INV",2015/7/29,"Ifsk Arks OOO,SK Mostovik OOO","Private Investor","Volga Group/The",N/A,"Cash", ,"Completed"
"M&A",2015/11/3,"Commercial port/Ust-Luga","Gazprombank JSC","Sibur Ltd",N/A,"Cash", ,"Completed"
"M&A",2015/11/23,"NK Yugranefteprom OOO","LUKOIL PJSC","TotalEnergies SE",N/A,"Undisclosed", ,"Completed"
"M&A",2015/11/23,"Star Telecom Broadband Assets","Rostelecom PJSC","MTT OAO",N/A,"Cash", ,"Completed"
"M&A",2015/11/30,"Russian banking assets/Royal Bank of Scotland PLC","Expobank LLC","NatWest Group PLC",N/A,"Cash", ,"Completed"
"M&A",2015/10/6,"5 hormonal branded products","Alvogen Group Inc","Bayer AG",N/A,"Cash", ,"Completed"
"INV",2015/10/15,"Bank Otkritie Financial Corp PJSC","Private Investor","Oanfir Technology Investments Ltd",N/A,"Undisclosed", ,"Completed"
"M&A",2015/10/19,"Skartel OOO","China Baoli Technologies Holdings Ltd","MTH Ltd",N/A,"Undisclosed", ,"Pending"
"M&A",2015/10/19,"Raiffeisenbank pension fund business/Russia","B&N Bank JSC","Raiffeisen Bank International AG",N/A,"Cash", ,"Completed"
"INV",2015/10/23,"TT-Trevel OOO","Severgroup CJSC","TUI AG",N/A,"Undisclosed", ,"Completed"
"INV",2015/4/16,"UK Kolmar OOO","Private Investor","Gunvor Group Ltd",N/A,"Undisclosed", ,"Completed"
"M&A",2015/4/22,"Kharyaga oil field","Zarubezhneft OAO","TotalEnergies SE",N/A,"Cash", ,"Withdrawn"
"INV",2015/4/30,"Delovoi Standard Ltd","Ivania Ltd","Sanoma Oyj",N/A,"Undisclosed", ,"Completed"
"M&A",2015/4/30,"Mostotrest PJSC","TFK-Finance OJSC","Marc O'Polo Investments Ltd",N/A,"Undisclosed",1.20,"Completed"
"M&A",2015/4/30,"United Press portfolio of titles","MoscowTimes LLC","Sanoma Oyj",N/A,"Cash", ,"Completed"
"INV",2015/5/14,"Pharmstandard PJSC","Augment Investments Ltd","Bristley Enterprises Ltd",N/A,"Undisclosed", ,"Completed"
"M&A",2015/5/18,"Arawak Energy Russia BV","Sharmel Ltd","Vitol Holding BV",N/A,"Undisclosed", ,"Completed"
"M&A",2015/9/1,"3 Hypermarkets / Chelyabinsk & Volgograd","Lenta International Co PJSC","O'Key Group SA",N/A,"Cash", ,"Pending"
"M&A",2015/9/14,"UK Uralsib ZAO","Finance One BV","Danofe Trading Ltd",N/A,"Undisclosed", ,"Withdrawn"
"M&A",2015/9/17,"Russian unit","Private Investor","Axel Springer SE",N/A,"Cash", ,"Completed"
"M&A",2015/8/6,"Novorossiysk Fuel Oil Terminal LLC","Zvezda OOO","Gunvor Group Ltd",N/A,"Undisclosed", ,"Pending"
"M&A",2015/8/6,"Portenergo OOO","Investor Group","Sibur Ltd",N/A,"Cash", ,"Pending"
"INV",2015/8/28,"Viasat Holding OOO","Private Investor","Modern Times Group MTG AB",N/A,"Cash", ,"Withdrawn"
"INV",2015/2/10,"Chelyabinsk Zinc Plant PJSC","United Capital Partners Inc","Atonline Ltd",N/A,"Undisclosed", ,"Completed"
"M&A",2025/1/28,"ING Bank Eurasia JSC","Global Development JSC","ING Groep NV",N/A,"Cash", ,"Terminated"
"M&A",2025/1/31,"Automotive Component Factories/Gestamp Automocion SA","Polad AO","Gestamp Automocion SA",N/A,"Cash", ,"Completed"
"INV",2025/5/5,"Selectel Co Ltd","Moscow Exchange MICEX-RTS PJSC","LVL1 Management Ltd",N/A,"Undisclosed", ,"Completed"
"M&A",2025/5/28,"Certain assets/Aggreko Ltd","Halliburton Co","Aggreko PLC",N/A,"Cash", ,"Proposed"
"M&A",2025/4/16,"Sibay mining & processing plant/Bashkortostan","Polymetal JSC","Ural Mining and Metallurgical Co OJSC",N/A,"Cash", ,"Completed"
"M&A",2016/12/9,"Eldorado Group","Safmar Group Inc","PPF Group NV",N/A,"Undisclosed", ,"Completed"
"M&A",2016/12/16,"Nexans Russian business","Impex Electro","Nexans SA",N/A,"Cash", ,"Completed"
"M&A",2016/12/23,"Junghof plaza","FGI Frankfurter Gewerbeimmobilien GmbH,Prudential Real Estate Investors (Fund: PRISA III Fund LP)","Commerz Real AG",N/A,"Cash", ,"Completed"
"INV",2025/2/26,"Severo-Zapadnaya Koncessionnaya Kompaniya OOO","NatsProyektStroy","Vinci SA",N/A,"Undisclosed", ,"Completed"
"M&A",2025/2/27,"Banking unit/Volkswagen AG","Private Investor","Volkswagen AG",N/A,"Cash", ,"Completed"
"M&A",2016/6/23,"Russian television unit","Private Investor","Scripps Networks Interactive Inc",N/A,"Cash", ,"Withdrawn"
"M&A",2016/6/27,"Mediaskop AO","Vtsiom OAO","WPP PLC",N/A,"Undisclosed", ,"Pending"
"M&A",2016/6/27,"Russian & international pay-TV businesses","Natsionalnaya Media Gruppa ZAO","Baring Vostok Capital Partners Ltd/Russia",N/A,"Cash", ,"Completed"
"M&A",2016/9/1,"13 Restaurants/Russia","Private Investor","McDonald's Corp",N/A,"Cash", ,"Withdrawn"
"M&A",2016/9/1,"B&N Bank JSC","Binbank PAO","TradeWest LLC,Rizanto Securities Inc,Hanberg Finance Ltd",N/A,"Undisclosed", ,"Completed"
"INV",2016/11/9,"Solidcore Resources PLC","Potential Buyer","PPF Group NV",N/A,"Undisclosed", ,"Withdrawn"
"M&A",2016/11/10,"Enel Russian assets","Inter RAO UES PJSC","Enel SpA",N/A,"Cash", ,"Withdrawn"
"M&A",2016/1/27,"Russian telecom assets","VEON Ltd","Tele2 AB",N/A,"Cash", ,"Withdrawn"
"M&A",2020/12/2,"SK Sovkombank Zhizn AO","Sovcombank PJSC","MetLife Inc",N/A,"Undisclosed", ,"Pending"
"M&A",2022/5/2,"KOKK AO","Interros Capital International Co LLC","Global Payments Inc",N/A,"Undisclosed", ,"Completed"
"M&A",2016/9/23,"KOKK AO","Potential Buyer","Global Payments Inc",N/A,"Undisclosed", ,"Withdrawn"
"INV",2026/6/3,"Arctic LNG 2 OOO","Nordline OOO","TotalEnergies SE",N/A,"Cash", ,"Pending"
"M&A",2024/12/18,"Latvijas Mobilais Telefons SIA,Lattelecom Bpo Sia","Republic of Latvia","Telia Co AB",N/A,"Undisclosed", ,"Proposed"
"INV",2020/10/15,"Draiv Klik Bank OOO","Sberbank of Russia PJSC","BNP Paribas SA",N/A,"Undisclosed", ,"Pending"
"M&A",2002/10/7,"IFZ AO","Private Investor","US Russia Investment Fund LLC/The",N/A,"Undisclosed", ,"Completed"
"M&A",2026/2/6,"Aviasales","Potential Buyer","Elbrus Capital OOO,iTech Capital,GO Travel UN Ltd,Prati Ltd,Realstory Trading Ltd",N/A,"Cash", ,"Withdrawn"
