Deal Type,Announce Date,Target Name,Acquirer Name,Seller Name,Announced Total Value (mil.),Payment Type,TV/EBITDA,Deal Status
AST,4/5/2019,Antipinsky Oil Refinery and oil fields/New Stream Group,State Oil Co of the Azerbaijan Republic,New Stream Group OOO,3000,Undisclosed, ,Withdrawn
AST,8/16/2019,"Brooklyn Nets,Barclays Center",Private Investor,Gruppa Oneksim OOO,2350,Cash, ,Completed
AST,11/24/2022,Anchor Business/ Russia,Private Investor,VEON Ltd,2142.4,Cash, ,Completed
AST,12/4/2018,Azeri Chirag Gunashli project,Potential Buyer,Exxon Mobil Corp,2000,Cash, ,Withdrawn
AST,5/19/2022,Sakhalin-II oil & gas project,DSV A/S,Shell PLC,1520.59,Cash, ,Withdrawn
AST,1/28/2020,Elga Coal Project,A-Properti OOO,Mechel PJSC,1426.67,Cash, ,Completed
AST,10/4/2018,Achimov development,OMV AG,Gazprom PJSC,1041.11,Cash, ,Terminated
AST,9/6/2021,Mobile network towers/Russia,Rostelecom PJSC,VEON Ltd,967.91,Cash, ,Completed
AST,8/20/2021,National Tower Co,Private Investor,VEON Ltd,957,Cash, ,Completed
AST,9/21/2023,Syktyvkarsky Forestry Enterprise JSC,Sezar Group OOO,Mondi PLC,834.4,Cash, ,Completed
AST,5/4/2023,Russian business activities/Henkel AG & Co KGaA,Private Investor,Henkel AG & Co KGaA,690.66,Cash, ,Completed
AST,8/2/2018,Baimskaya Copper Deposit/Chukota,KAZ Minerals PLC,,675.26,Cash and Stock, ,Completed
AST,11/5/2019,Portfolio of approx 20 select OTC & prescription pharmaceutical assets,STADA Arzneimittel AG,Takeda Pharmaceutical Co Ltd,660,Cash, ,Completed
AST,1/19/2022,Yakutia gas project,Zhejiang Provincial Energy Group Co Ltd,A-Properti OOO,567.2,Cash, ,Pending
AST,10/18/2018,Power assets/Southern Russia,Inter RAO UES PJSC,LUKOIL PJSC,532.35,Cash, ,Withdrawn
AST,9/22/2022,Beverage packaging unit/Russia,DKK Zao,Ball Corp,530,Cash, ,Completed
AST,5/28/2024,US Midwest assets/Novolipetsk Steel PJSC,Cleveland-Cliffs Inc,Novolipetskiy Metallurgicheskiy Kombinat PAO,500,Cash, ,Withdrawn
AST,9/30/2019,Elga Coal Project,Mechel PJSC,Gazprombank JSC,462.3,Cash, ,Pending
AST,8/29/2022,Russian plant/Nokian Renkaat Oyj,Tatneft PJSC,Nokian Renkaat Oyj,400.6,Cash, ,Completed
AST,8/4/2022,Russian Subsidaries & Assets/Petropavlovsk PLC,Ural Mining and Metallurgical Co OJSC,Petropavlovsk PLC,398.32,Cash, ,Completed
AST,11/20/2019,Coal assets/Irkutskenergo PJSC,Potential Buyer,Irkutskenergo PJSC,390.75,Cash, ,Withdrawn
AST,10/6/2022,Russian operations/Sylvamo,Pulp Invest LLC,Sylvamo Corp,390,Cash, ,Completed
AST,4/5/2022,"Kupol mine/Russia,Udinsk project/Russia",Highland Gold Mining Ltd,Kinross Gold Corp,340,Cash, ,Completed
AST,6/20/2019,Reftinskaya power unit,Kuzbassenergo OJSC,EL5-ENERO PJSC,322.95,Cash, ,Completed
AST,12/3/2024,Russian business/Carlsberg AS,Private Investor,Carlsberg AS,320.62,Cash, ,Withdrawn
AST,8/27/2024,Alluvials Gold Deposits,Unnamed Buyer,Polyus Gold International Ltd,237,Cash, ,Completed
AST,5/19/2022,Operations facility/Russia,VSMPO-AVISMA Corp PJSC,Arconic Corp,230,Cash, ,Completed
AST,5/6/2019,Mini-Mill Balakovo,Abinski Elektrometallurgicheski Zavod OOO,Severstal PAO,215,Cash, ,Completed
AST,8/6/2019,Chulbatkan Development Project/N-Mining Ltd,Kinross Gold Corp,N-Mining Ltd,213.13,Cash and Stock, ,Completed
AST,10/16/2018,Nevsky Center shopping mall,PPF Group NV,Lindex Group OYJ,198.12,Cash, ,Completed
AST,2/21/2024,Russian operations/Danone,Potential Buyer,Danone SA,191.69,Cash, ,Withdrawn
AST,4/14/2022,4 manufacturing units,Espetina Ltd,Huhtamaki Oyj,163.32,Cash, ,Completed
AST,1/9/2020,Krasnoyarskaya GRES 2 Lignite Plant Russia,Vostok PTC Ltd,OGK-2 PJSC,163.2,Cash, ,Completed
AST,12/17/2019,Krasnoyarsk GRES-2,Linea Ltd/Bermuda,Gazprom PJSC,160.2,Cash, ,Withdrawn
AST,6/17/2022,Chulbatkan gold deposit/Khabarovsk,Polyus PJSC,Fortiana Holdings Ltd,140,Cash, ,Pending
AST,3/1/2023,Volkswagen plant/Kaluga,Avilon AG ZAO,Volkswagen AG,131.8,Cash, ,Completed
AST,9/23/2020,Sukhoi Log deposit,Polyus PJSC,RT-Business Development LLC,128.2,Cash, ,Pending
AST,11/20/2024,Data Center Campus/Northern Virginia,Iron Mountain Inc,PRP OOO,113.5,Cash, ,Completed
AST,6/10/2023,Russian Operations/Essity AB,NEW Technologies LLC,Essity AB,110.88,Cash, ,Completed
AST,5/9/2022,Kun-Manie Nickel/Copper Deposit,Stanmix Holding Ltd,Crism Therapeutics Corp,105,Cash, ,Pending
AST,12/6/2022,KFC Russia Restaurant Business'/AMREST HOLDINGS,Almira OOO,AmRest Holdings SE,104.82,Cash, ,Completed
AST,4/22/2021,Toyota & Audi retail operations,Sbsv OOO,Inchcape PLC,96.9,Cash, ,Pending
AST,4/6/2022,Russian Business / Hyve Group plc,Rise Expo ltd,Hyve Group PLC,94.15,Cash, ,Withdrawn
AST,11/6/2018,Peking hotel/Moscow,China Chengtong Holdings Group Ltd,HALS-Development PJSC,91.14,Cash, ,Withdrawn
AST,4/28/2022,Russian business operations/Inchcape,Management Group,Inchcape PLC,79.9,Cash, ,Pending
AST,4/17/2020,Veduga gold project,VTB Bank PJSC,Solidcore Resources PLC,71,Cash, ,Pending
AST,4/23/2019,Building 3 at Aquamarine III business centre/Moscow,Unnamed Buyer,AFI Development PLC,69.82,Cash, ,Pending
AST,12/23/2021,Kantemirovsky/St Petersburg,Union of Huawei Investment & Holding Co Ltd,,68.2,Cash, ,Withdrawn
AST,7/19/2022,Polymetal International/Russian Assets,Mangazeya Gaz AO/Krasnoselkup,Solidcore Resources PLC,65.46,Cash, ,Pending
AST,9/13/2023,Crop & milk production businesses/Don Agro International Ltd,Agroinvest OOO,UpHealth Group Ltd,64.48,Stock, ,Pending
AST,3/25/2020,Elginskoye project/Amur,Petropavlovsk PLC,Areco Associates Ltd,60,Cash, ,Pending
AST,3/31/2022,Business activities/Russia,Unnamed Buyer,CNH Industrial NV,60,Cash, ,Completed
AST,3/5/2020,Grain transportation unit,VTB Bank PJSC,Far-Eastern Shipping Co PLC,56.2,Cash, ,Completed
AST,10/30/2018,Kapan Copper Mine,Chaarat Gold Holdings Ltd,Solidcore Resources PLC,55,Cash, ,Completed
AST,9/11/2019,Properties on 7 Tverskaya st/Moscow,Unnamed Buyer,Central Telegraph PJSC,53.38,Cash, ,Completed
AST,9/13/2019,Meridian Business Center/Trinfico Group,Supremum Capital,,35.81,Cash, ,Completed
AST,9/12/2024,Oncology clinic group/Russia,UpHealth Group Ltd,,33.35,Cash, ,Withdrawn
AST,8/29/2019,Video content production business,Mobile TeleSystems PJSC,Sistema PJSFC,30.06,Cash, ,Completed
AST,7/18/2024,Eurodon leased facilities/Rostov,APK Damate OOO,Eurodon OOO,28.38,Cash, ,Completed
AST,7/17/2023,31 Michurinsky Prospekt/Moscow,MD Medical Holding Ltd,,24.77,Cash, ,Completed
AST,12/15/2022,3 Russian packaging converting operations/MONDI PLC,GOTEC Gorschlueter GmbH,Mondi PLC,24.77,Cash, ,Completed
AST,9/29/2020,Hotel/Gazprom PJSC,Unnamed Buyer,Gazprom PJSC,16.44,Cash, ,Completed
AST,8/11/2023,Russian assets/Magna International Inc,Unnamed Buyer,Magna International Inc,15,Cash, ,Completed
AST,7/12/2022,130881 sq ft office complex/Florida,Miami Lakes Corp Center LLC,Rafel OOO,15,Cash, ,Completed
AST,8/11/2022,82 mln coal property,Stroyservis ZAO,,14.68,Cash, ,Completed
AST,5/11/2020,North Kaluga property,Kaluga Mining Ltd,Solidcore Resources PLC,10.7,Cash, ,Pending
AST,11/29/2022,Office building/KMC Properties ASA,Unnamed Buyer,BEVEST ASA,9.93,Cash, ,Completed
AST,2/21/2024,Russian operations/Wienerberger AG,Private Investor,Wienerberger AG,9.73,Cash, ,Completed
AST,6/15/2023,Coffee store/Russia,Private Investor,Starbucks Corp,5.99,Cash, ,Completed
AST,3/30/2021,Mothballed Abashevskaya mine,Unnamed Buyer,Raspadskaya OJSC,5.26,Cash, ,Pending
AST,10/18/2019,Pilot plant & technology,Evraz PLC,Rock Capital Partners LLC,3.89,Cash, ,Completed
AST,1/15/2021,Licence 67/Tomsk Oblast,PetroNeft Resources PLC,Sharmel Ltd,2.35,Cash and Stock, ,Completed
AST,8/25/2023,Certain assets/Heineken NV,DKK Zao,Heineken NV,0,Cash, ,Completed
AST,1/15/2020,Unnamed Target,Ucom LLC,VEON Ltd,N/A,Cash, ,Withdrawn
AST,1/21/2020,Bystrinskiy copper project,Winter Capital Advisors LLC,,N/A,Cash, ,Completed
AST,1/31/2020,Industrial assets/Ufaleynickel PJSC,Russian Copper Co ZAO,Ufaleynickel PJSC,N/A,Cash, ,Withdrawn
AST,7/7/2020,Drilling business/IDS Group,Rosneft Oil Co PJSC,Ay Di Es Grupp ZAO,N/A,Cash, ,Pending
AST,7/16/2020,Chicken processing facility/Efremov,Cherkizovo Group PJSC,Cargill Inc,N/A,Cash, ,Completed
AST,7/21/2020,PNK Park Veshki/Moscow,"Sberbank of Russia PJSC,PNK group LLC",,N/A,Cash, ,Pending
AST,8/5/2020,Yubileinaya winery/Krasnodar,Abrau-Durso PJSC,,N/A,Cash, ,Completed
AST,6/10/2020,Floating Platform/Odyssey,Rosatom Corp,Siberia Airlines,N/A,Undisclosed, ,Withdrawn
AST,6/17/2020,SOVEST consumer lending business,Sovcombank PJSC,QIWI plc,N/A,Cash, ,Completed
AST,6/30/2020,Mayak & Prima building/Moscow,Sberbank of Russia PJSC,,N/A,Cash, ,Completed
AST,3/23/2020,Elga Coal Project,A-Properti OOO,Gazprombank JSC,N/A,Cash, ,Pending
AST,3/29/2020,Assets in Venezuela/Rosneft Oil Co PJSC,Unnamed Buyer,Rosneft Oil Co PJSC,N/A,Cash, ,Completed
AST,4/29/2020,22-storey business center,Alrosa PJSC,Areti Group Ltd,N/A,Cash, ,Completed
AST,3/1/2023,Sukhoi Superjet 100,Markab Capital,United Aircraft Corp PJSC,N/A,Cash, ,Pending
AST,3/7/2023,Manufacturing facility/Russia,Sistema PJSFC,Volkswagen AG,N/A,Undisclosed, ,Withdrawn
AST,3/14/2023,Armenia Business,Potential Buyer,Mobile TeleSystems PJSC,N/A,Undisclosed, ,Withdrawn
AST,3/15/2023,8 breweries/Russia,Anadolu Efes Biracilik Ve Malt Sanayii AS,Carlsberg AS,N/A,Undisclosed, ,Withdrawn
AST,3/28/2023,11 Henkels Plants/Russia,Private Investor,Henkel AG & Co KGaA,N/A,Cash, ,Pending
AST,3/30/2023,Russian business/Swixx Biopharma SA,Eli Lilly & Co,Swixx Biopharma SA,N/A,Cash, ,Pending
AST,3/31/2023,Baby food business/Russia,GK Chernogolovka AO,Kraft Heinz Co/The,N/A,Cash, ,Completed
AST,6/23/2023,Russian business/Carlsberg AS,Unnamed Buyer,Carlsberg AS,N/A,Cash, ,Pending
AST,5/4/2023,Russian location/Malaya Vishera,Gruppa Kompaniy Vologodskiye Lesopromyshlenniki AO,HASSLACHER DRAULAND Holzindustrie GmbH,N/A,Cash, ,Completed
AST,5/12/2023,Decathlon Store/Russia,Unnamed Buyer,Decathlon SA,N/A,Undisclosed, ,Withdrawn
AST,5/19/2023,Nevsky Prospekt/St Petersburg,TETIS Kepital OOO,,N/A,Cash, ,Completed
AST,7/3/2023,Pulkovo Sky/St Petersburg,Balchug Capital CJSC,,N/A,Cash, ,Completed
AST,7/3/2023,Metropolis shopping center/Moscow,Balchug Capital CJSC,,N/A,Cash, ,Completed
AST,7/14/2023,Production/Russia,Sollers PJSC,Isuzu Motors Ltd,N/A,Undisclosed, ,Completed
AST,7/20/2023,Tikhov Mine/Leninsk-Kuznetsk,Magnitogorsk Iron & Steel Works PJSC,Koks PAO,N/A,Undisclosed, ,Completed
AST,11/3/2023,Certain assets/Helsinki Shipyard Oy,4370422 Canada Inc,Helsinki Shipyard Oy,N/A,Cash, ,Completed
AST,11/14/2023,Certain Assets,Unnamed Buyer,Nebius Group NV,N/A,Undisclosed, ,Pending
AST,10/5/2023,2 observation & imaging satellites,Konsalt AO,,N/A,Cash, ,Pending
AST,10/12/2023,Russian Operations/Legrand,IEK OOO,Legrand SA,N/A,Cash, ,Completed
AST,10/31/2023,Russian Thermal Systems Business/ Valeo,NPK Avtopribor OOO,Valeo SE,N/A,Undisclosed, ,Pending
AST,8/1/2023,"Victoria Baltiya LLC,Deshevo Stores/Kaliningrad",X5 Retail Group NV,,N/A,Cash, ,Pending
AST,8/18/2023,Powertrain Systems business/Russia,NPK Avtopribor OOO,Valeo SE,N/A,Undisclosed, ,Pending
AST,9/6/2023,Russian DPD business/Geopost SA,Potential Buyer,La Poste SA,N/A,Cash, ,Withdrawn
AST,9/7/2023,"Russian businesses/British American Tobacco PLC,Belarusian businesses/British American Tobacco PLC","Management Group,BFI Holding LLC FZ",British American Tobacco PLC,N/A,Cash, ,Pending
AST,9/26/2023,Gypsum plant/Kazakhstan,Volma OOO,,N/A,Cash, ,Completed
AST,9/27/2023,Diversified business/Russia,Commex Technology Ltd,Binance Holdings Ltd,N/A,Cash, ,Pending
AST,2/22/2024,"Bor Glass Factory/Russia,Klin Glass Factory/Russia",Adamant Holding ZAO,AGC Inc,N/A,Undisclosed, ,Completed
AST,2/28/2024,Portfolio of non core asset/Russian Space Agency,Potential Buyer,Russian Space Agency,N/A,Cash, ,Withdrawn
AST,3/22/2024,EDP business/Russia,Gruppa Logika Moloka OOO,Danone SA,N/A,Cash, ,Completed
AST,3/23/2024,Russian operations/Danone,Vamin Tatarstan OAO,Danone SA,N/A,Cash, ,Completed
AST,1/10/2024,Portfolio of 2 Assets/Kaluga,Severstal PAO,Ventall Terminals Sia,N/A,Cash, ,Completed
AST,1/22/2024,Portfolio of 100 KFC outlets/Russia,Yunirest OOO,Ey Key Rasha OOO,N/A,Cash, ,Pending
AST,1/30/2024,Russian Oil Project/Siberia,ITOCHU Corp,Inpex Corp,N/A,Cash, ,Pending
AST,12/19/2023,Factory assets/Russia,Can Holding AS,Robert Bosch Stiftung GmbH,N/A,Cash, ,Withdrawn
AST,12/19/2023,Robert Bosc's factories/Strelna,Can Holding AS,Robert Bosch GmbH,N/A,Cash, ,Pending
AST,4/20/2023,Russian business/Ansell Ltd,Perspectiva ZAO,Ansell Ltd,N/A,Cash, ,Completed
AST,4/24/2023,Russian wholesale business,Stokmann AO/Moscow,HUGO BOSS AG,N/A,Cash, ,Completed
AST,4/25/2023,Local assets/Mercedes-Benz Group AG,Blok Avtodom OOO,Mercedes-Benz Group AG,N/A,Cash, ,Completed
AST,4/27/2023,Operative business/Delta Motor Group Oy,Hedin Mobility Group AB,Delta Motor Group Oy,N/A,Cash, ,Completed
AST,4/21/2022,SSC Sakhalin-2,"China National Petroleum Corp,China Petroleum & Chemical Corp,CNOOC Ltd",Shell PLC,N/A,Undisclosed, ,Withdrawn
AST,4/25/2022,Digital asset business,Unnamed Buyer,Exmo Exchange Ltd,N/A,Undisclosed, ,Pending
AST,4/28/2022,Yandex.Zen,VK IPJSC,Nebius Group NV,N/A,Cash, ,Completed
AST,4/29/2022,Aluminum Unit/United Co RUSAL International PJSC,Private Investor,United Co RUSAL International,N/A,Cash, ,Pending
AST,11/5/2020,Thermotechnology radiator factory,Purmo Group Oy AB,Bosch Ltd,N/A,Cash, ,Pending
AST,11/17/2020,Vostok Oil project,Farringford NV,Rosneft Oil Co PJSC,N/A,Cash, ,Completed
AST,11/23/2020,Electric power assets/LUKOIL PJSC,Potential Buyer,LUKOIL PJSC,N/A,Cash, ,Withdrawn
AST,11/28/2020,"Momat Rino for Russia and Kazakhstan and Uzbekistan/Glenmark Pharmaceuticals Ltd,Momat Rino Advance for Russia/Glenmark Pharmaceuticals Ltd,Momat A for Kazakhstan and Uzbekistan/Glenmark Pharmaceuticals Ltd,Glenspray and Glenspray Active for Ukraine/Glenmark Pharmaceuticals Ltd",Dr Reddy's Laboratories Ltd,Glenmark Pharmaceuticals Ltd,N/A,Cash, ,Pending
AST,10/26/2020,"Maximo Mall/Waterfront Skyway Marina,10600 sq ft single tenant retail building/Waterfront Skyway Marina",Allied Group Holdings LLC,,N/A,Cash, ,Completed
AST,10/29/2020,Alexandrovskoye open pit gold mining project & mining processing plant/Russia,Orsu Metals Corp,,N/A,Cash, ,Withdrawn
AST,9/1/2020,Zun-Holba Gold Mine,Potential Buyer,Nord Gold PLC,N/A,Cash, ,Withdrawn
AST,4/29/2019,Ekibastuz GRES-2 Coal Plant,Fund of National Welfare Samruk-Kazyna JSC,Inter RAO UES PJSC,N/A,Cash, ,Withdrawn
AST,3/11/2019,Non-core asset sales/Russia & Armenia,Potential Buyer,Solidcore Resources PLC,N/A,Cash, ,Withdrawn
AST,3/22/2019,Mats activity/Blesk InCare,Elis SA,Blesk InCare,N/A,Cash, ,Completed
AST,1/2/2019,Inzenham & Breitbrunn/Germany,Nafta AS,"Wintershall Dea International GmbH,Storengy Deutschland GmbH",N/A,Cash, ,Completed
AST,2/11/2019,ERGO Non-Life business/ERGO International AG,RESO-Garantia Insurance PJSC,Muenchener Rueckversicherungs-Gesellschaft AG in Muenchen,N/A,Cash, ,Pending
AST,2/13/2019,Russian business/Atria Oyj,Potential Buyer,Atria Oyj,N/A,Cash, ,Withdrawn
AST,2/22/2019,Russian wireless business,Potential Buyer,VEON Ltd,N/A,Cash, ,Withdrawn
AST,4/1/2021,Portfolio of pharmaceutical products & food supplements brands,Acino International AG,Ilmiksgrupp AO,N/A,Cash, ,Completed
AST,4/13/2021,8 solar parks/Russia,Stichting INGKA Foundation,Solar Systems LLC,N/A,Cash, ,Completed
AST,4/19/2021,Tambei group of gas fields/Gazprom PJSC,Novatek PJSC,Gazprom PJSC,N/A,Cash and Stock, ,Withdrawn
AST,4/26/2021,Ural assets/NLMK Group,Potential Buyer,NLMK Group,N/A,Cash, ,Withdrawn
AST,5/21/2021,Amtel Logistics Complex/Bilogorodka,Ukrainian Commercial Property Investment Holding Ltd,Amtel Properties Development Ltd/Russia,N/A,Cash, ,Completed
AST,5/27/2021,Power plants/Russia,Inter RAO UES PJSC,Uniper SE,N/A,Cash, ,Withdrawn
AST,2/4/2021,Lysogorskoye gold deposit/Russia,Cache Exploration Inc,Artemovsky Rudnik JSC,N/A,Cash, ,Withdrawn
AST,2/20/2021,Allluvial assets/Vostok Zoloto OOO,Uryumkan OOO,Vostok Zoloto OOO,N/A,Cash, ,Completed
AST,1/11/2021,Citilink/Merlion Proekty OOO,Sberbank of Russia PJSC,Merlion Proekty OOO,N/A,Cash, ,Withdrawn
AST,1/12/2021,Fertilizer plant/Alfa-Bank AO,Uralkali PJSC,ABH Holdings SA,N/A,Cash, ,Completed
AST,1/27/2021,Zhelezhny Kryazh gold mining project,Private Investor,VKM OAO,N/A,Cash, ,Completed
AST,10/18/2018,Ukrainian laboratory operations\Invitro,Medicover AB,INVITRO LLC,N/A,Cash, ,Pending
AST,11/2/2018,Road machinery & Vehicle manufacturing assets,Potential Buyer,GAZ PJSC,N/A,Cash, ,Withdrawn
AST,7/18/2018,Certain Assets/Rosvodokanal Group,Veolia Environnement SA,Rosvodokanal Group,N/A,Cash, ,Withdrawn
AST,9/26/2018,Oil & gas project/Gazprom Neft PAO,Shell PLC,Gazprom Neft PJSC,N/A,Cash, ,Withdrawn
AST,7/1/2019,WINGAS biomethane business,E.ON SE,Gazprom PJSC,N/A,Cash, ,Completed
AST,7/5/2019,75 fuel stations & terminal,Tatneft PJSC,Neste Oyj,N/A,Cash, ,Completed
AST,7/5/2019,Certain real estate assets/MegaFon PJSC,Potential Buyer,MegaFon PJSC,N/A,Cash, ,Withdrawn
AST,7/15/2019,IP & call centers/Vezet group,Nebius Group NV,RuTaxi-Saturn,N/A,Cash and Stock, ,Pending
AST,7/17/2019,OTC & Prescription drugs/Russia,STADA Arzneimittel AG,Takeda Pharmaceutical Co Ltd,N/A,Cash, ,Withdrawn
AST,6/3/2019,Frozen vegetables plant/Belgorod,Bonduelle SCA,Shock LLC,N/A,Cash, ,Completed
AST,6/13/2019,Beef production and farming business/Inalca SpA,Russian Direct Investment Fund Management Co,Cremonini SpA,N/A,Cash, ,Pending
AST,11/28/2019,Sevan-Hrazdan Cascade,Assotsiatsiya Torgovo-Stroitel'no-Promyshlennaya Gruppa Kompaniy Tashir,RusHydro PJSC,N/A,Cash, ,Completed
AST,10/9/2019,Akkuyu plant/Turkey,TEAS Turkiye Elektrick Uretim-Iletim AS,Russian Direct Investment Fund Management Co,N/A,Cash, ,Withdrawn
AST,10/15/2019,Atacama Lithium Project,Wealth Minerals Ltd,Rosatom Corp,N/A,Cash, ,Pending
AST,10/28/2019,"Southside regional medical center/Petersburg,Southampton memorial hospital/Franklin,Southern Virginia Regional Medical Center/Emporia",Mercy Health Network,Community Health Systems Inc,N/A,Cash, ,Completed
AST,9/11/2019,Voronzeh airport,Novaport OOO,Aksioma Group OOO,N/A,Cash, ,Completed
AST,9/24/2019,Non-Performing Credit Portfolio/Russia,EOS Holding GmbH,UniCredit SpA,N/A,Cash, ,Completed
AST,8/22/2019,Far East Russian business,Inzhenerno-Stroitelnaya Kompaniya LLC,Modern Machinery Co Inc,N/A,Cash, ,Completed
AST,8/30/2019,2 new section licenses of Vorgashorskoye,Severstal PAO,,N/A,Cash, ,Completed
AST,4/12/2018,Megamart,Potential Buyer,DIXY Group PJSC,N/A,Cash, ,Withdrawn
AST,12/7/2021,"Zimnyaya Doroga,Staraya Moskva",NovaBev Group PJSC,Kristall-Lefortovo OOO,N/A,Undisclosed, ,Pending
AST,12/7/2021,Tower assets/Pakistan,Potential Buyer,VEON Ltd,N/A,Cash, ,Withdrawn
AST,12/7/2021,Tower assets/Ukraine,Potential Buyer,VEON Ltd,N/A,Cash, ,Withdrawn
AST,11/16/2021,Cellular tower assets/Mobile TeleSystems PJSC,Unnamed Buyer,Mobile TeleSystems PJSC,N/A,Cash, ,Pending
AST,11/18/2021,Nornickels assets/Africa,Bcl Group Ltd,MMC Norilsk Nickel PJSC,N/A,Cash, ,Completed
AST,11/24/2021,Generating Assets/Enel SpA,Potential Buyer,Enel SpA,N/A,Cash, ,Withdrawn
AST,11/24/2021,Enel Russia generation assets,Unnamed Buyer,EL5-ENERO PJSC,N/A,Cash, ,Pending
AST,12/2/2020,Payakha field,Rosneft Oil Co PJSC,Independent Petroleum Co Holdings CY Ltd,N/A,Cash, ,Withdrawn
AST,12/31/2020,350 MW wind farms/Ulyanovsk & Rostov,"Fortum Oyj,Russian Direct Investment Fund Management Co (Fund: RDIF Mubadala Co-investment Fund)",,N/A,Cash, ,Completed
AST,3/2/2022,Eurasian business,Potential Buyer,Aggreko PLC,N/A,Cash, ,Withdrawn
AST,3/3/2022,Russian Operations/Intesa Sanpaolo SpA,Potential Buyer,Intesa Sanpaolo SpA,N/A,Cash, ,Withdrawn
AST,3/7/2022,Russian assets/Carmignac Gestion SA,Potential Buyer,Carmignac Gestion SA,N/A,Cash, ,Withdrawn
AST,3/22/2022,Russian Business/ MTI Wireless Edge Ltd,Private Investor,MTI Wireless Edge Ltd,N/A,Undisclosed, ,Completed
AST,3/30/2022,Russia Assets/Kinross Gold Corp,Fortiana Holdings Ltd,Kinross Gold Corp,N/A,Undisclosed, ,Withdrawn
AST,3/31/2022,Multifunctional logistics complex/Tver,Aquarius Group Co Ltd,RVM Capital CJSC AMC,N/A,Cash, ,Completed
AST,1/10/2022,Polymer Production/ Ust-Luga,Gazprom PJSC,,N/A,Cash, ,Withdrawn
AST,1/12/2022,Russian life insurance unit,SovCo Capital Partners BV,Talanx AG,N/A,Cash, ,Pending
AST,1/14/2022,Airportcity St petersburg,Warimpex Finanz- und Beteiligungs AG,,N/A,Cash, ,Completed
AST,1/18/2022,Capacity of 2 500 sows pig farm/Belgorod,Ros Agro PLC,,N/A,Cash, ,Completed
AST,1/28/2022,Mobile tower business/Mobile TeleSystems PJSC,Kismet Capital LLC,Mobile TeleSystems PJSC,N/A,Cash, ,Withdrawn
AST,10/7/2021,Textile activity/Blesk InCare,Elis SA,Blesk InCare,N/A,Cash, ,Completed
AST,10/18/2021,Production Business/Russia,KDV Group OOO,Unilever PLC,N/A,Cash, ,Completed
AST,10/22/2021,Assets/Rosneft Oil Co PJSC,Nezavisimaya Neftegazovaya Kompaniya AO,Rosneft Oil Co PJSC,N/A,Cash, ,Pending
AST,5/8/2022,petrol stations & lubrican plants/Russia,Potential Buyer,Shell PLC,N/A,Undisclosed, ,Withdrawn
AST,5/12/2022,Russia Assets/Fortum Oyj,Potential Buyer,Fortum Oyj,N/A,Cash, ,Withdrawn
AST,5/12/2022,Russian Assets/EPAM System Inc,Unnamed Buyer,EPAM Systems Inc,N/A,Cash, ,Pending
AST,5/16/2022,100 stores/Russia,FLO Magazacilik Ve Pazarlama AS,Authentic Brands Group Inc,N/A,Cash, ,Withdrawn
AST,5/16/2022,Russian assets of Renault,Russian Federation,Renault SA,N/A,Cash, ,Completed
AST,5/17/2022,"Home Credit & Finance Bank OOO,Banking Assets/Russia",Investor Group,PPF Group NV,N/A,Undisclosed, ,Completed
AST,5/19/2022,Sakhalin-I oil & gas project,Potential Buyer,Exxon Mobil Corp,N/A,Cash, ,Withdrawn
AST,5/23/2022,Russian Retail shops/ Levi Strauss,Potential Buyer,Levi Strauss & Co,N/A,Undisclosed, ,Withdrawn
AST,5/24/2022,Zurich Russia,Private Investor,Zurich Insurance Group AG,N/A,Undisclosed, ,Pending
AST,5/30/2022,Delfingen Russian Plant,Unnamed Buyer,DELFINGEN,N/A,Undisclosed, ,Completed
AST,6/2/2022,Russia assets/OC Oerlikon,Management Group,OC Oerlikon Corp AG,N/A,Undisclosed, ,Pending
AST,6/16/2022,PRISMA supermarkets & kitchen facility/St Petersburg,X5 Retail Group NV,SOK Retail Int Oy,N/A,Cash, ,Pending
AST,6/22/2022,Hotel business/St Petersburg,Private Investor,Suomen Osuuskauppojen Keskuskunta,N/A,Cash, ,Pending
AST,6/28/2022,Bussiness in Russia / Kone,S8 Capital AO,Kone Oyj,N/A,Cash, ,Completed
AST,6/28/2022,Russian operation,Management Group,Cie Generale des Etablissements Michelin SCA,N/A,Cash, ,Withdrawn
AST,6/28/2022,GTLK European Unit,Potential Buyer,Attestor Capital LLP,N/A,Undisclosed, ,Withdrawn
AST,2/21/2022,Portfolio of 2 anti-bacterial brands/Dr Reddy's Laboratories Ltd,Sistema PJSFC,Dr Reddy's Laboratories Ltd,N/A,Cash, ,Pending
AST,2/28/2022,Russian assets/Government Pension Fund Global,Potential Buyer,Government Pension Fund Global,N/A,Cash, ,Withdrawn
AST,7/3/2022,Russian operations/Schneider Electric SE,Management Group,Schneider Electric SE,N/A,Cash, ,Pending
AST,7/6/2022,Kharyaga oil field,Unnamed Buyer,TotalEnergies SE,N/A,Cash, ,Completed
AST,7/11/2022,Sephora Russia,Unnamed Buyer,LVMH Moet Hennessy Louis Vuitton SE,N/A,Undisclosed, ,Pending
AST,7/15/2022,Russian business/Danfoss,Management Group,Danfoss A/S,N/A,Undisclosed, ,Pending
AST,7/21/2022,Russian unit/HSBC Holdings Plc,Expobank LLC,HSBC Holdings PLC,N/A,Cash, ,Pending
AST,7/27/2022,Russia business/Otis Worldwide Corp,S8 Capital AO,Otis Worldwide Corp,N/A,Cash, ,Pending
AST,7/28/2022,Car assembly site/Russia,Asia Auto,Volkswagen AG,N/A,Cash, ,Withdrawn
AST,7/29/2022,Portfolio of 2 glass plants unit/Russia,Private Investor,Koch Industries Inc,N/A,Cash, ,Completed
AST,8/1/2022,Oilfield Services Unit/Russia,Management Group,Baker Hughes Co,N/A,Undisclosed, ,Pending
AST,8/7/2022,Diginetica,TCS Group Holding PLC,,N/A,Cash, ,Pending
AST,8/9/2022,Business operation/Russia,Potential Buyer,Kahrs Holding AB,N/A,Cash, ,Withdrawn
AST,8/26/2022,Car assembly plany/Moscow,Potential Buyer,Mercedes-Benz Group AG,N/A,Cash, ,Withdrawn
AST,4/1/2022,Russian Business/Purmo Group Oyj,Unnamed Buyer,Purmo Group Oyj,N/A,Undisclosed, ,Terminated
AST,4/4/2022,Russia Factory/Brodrene Hartmann,Potential Buyer,Brodrene Hartmann A/S,N/A,Undisclosed, ,Withdrawn
AST,4/11/2022,Rosbank PJSC,Interros Holding Co,Societe Generale SA,N/A,Undisclosed, ,Pending
AST,4/12/2022,Food service business/Russia,Unnamed Buyer,Compass Group PLC,N/A,Cash, ,Completed
AST,9/16/2024,Telemedicine Business/MKPAO Yandex,OraSure Technologies Inc,Solid Menedzhment AO,N/A,Cash, ,Withdrawn
AST,9/24/2024,Industrial complex/Technonicol Corp,Technonicol Corp,ECO Partners Inc,N/A,Cash, ,Completed
AST,5/29/2024,Timashevsky dairy plant/PepsiCo Inc,Agrokompleks Glushkovski OOO,PepsiCo Inc,N/A,Cash, ,Completed
AST,4/4/2024,Distribution business/A Group OOO,Severstal PAO,A Grupp OOO,N/A,Cash, ,Completed
AST,4/8/2024,Kaliningrad exclave/Russia,Private Investor,Viciunai Uab,N/A,Cash, ,Pending
AST,4/19/2024,Russian Business/Purmo Group Oyj,Unnamed Buyer,Purmo Group Oyj,N/A,Cash, ,Completed
AST,4/26/2024,Nice Ice ready-to-eat food business/Leningrad,X5 Retail Group NV,,N/A,Cash, ,Completed
AST,8/28/2024,German oil refineries business/Rosneft Oil Co PJSC,State of Qatar,Rosneft Oil Co PJSC,N/A,Cash, ,Withdrawn
AST,9/7/2017,SevKomNeftegaz OOO,Equinor ASA,Rosneft Oil Co PJSC,N/A,Cash, ,Completed
AST,3/18/2021,Russia business of Gett,Citymobil LLC,Gett Inc,N/A,Cash, ,Pending
AST,6/16/2021,Tower business/Vimpel-Communications PJSC,Potential Buyer,VEON Ltd,N/A,Cash, ,Withdrawn
AST,6/22/2021,Cell towers & masts/VimpelCom,VTB Capital Asset Management JSC,VEON Ltd,N/A,Cash, ,Pending
AST,6/22/2021,Vimpelcom cell towers,Russian Towers OOO,VTB Bank PJSC,N/A,Cash, ,Withdrawn
AST,7/8/2021,Argayash coal fired heat & power plant,Rosatom Corp,Fortum Oyj,N/A,Cash, ,Completed
AST,9/1/2021,Online business/X5 Retail Group NV,Sberbank of Russia PJSC,X5 Retail Group NV,N/A,Cash, ,Withdrawn
AST,9/2/2021,Vostok Oil project,Oil & Natural Gas Corp Ltd,,N/A,Cash, ,Withdrawn
AST,9/8/2021,Traditional electricity generation asset/PJSC Unipro,Potential Buyer,Unipro PJSC,N/A,Cash, ,Withdrawn
AST,9/14/2021,Key oil projects/Lukoil PJSC,Ghana National Petroleum Corp,LUKOIL PJSC,N/A,Cash, ,Withdrawn
AST,9/17/2021,1100000 sq ft Class A industrial warehouse/Lambert Farms,KKR Real Estate Select Trust Inc,PNK group LLC,N/A,Cash, ,Completed
AST,9/13/2022,Russian Auto Dealership Business/MAN Truck & Bus SE,Unnamed Buyer,Traton SE,N/A,Cash, ,Pending
AST,9/16/2022,German Operations/Rosneft,Federal Republic of Germany,Rosneft Oil Co PJSC,N/A,Undisclosed, ,Completed
AST,9/19/2022,Russia Oilseed Processing Plant and Business/Bunge Ltd,Private Investor,Bunge Global SA,N/A,Cash, ,Completed
AST,9/20/2022,Metropolis shopping center,Capital Partners LLC,"California Public Employees' Retirement System,Hines Interests LP,Morgan Stanley (Fund: Morgan Stanley Real Estate Fund VII Global LP)",N/A,Undisclosed, ,Withdrawn
AST,9/21/2022,Oil refinery/Italy,Crossbridge Energy Partners LLC,LUKOIL PJSC,N/A,Cash, ,Terminated
AST,11/14/2022,Sergeevskoe gold project/Russia,Unnamed Buyer,Orsu Metals Corp,N/A,Cash, ,Completed
AST,12/14/2022,Business/Russia,Unnamed Buyer,Holcim AG,N/A,Cash, ,Pending
AST,12/15/2022,Local customer support business/Russia,Unnamed Buyer,Telefonaktiebolaget LM Ericsson,N/A,Cash, ,Pending
AST,10/5/2022,Russia business/GB Foods Europa,Samyoung System Co Ltd,GB Foods Europa SL/The,N/A,Cash, ,Completed
AST,10/18/2022,Manufacturing plant/Russia,Potential Buyer,Hyundai Motor Co,N/A,Cash, ,Withdrawn
AST,10/19/2022,Welding & painting operations/Russia,Private Investor,Volvo AB,N/A,Cash, ,Completed
AST,10/24/2022,Portfolio of KFC Restaurants,Management Group,Yum! Brands Inc,N/A,Cash, ,Completed
AST,10/25/2022,Portfolio of Zara Stores/ Russia,Azadea Sal,Industria de Diseno Textil SA,N/A,Undisclosed, ,Pending
AST,10/26/2022,Business of Mothercare / Russia,Private Investor,MH Alshaya,N/A,Undisclosed, ,Withdrawn
AST,10/31/2022,Russian Assets/Bridgestone Corp,Potential Buyer,Bridgestone Corp,N/A,Cash, ,Withdrawn
AST,2/17/2023,Ural assets/NLMK Group,Potential Buyer,NLMK Group,N/A,Undisclosed, ,Withdrawn
AST,2/17/2023,2 million sq m m of real estate/Russia,Potential Buyer,Stichting INGKA Foundation,N/A,Undisclosed, ,Withdrawn
AST,2/20/2023,Trilogy Park logistics park,Private Investor,PPF Real Estate Holding BV,N/A,Cash, ,Withdrawn
AST,2/20/2023,Logistics assets/St Petersburg & Novorossiysk,IG Finance Development Ltd,AP Moller - Maersk A/S,N/A,Cash, ,Completed
AST,2/25/2023,Russian business/Schaeffler,Private Investor,Schaeffler AG,N/A,Undisclosed, ,Pending
AST,2/27/2023,Russian assets/Philip Morris International Inc,Potential Buyer,Philip Morris International In,N/A,Cash, ,Withdrawn
AST,2/28/2023,Pecan oil field/Ghana,Potential Buyer,LUKOIL PJSC,N/A,Cash, ,Withdrawn
AST,1/9/2023,Oil refinery/Italy,Trafigura Ltd,LUKOIL PJSC,N/A,Undisclosed, ,Pending
AST,1/16/2023,"Insurance business/Belarus,Insurance business/Russia",Unnamed Buyer,Euroins Insurance Group AD,N/A,Undisclosed, ,Pending
AST,1/31/2023,Russian business/Hitachi Energy AG,Management Group,Hitachi Ltd,N/A,Cash, ,Completed
AST,1/31/2023,Russia business,Unnamed Buyer,Hitachi Ltd,N/A,Cash, ,Completed
AST,12/26/2024,Hypermarket business/O'KEY Group SA,Rbf Retail LLC,O'Key Group SA,N/A,Cash, ,Completed
AST,12/27/2024,Portfolio of 3 coal beneficiation plants/Prokopyevsk,AVD Capital LLC,Topprom ZAO,N/A,Cash, ,Completed
AST,10/10/2024,Russian assets/Unilever PLC,ArnestFinans OOO,Unilever PLC,N/A,Cash, ,Completed
AST,10/10/2024,Russian operations/Leipurin Oyj,Private Investor,Aspo Oyj,N/A,Cash, ,Completed
AST,10/24/2024,Russian operations/ELO SACA,Potential Buyer,Association Familiale Mulliez,N/A,Cash, ,Withdrawn
AST,10/25/2024,Ural Chemical Machine Building Plant/Gazprombank JSC,Private Investor,Gazprombank JSC,N/A,Cash, ,Completed
AST,7/12/2024,Russian business/Dentsu Group Inc,Unnamed Buyer,Dentsu Group Inc,N/A,Cash, ,Completed
AST,4/28/2016,Akkuyu nuclear power plant/Akkuyu,Cengiz Holding AS,Rosatom Corp,N/A,Cash, ,Withdrawn
AST,8/31/2017,Oil-trading business/Geneva,Potential Buyer,LUKOIL PJSC,N/A,Cash, ,Withdrawn
AST,9/27/2022,"APP OOO/Moscow,PG Metran AO",Management Group,Emerson Electric Co,N/A,Cash, ,Completed
AST,8/1/2018,Domodedovo airport,Potential Buyer,Russian Direct Investment Fund Management Co,N/A,Cash, ,Withdrawn
AST,12/17/2018,Russian Business/CTC Media Inc,"VTB Bank PJSC,Natsionalnaya Media Gruppa ZAO",UTV Holding OOO,N/A,Cash, ,Withdrawn
AST,2/16/2023,3 factories/Russia,"Sloteks AO,Luzales OOO",Stichting INGKA Foundation,N/A,Cash, ,Completed
AST,10/9/2020,K50 platform,Nebius Group NV,"Management Group,Addventure Venture Capital Fund (Fund: Addventure II)",N/A,Cash, ,Pending
