action_id,seller_name,seller_country_iso,target_name,acquirer_name,announce_date,completion_or_termination_date,deal_status,deal_type,percent_sought,transaction_stake_category,days_from_rupture_to_recorded_resolution,days_from_announcement_to_recorded_resolution,reported_value_millions,reported_value_currency,reported_value_source,deal_description
229540765,BP PLC,GB,Rosneft Oil Co PJSC,Unnamed Buyer,2022-02-27,,Pending,INV,19.75,shared_interest_offered,,,,RUB,,BP PLC announced the sale of a minority stake in Rosneft Oil Co PJSC to Unnamed Buyer. The transaction was announced on 2/27/2022 and is currently pending. Financial terms of the transaction are undisclosed.
229544678,Government Pension Fund Global,NO,Russian assets/Government Pension Fund Global,Potential Buyer,2022-02-28,2022-08-29,Withdrawn,AST,100,full_interest_offered,186,182,,EUR,,Government Pension Fund Global announced the sale of Russian assets/Government Pension Fund Global to Potential Buyer. Financial terms of the transaction are undisclosed.
229592906,Farringford NV,CW,Vostok Oil OOO,Nord Axis Ltd,2022-03-02,2022-07-13,Completed,INV,10,shared_interest_offered,139,133,,RUB,,Farringford NV sold a minority stake in Vostok Oil OOO to Nord Axis Ltd. The transaction was announced on 3/2/2022 and completed on 7/13/2022. Financial terms of the transaction are undisclosed.
229608977,Intesa Sanpaolo SpA,IT,Russian Operations/Intesa Sanpaolo SpA,Potential Buyer,2022-03-03,2022-09-06,Withdrawn,AST,100,full_interest_offered,194,187,,EUR,,Intesa Sanpaolo SpA announced the sale of Russian Operations/Intesa Sanpaolo SpA to Potential Buyer. Financial terms of the transaction are undisclosed.
229611991,TJX Cos Inc/The,US,Maxima Group LLC/Russia,Unnamed Buyer,2022-03-03,2023-05-30,Completed,INV,25,shared_interest_offered,460,453,,USD,,TJX Cos Inc/The sold a minority stake in Maxima Group LLC/Russia to Unnamed Buyer. The transaction was announced on 3/3/2022 and completed on 5/30/2023. Financial terms of the transaction are undisclosed.
229640102,Carmignac Gestion SA,FR,Russian assets/Carmignac Gestion SA,Potential Buyer,2022-03-07,2022-09-07,Withdrawn,AST,100,full_interest_offered,195,184,,RUB,,Carmignac Gestion SA announced the sale of Russian assets/Carmignac Gestion SA to Potential Buyer. Financial terms of the transaction are undisclosed.
229824788,MTI Wireless Edge Ltd,IL,Russian Business/ MTI Wireless Edge Ltd,Private Investor,2022-03-22,2022-03-22,Completed,AST,,unclassified,26,0,,GBP,,MTI Wireless Edge Ltd sold Russian Business/ MTI Wireless Edge Ltd to Private Investor. The transaction was completed on 3/22/2022. Financial terms of the transaction are undisclosed.
229907431,Kinross Gold Corp,CA,Russia Assets/Kinross Gold Corp,Fortiana Holdings Ltd,2022-03-30,2022-09-30,Withdrawn,AST,100,full_interest_offered,218,184,,RUB,,Kinross Gold Corp announced the sale of Russia Assets/Kinross Gold Corp to Fortiana Holdings Ltd. Financial terms of the transaction are undisclosed.
229976587,Brodrene Hartmann A/S,DK,Russia Factory/Brodrene Hartmann,Potential Buyer,2022-04-04,2022-10-04,Withdrawn,AST,,unclassified,222,183,,RUB,,Brodrene Hartmann A/S announced the sale of Russia Factory/Brodrene Hartmann to Potential Buyer. Financial terms of the transaction are undisclosed.
229992189,Kinross Gold Corp,CA,"Kupol mine/Russia,Udinsk project/Russia",Highland Gold Mining Ltd,2022-04-05,2022-06-15,Completed,AST,100,full_interest_offered,111,71,340,USD,Current/Completed Total Value,Kinross Gold Corp sold Kupol mine/Russia & Udinsk project/Russia to Highland Gold Mining Ltd for USD 340.00M. The transaction was announced on 4/5/2022 and completed on 6/15/2022.
230003778,Hyve Group PLC,GB,Russian Business / Hyve Group plc,Rise Expo ltd,2022-04-06,2022-10-06,Withdrawn,AST,0,unclassified,224,183,94.15,GBP,Current/Completed Total Value,Hyve Group PLC announced the sale of Russian Business / Hyve Group plc to Rise Expo ltd for GBP 72.00M.
230049227,Societe Generale SA,FR,Rosbank PJSC,Interros Holding Co,2022-04-11,,Pending,AST,99.97,full_interest_offered,,,,EUR,,Societe Generale SA announced the sale of Rosbank PJSC to Interros Holding Co. The transaction was announced on 4/11/2022 and is currently pending. Financial terms of the transaction are undisclosed.
230061622,Compass Group PLC,GB,Food service business/Russia,Unnamed Buyer,2022-04-12,2022-04-12,Completed,AST,100,full_interest_offered,47,0,,RUB,,Compass Group PLC sold Food service business/Russia to Unnamed Buyer. The transaction was completed on 4/12/2022. Financial terms of the transaction are undisclosed.
230207372,Schneider Electric SE,FR,Russian operations/Schneider Electric SE,Management Group,2022-07-03,,Pending,AST,100,full_interest_offered,,,,EUR,,Schneider Electric SE announced the sale of Russian operations/Schneider Electric SE to Management Group. The transaction was announced on 7/3/2022 and is currently pending. Financial terms of the transaction are undisclosed.
230221865,Renault SA,FR,Avtovaz PJSC,Unnamed Buyer,2022-04-27,2022-06-30,Completed,M&A,68,shared_interest_offered,126,64,0,RUB,Current/Completed Total Value,Renault SA sold Avtovaz PJSC to Unnamed Buyer for RUB 0.00M. The transaction was announced on 4/27/2022 and completed on 6/30/2022.
230221972,Inchcape PLC,GB,Russian business operations/Inchcape,Management Group,2022-04-28,2022-05-31,Pending,AST,100,full_interest_offered,96,33,79.9,EUR,Current/Completed Total Value,Inchcape PLC announced the sale of Russian business operations/Inchcape to Management Group for EUR 76.00M. The transaction was announced on 4/28/2022 and is expected to be completed by 5/31/2022.
230237208,OMV AG,AT,Yuzhno Russkoye Gas,Potential Buyer,2022-04-29,2022-10-31,Withdrawn,INV,25,shared_interest_offered,249,185,,EUR,,OMV AG announced the sale of a minority stake in Yuzhno Russkoye Gas to Potential Buyer. Financial terms of the transaction are undisclosed.
230239896,Fazer Group,FI,Khelbny Dom OOO,Kolomensky Bakery and Confectionery Holding,2022-04-30,2022-05-05,Completed,M&A,100,full_interest_offered,70,5,,RUB,,Fazer Group sold Khelbny Dom OOO to Kolomensky Bakery and Confectionery Holding. The transaction was announced on 4/30/2022 and completed on 5/5/2022. Financial terms of the transaction are undisclosed.
230260230,Global Payments Inc,US,KOKK AO,Interros Capital International Co LLC,2022-05-02,2022-05-02,Completed,M&A,100,full_interest_offered,67,0,,EUR,,Global Payments Inc sold KOKK AO to Interros Capital International Co LLC. The transaction was completed on 5/2/2022. Financial terms of the transaction are undisclosed.
230264463,Raisio Oyj,FI,Nordik Niyutrishyen OOO,Kopeker Agro OOO,2022-04-29,2022-05-13,Completed,M&A,100,full_interest_offered,78,14,1.51,RUB,Current/Completed Total Value,Raisio Oyj sold Nordik Niyutrishyen OOO to Kopeker Agro OOO for RUB 111.46M. The transaction was announced on 4/29/2022 and completed on 5/13/2022.
230337936,Shell PLC,GB,petrol stations & lubrican plants/Russia,Potential Buyer,2022-05-08,2022-11-08,Withdrawn,AST,,unclassified,257,184,,USD,,Shell PLC announced the sale of petrol stations & lubrican plants/Russia to Potential Buyer. Financial terms of the transaction are undisclosed.
230339312,Crism Therapeutics Corp,VG,Kun-Manie Nickel/Copper Deposit,Stanmix Holding Ltd,2022-05-09,,Pending,AST,100,full_interest_offered,,,105,USD,Current/Completed Total Value,Crism Therapeutics Corp announced the sale of Kun-Manie Nickel/Copper Deposit to Stanmix Holding Ltd for USD 105.00M. The transaction was announced on 5/9/2022 and is currently pending.
230370893,Alstom SA,FR,Transmashholding ZAO,Unnamed Buyer,2023-11-17,2024-01-31,Completed,INV,20,shared_interest_offered,706,75,81.38,EUR,Current/Completed Total Value,Alstom SA sold a minority stake in Transmashholding ZAO to Unnamed Buyer. The transaction was announced on 11/17/2023 and completed on 1/31/2024.
230388393,Fortum Oyj,FI,Russia Assets/Fortum Oyj,Potential Buyer,2022-05-12,2022-11-14,Withdrawn,AST,100,full_interest_offered,263,186,,RUB,,Fortum Oyj announced the sale of Russia Assets/Fortum Oyj to Potential Buyer. Financial terms of the transaction are undisclosed.
230388442,EPAM Systems Inc,US,Russian Assets/EPAM System Inc,Unnamed Buyer,2022-05-12,,Pending,AST,100,full_interest_offered,,,,RUB,,EPAM Systems Inc announced the sale of Russian Assets/EPAM System Inc to Unnamed Buyer. The transaction was announced on 5/12/2022 and is currently pending. Financial terms of the transaction are undisclosed.
230426815,Authentic Brands Group Inc,US,100 stores/Russia,FLO Magazacilik Ve Pazarlama AS,2022-05-16,2022-11-16,Withdrawn,AST,100,full_interest_offered,265,184,,RUB,,Authentic Brands Group Inc announced the sale of 100 stores/Russia to FLO Magazacilik Ve Pazarlama AS. Financial terms of the transaction are undisclosed.
230441757,PPF Group NV,NL,"Home Credit & Finance Bank OOO,Banking Assets/Russia",Investor Group,2022-05-17,2022-09-07,Completed,AST,100,full_interest_offered,195,113,,RWF,,PPF Group NV sold Home Credit & Finance Bank OOO & Banking Assets/Russia to Investor Group. The transaction was announced on 5/17/2022 and completed on 9/7/2022. Financial terms of the transaction are undisclosed.
230470687,Arconic Corp,US,Operations facility/Russia,VSMPO-AVISMA Corp PJSC,2022-05-19,2022-11-15,Completed,AST,0,unclassified,264,180,230,USD,Current/Completed Total Value,Arconic Corp sold Operations facility/Russia to VSMPO-AVISMA Corp PJSC for USD 230.00M. The transaction was announced on 5/19/2022 and completed on 11/15/2022.
230494784,Levi Strauss & Co,US,Russian Retail shops/ Levi Strauss,Potential Buyer,2022-05-23,2022-11-23,Withdrawn,AST,,unclassified,272,184,,USD,,Levi Strauss & Co announced the sale of Russian Retail shops/ Levi Strauss to Potential Buyer. Financial terms of the transaction are undisclosed.
230511378,Zurich Insurance Group AG,CH,Zurich Russia,Private Investor,2022-05-24,,Pending,AST,,unclassified,,,,USD,,Zurich Insurance Group AG announced the sale of Zurich Russia to Private Investor. The transaction was announced on 5/24/2022 and is currently pending. Financial terms of the transaction are undisclosed.
230568125,DELFINGEN,FR,Delfingen Russian Plant,Unnamed Buyer,2022-05-30,2022-05-30,Completed,AST,100,full_interest_offered,95,0,,EUR,,DELFINGEN sold Delfingen Russian Plant to Unnamed Buyer. The transaction was completed on 5/30/2022. Financial terms of the transaction are undisclosed.
230611586,OC Oerlikon Corp AG,CH,Russia assets/OC Oerlikon,Management Group,2022-06-02,,Pending,AST,100,full_interest_offered,,,,CHF,,OC Oerlikon Corp AG announced the sale of Russia assets/OC Oerlikon to Management Group. The transaction was announced on 6/2/2022 and is currently pending. Financial terms of the transaction are undisclosed.
230758345,Enel SpA,IT,EL5-ENERO PJSC,"LUKOIL PJSC,Gazprombank JSC",2022-06-16,2022-10-12,Completed,M&A,56.43,shared_interest_offered,230,118,558.73,EUR,Current/Completed Total Value,Enel SpA sold EL5-ENERO PJSC to a consortium led by LUKOIL PJSC for EUR 576.97M. The transaction was announced on 6/16/2022 and completed on 10/12/2022.
230863672,Kone Oyj,FI,Bussiness in Russia / Kone,S8 Capital AO,2022-06-28,2023-10-24,Completed,AST,100,full_interest_offered,607,483,,RUB,,Kone Oyj sold Bussiness in Russia / Kone to S8 Capital AO. The transaction was announced on 6/28/2022 and completed on 10/24/2023. Financial terms of the transaction are undisclosed.
230863890,Cie Generale des Etablissements Michelin SCA,FR,Russian operation,Management Group,2022-06-28,2022-12-28,Withdrawn,AST,100,full_interest_offered,307,183,,RUB,,Cie Generale des Etablissements Michelin SCA announced the sale of Russian operation to Management Group. Financial terms of the transaction are undisclosed.
230964243,HSBC Holdings PLC,GB,Russian unit/HSBC Holdings Plc,Expobank LLC,2022-07-21,2024-06-30,Pending,AST,100,full_interest_offered,857,710,,USD,,HSBC Holdings PLC announced the sale of Russian unit/HSBC Holdings Plc to Expobank LLC. The transaction was announced on 7/21/2022 and is expected to be completed by 6/30/2024. Financial terms of the transaction are undisclosed.
231006351,LVMH Moet Hennessy Louis Vuitton SE,FR,Sephora Russia,Unnamed Buyer,2022-07-11,,Pending,AST,100,full_interest_offered,,,,EUR,,LVMH Moet Hennessy Louis Vuitton SE announced the sale of Sephora Russia to Unnamed Buyer. The transaction was announced on 7/11/2022 and is currently pending. Financial terms of the transaction are undisclosed.
231055122,Danfoss A/S,DK,Russian business/Danfoss,Management Group,2022-07-15,2022-09-30,Pending,AST,100,full_interest_offered,218,77,,USD,,Danfoss A/S announced the sale of Russian business/Danfoss to Management Group. The transaction was announced on 7/15/2022 and is expected to be completed by 9/30/2022. Financial terms of the transaction are undisclosed.
231162202,Otis Worldwide Corp,US,Russia business/Otis Worldwide Corp,S8 Capital AO,2022-07-27,,Pending,AST,100,full_interest_offered,,,,RUB,,Otis Worldwide Corp announced the sale of Russia business/Otis Worldwide Corp to S8 Capital AO. The transaction was announced on 7/27/2022 and is currently pending. Financial terms of the transaction are undisclosed.
231173107,Volkswagen AG,DE,Car assembly site/Russia,Asia Auto,2022-07-28,2023-01-30,Withdrawn,AST,100,full_interest_offered,340,186,,EUR,,Volkswagen AG announced the sale of Car assembly site/Russia to Asia Auto. Financial terms of the transaction are undisclosed.
231189592,Kraft Heinz Co/The,US,Baby food business/Russia,GK Chernogolovka AO,2023-03-31,2024-03-19,Completed,AST,100,full_interest_offered,754,354,,USD,,Kraft Heinz Co/The sold Baby food business/Russia to GK Chernogolovka AO. The transaction was announced on 3/31/2023 and completed on 3/19/2024. Financial terms of the transaction are undisclosed.
231195866,Koch Industries Inc,US,Portfolio of 2 glass plants unit/Russia,Private Investor,2022-07-29,2022-07-29,Completed,AST,100,full_interest_offered,155,0,,RUB,,Koch Industries Inc sold Portfolio of 2 glass plants unit/Russia to Private Investor. The transaction was completed on 7/29/2022. Financial terms of the transaction are undisclosed.
231222378,Baker Hughes Co,US,Oilfield Services Unit/Russia,Management Group,2022-08-01,2022-12-31,Pending,AST,100,full_interest_offered,310,152,,USD,,Baker Hughes Co announced the sale of Oilfield Services Unit/Russia to Management Group. The transaction was announced on 8/1/2022 and is expected to be completed by 12/31/2022. Financial terms of the transaction are undisclosed.
231280102,Crism Therapeutics Corp,VG,Kun-Manie project/Russia,Bering Metals LLC,2022-08-05,2023-03-06,Completed,M&A,100,full_interest_offered,375,213,35,USD,Current/Completed Total Value,Crism Therapeutics Corp sold Kun-Manie project/Russia to Bering Metals LLC for USD 35.00M. The transaction was announced on 8/5/2022 and completed on 3/6/2023.
231304715,Kahrs Holding AB,SE,Business operation/Russia,Potential Buyer,2022-08-09,2023-02-09,Withdrawn,AST,100,full_interest_offered,350,184,,RUB,,Kahrs Holding AB announced the sale of Business operation/Russia to Potential Buyer. Financial terms of the transaction are undisclosed.
231349945,Mondi PLC,GB,Mondi Syktyvkar OAO,Augment Investments Ltd,2022-08-12,2023-06-05,Terminated,M&A,100,full_interest_offered,466,297,1545.65,RUB,Current/Completed Total Value,Mondi PLC announced the sale of Mondi Syktyvkar OAO to Augment Investments Ltd for RUB 95000.00M. The transaction was announced on 8/12/2022 and terminated on 6/5/2023.
231445788,Ansell Ltd,AU,Russian business/Ansell Ltd,Perspectiva ZAO,2023-04-20,2023-04-20,Completed,AST,100,full_interest_offered,420,0,,RUB,,Ansell Ltd sold Russian business/Ansell Ltd to Perspectiva ZAO. The transaction was completed on 4/20/2023. Financial terms of the transaction are undisclosed.
231473228,TotalEnergies SE,FR,Terneftegas ZAO,Novatek PJSC,2022-07-18,2022-08-26,Completed,M&A,49,shared_interest_offered,183,39,,USD,,TotalEnergies SE sold Terneftegas ZAO to Novatek PJSC. The transaction was announced on 7/18/2022 and completed on 8/26/2022. Financial terms of the transaction are undisclosed.
231488652,Nokian Renkaat Oyj,FI,Russian plant/Nokian Renkaat Oyj,Tatneft PJSC,2022-08-29,2023-03-30,Completed,AST,100,full_interest_offered,399,213,436.2,EUR,Current/Completed Total Value,Nokian Renkaat Oyj sold Russian plant/Nokian Renkaat Oyj to Tatneft PJSC for EUR 400.00M. The transaction was announced on 8/29/2022 and completed on 3/30/2023.
231607693,Halliburton Co,US,NPP Burservis AO,Management Group,2022-09-08,2022-09-08,Completed,M&A,100,full_interest_offered,196,0,,USD,,Halliburton Co sold NPP Burservis AO to Management Group. The transaction was completed on 9/8/2022. Financial terms of the transaction are undisclosed.
231644080,Traton SE,DE,Russian Auto Dealership Business/MAN Truck & Bus SE,Unnamed Buyer,2022-09-13,2023-03-31,Pending,AST,100,full_interest_offered,400,199,,EUR,,Traton SE announced the sale of Russian Auto Dealership Business/MAN Truck & Bus SE to Unnamed Buyer. The transaction was announced on 9/13/2022 and is expected to be completed by 3/31/2023. Financial terms of the transaction are undisclosed.
231651215,Mirainovate Co Ltd,JP,RFP Drevesnyye Granuly OOO,Dallesprom OOO,2022-09-14,2022-09-14,Completed,M&A,49,shared_interest_offered,202,0,,JPY,,Mirainovate Co Ltd sold RFP Drevesnyye Granuly OOO to Dallesprom OOO. The transaction was completed on 9/14/2022. Financial terms of the transaction are undisclosed.
231705425,Bunge Global SA,US,Russia Oilseed Processing Plant and Business/Bunge Ltd,Private Investor,2022-09-19,2023-02-07,Completed,AST,100,full_interest_offered,348,141,,USD,,Bunge Global SA sold Russia Oilseed Processing Plant and Business/Bunge Ltd to Private Investor. The transaction was announced on 9/19/2022 and completed on 2/7/2023. Financial terms of the transaction are undisclosed.
231737452,Ball Corp,US,Beverage packaging unit/Russia,DKK Zao,2022-09-22,2022-09-22,Completed,AST,100,full_interest_offered,210,0,530,USD,Current/Completed Total Value,Ball Corp sold Beverage packaging unit/Russia to DKK Zao for USD 530.00M. The transaction was completed on 9/22/2022.
231782680,Teknos Group Oy,FI,Talatu OOO,Unnamed Buyer,2022-03-31,2022-07-11,Completed,M&A,100,full_interest_offered,137,102,,EUR,,Teknos Group Oy sold Talatu OOO to Unnamed Buyer. The transaction was announced on 3/31/2022 and completed on 7/11/2022. Financial terms of the transaction are undisclosed.
231885699,GB Foods Europa SL/The,ES,Russia business/GB Foods Europa,Samyoung System Co Ltd,2022-10-05,2022-10-05,Completed,AST,100,full_interest_offered,223,0,,KRW,,GB Foods Europa SL/The sold Russia business/GB Foods Europa to Samyoung System Co Ltd. The transaction was completed on 10/5/2022. Financial terms of the transaction are undisclosed.
231922575,Nissan Motor Co Ltd,JP,Avtozavod Sankt-Peterburg OOO,Nami Fgup,2022-10-11,2022-11-24,Completed,M&A,100,full_interest_offered,273,44,0,EUR,Current/Completed Total Value,Nissan Motor Co Ltd sold Avtozavod Sankt-Peterburg OOO to Nami Fgup for EUR 0.00M. The transaction was announced on 10/11/2022 and completed on 11/24/2022.
231959654,Danone SA,FR,Russian operations/Danone,Vamin Tatarstan OAO,2024-03-23,2024-05-17,Completed,AST,100,full_interest_offered,813,55,,EUR,,Danone SA sold Russian operations/Danone to Vamin Tatarstan OAO. The transaction was announced on 3/23/2024 and completed on 5/17/2024. Financial terms of the transaction are undisclosed.
231969494,Aspo Oyj,FI,Telko OOO,TD Khimik AO,2022-10-17,2023-04-19,Completed,M&A,100,full_interest_offered,419,184,10.42,EUR,Current/Completed Total Value,Aspo Oyj sold Telko OOO to TD Khimik AO for EUR 9.50M. The transaction was announced on 10/17/2022 and completed on 4/19/2023.
231982439,Hyundai Motor Co,KR,Manufacturing plant/Russia,Potential Buyer,2022-10-18,2023-04-18,Withdrawn,AST,100,full_interest_offered,418,182,,EUR,,Hyundai Motor Co announced the sale of Manufacturing plant/Russia to Potential Buyer. Financial terms of the transaction are undisclosed.
231994004,Volvo AB,SE,Welding & painting operations/Russia,Private Investor,2022-10-19,2023-09-08,Completed,AST,100,full_interest_offered,561,324,,SEK,,Volvo AB sold Welding & painting operations/Russia to Private Investor. The transaction was announced on 10/19/2022 and completed on 9/8/2023. Financial terms of the transaction are undisclosed.
232051591,Industria de Diseno Textil SA,ES,Portfolio of Zara Stores/ Russia,Azadea Sal,2022-10-25,,Pending,AST,100,full_interest_offered,,,,USD,,Industria de Diseno Textil SA announced the sale of Portfolio of Zara Stores/ Russia to Azadea Sal. The transaction was announced on 10/25/2022 and is currently pending. Financial terms of the transaction are undisclosed.
232059938,MH Alshaya,KW,Business of Mothercare / Russia,Private Investor,2022-10-26,2023-04-26,Withdrawn,AST,,unclassified,426,182,,GBP,,MH Alshaya announced the sale of Business of Mothercare / Russia to Private Investor. Financial terms of the transaction are undisclosed.
232103323,Bridgestone Corp,JP,Russian Assets/Bridgestone Corp,Potential Buyer,2022-10-31,2023-05-01,Withdrawn,AST,100,full_interest_offered,431,182,,RUB,,Bridgestone Corp announced the sale of Russian Assets/Bridgestone Corp to Potential Buyer. Financial terms of the transaction are undisclosed.
232188383,Harvia Oyj,FI,Premiyum-SPA-Tekhnologii OOO,Private Investor,2022-11-07,,Pending,M&A,80,shared_interest_offered,,,,EUR,,Harvia Oyj announced the sale of Premiyum-SPA-Tekhnologii OOO to Private Investor. The transaction was announced on 11/7/2022 and is currently pending. Financial terms of the transaction are undisclosed.
232266745,Orsu Metals Corp,GB,Sergeevskoe gold project/Russia,Unnamed Buyer,2022-11-14,2022-11-14,Completed,AST,90,shared_interest_offered,263,0,,CAD,,Orsu Metals Corp sold Sergeevskoe gold project/Russia to Unnamed Buyer. The transaction was completed on 11/14/2022. Financial terms of the transaction are undisclosed.
232478058,AmRest Holdings SE,ES,KFC Russia Restaurant Business'/AMREST HOLDINGS,Almira OOO,2022-12-06,2023-05-15,Completed,AST,100,full_interest_offered,445,160,108.79,EUR,Current/Completed Total Value,AmRest Holdings SE sold KFC Russia Restaurant Business'/AMREST HOLDINGS to Almira OOO for EUR 100.00M. The transaction was announced on 12/6/2022 and completed on 5/15/2023.
232569147,Holcim AG,CH,Business/Russia,Unnamed Buyer,2022-12-14,,Pending,AST,100,full_interest_offered,,,,RUB,,Holcim AG announced the sale of Business/Russia to Unnamed Buyer. The transaction was announced on 12/14/2022 and is currently pending. Financial terms of the transaction are undisclosed.
232572481,Shell PLC,GB,Salym Petroleum Development NV,Gazprom Neft PJSC,2022-12-13,2023-06-13,Withdrawn,M&A,50,shared_interest_offered,474,182,,RUB,,Shell PLC announced the sale of Salym Petroleum Development NV to Gazprom Neft PJSC. Financial terms of the transaction are undisclosed.
232585383,Telefonaktiebolaget LM Ericsson,SE,Local customer support business/Russia,Unnamed Buyer,2022-12-15,,Pending,AST,100,full_interest_offered,,,,RUB,,Telefonaktiebolaget LM Ericsson announced the sale of Local customer support business/Russia to Unnamed Buyer. The transaction was announced on 12/15/2022 and is currently pending. Financial terms of the transaction are undisclosed.
232585413,Mondi PLC,GB,3 Russian packaging converting operations/MONDI PLC,GOTEC Gorschlueter GmbH,2022-12-15,2023-07-03,Completed,AST,100,full_interest_offered,494,200,17.94,RUB,Current/Completed Total Value,Mondi PLC sold 3 Russian packaging converting operations/MONDI PLC to GOTEC Gorschlueter GmbH for RUB 1600.00M. The transaction was announced on 12/15/2022 and completed on 7/3/2023.
232666845,Renault SA,FR,Russian assets of Renault,Russian Federation,2022-05-16,2022-05-16,Completed,AST,100,full_interest_offered,81,0,,RUB,,Renault SA sold Russian assets of Renault to Russian Federation. The transaction was completed on 5/16/2022. Financial terms of the transaction are undisclosed.
232683462,Sylvamo Corp,US,Russian operations/Sylvamo,Pulp Invest LLC,2022-10-06,2022-10-06,Completed,AST,100,full_interest_offered,224,0,390,USD,Current/Completed Total Value,Sylvamo Corp sold Russian operations/Sylvamo to Pulp Invest LLC for USD 390.00M. The transaction was completed on 10/6/2022.
232862044,Highworld Investments Ltd/Cyprus,CY,HeadHunter Group PLC,Kismet Capital Group,2023-01-11,2023-01-11,Completed,INV,22.68,shared_interest_offered,321,0,,EUR,,Highworld Investments Ltd/Cyprus sold a minority stake in HeadHunter Group PLC to Kismet Capital Group. The transaction was completed on 1/11/2023. Financial terms of the transaction are undisclosed.
232869061,Suzhou Yangtze New Materials Co Ltd,CN,United New Material Co Ltd,China Minsheng Future Holdings Group Co Ltd,2023-03-08,2023-03-31,Completed,M&A,51,shared_interest_offered,400,23,1.47,CNY,Current/Completed Total Value,Suzhou Yangtze New Materials Co Ltd sold United New Material Co Ltd to China Minsheng Future Holdings Group Co Ltd for CNY 10.10M. The transaction was announced on 3/8/2023 and completed on 3/31/2023.
232895066,USM Telecom Holdings Ltd,VG,Neksayn AO,MegaFon PJSC,2023-01-16,2023-01-16,Completed,M&A,100,full_interest_offered,326,0,,RUB,,USM Telecom Holdings Ltd sold Neksayn AO to MegaFon PJSC. The transaction was completed on 1/16/2023. Financial terms of the transaction are undisclosed.
232897127,Euroins Insurance Group AD,BG,"Insurance business/Belarus,Insurance business/Russia",Unnamed Buyer,2023-01-16,,Pending,AST,100,full_interest_offered,,,,EUR,,Euroins Insurance Group AD announced the sale of Insurance business/Belarus & Insurance business/Russia to Unnamed Buyer. The transaction was announced on 1/16/2023 and is currently pending. Financial terms of the transaction are undisclosed.
232981079,Legrand SA,FR,Russian Operations/Legrand,IEK OOO,2023-10-12,2023-10-12,Completed,AST,100,full_interest_offered,595,0,,EUR,,Legrand SA sold Russian Operations/Legrand to IEK OOO. The transaction was completed on 10/12/2023. Financial terms of the transaction are undisclosed.
233039286,Hitachi Ltd,JP,Russian business/Hitachi Energy AG,Management Group,2023-01-31,2023-01-31,Completed,AST,100,full_interest_offered,341,0,,RUB,,Hitachi Ltd sold Russian business/Hitachi Energy AG to Management Group. The transaction was completed on 1/31/2023. Financial terms of the transaction are undisclosed.
233054249,Hitachi Ltd,JP,Russia business,Unnamed Buyer,2023-01-31,2023-01-31,Completed,AST,100,full_interest_offered,341,0,,JPY,,Hitachi Ltd sold Russia business to Unnamed Buyer. The transaction was completed on 1/31/2023. Financial terms of the transaction are undisclosed.
233080924,Shell PLC,GB,Salym Petroleum Development NV,Gazprom Neft PJSC,2023-02-02,,Pending,INV,50,shared_interest_offered,,,,RUB,,Shell PLC announced the sale of a minority stake in Salym Petroleum Development NV to Gazprom Neft PJSC. The transaction was announced on 2/2/2023 and is currently pending. Financial terms of the transaction are undisclosed.
233225203,Goldman Sachs Group Inc/The,US,Cian PLC,Unnamed Buyer,2023-02-16,2023-02-16,Completed,INV,10.1,shared_interest_offered,357,0,,USD,,Goldman Sachs Group Inc/The sold a minority stake in Cian PLC to Unnamed Buyer. The transaction was completed on 2/16/2023. Financial terms of the transaction are undisclosed.
233226005,Stichting INGKA Foundation,NL,3 factories/Russia,"Sloteks AO,Luzales OOO",2023-02-16,2023-03-27,Completed,AST,100,full_interest_offered,396,39,,RUB,,Stichting INGKA Foundation sold 3 factories/Russia to a consortium led by Sloteks AO. The transaction was announced on 2/16/2023 and completed on 3/27/2023. Financial terms of the transaction are undisclosed.
233239846,Stichting INGKA Foundation,NL,2 million sq m m of real estate/Russia,Potential Buyer,2023-02-17,2023-08-17,Withdrawn,AST,100,full_interest_offered,539,181,,RUB,,Stichting INGKA Foundation announced the sale of 2 million sq m m of real estate/Russia to Potential Buyer. Financial terms of the transaction are undisclosed.
233257922,PJV Digital Forces Ltd,CY,RNKO VK Platozhnyye Resheniya OOO,VK IPJSC,2023-02-18,,Pending,M&A,100,full_interest_offered,,,,RUB,,PJV Digital Forces Ltd announced the sale of RNKO VK Platozhnyye Resheniya OOO to VK IPJSC. The transaction was announced on 2/18/2023 and is currently pending. Financial terms of the transaction are undisclosed.
233331512,Schaeffler AG,DE,Russian business/Schaeffler,Private Investor,2023-02-25,,Pending,AST,100,full_interest_offered,,,,RUB,,Schaeffler AG announced the sale of Russian business/Schaeffler to Private Investor. The transaction was announced on 2/25/2023 and is currently pending. Financial terms of the transaction are undisclosed.
233333512,Philip Morris International In,US,Russian assets/Philip Morris International Inc,Potential Buyer,2023-02-27,2023-08-28,Withdrawn,AST,100,full_interest_offered,550,182,,RUB,,Philip Morris International In announced the sale of Russian assets/Philip Morris International Inc to Potential Buyer. Financial terms of the transaction are undisclosed.
233437460,Volkswagen AG,DE,Manufacturing facility/Russia,Sistema PJSFC,2023-03-07,2023-09-07,Withdrawn,AST,100,full_interest_offered,560,184,,EUR,,Volkswagen AG announced the sale of Manufacturing facility/Russia to Sistema PJSFC. Financial terms of the transaction are undisclosed.
233527851,Carlsberg AS,DK,8 breweries/Russia,Anadolu Efes Biracilik Ve Malt Sanayii AS,2023-03-15,2023-09-15,Withdrawn,AST,100,full_interest_offered,568,184,,RUB,,Carlsberg AS announced the sale of 8 breweries/Russia to Anadolu Efes Biracilik Ve Malt Sanayii AS. Financial terms of the transaction are undisclosed.
233665632,Henkel AG & Co KGaA,DE,11 Henkels Plants/Russia,Private Investor,2023-03-28,,Pending,AST,100,full_interest_offered,,,,RUB,,Henkel AG & Co KGaA announced the sale of 11 Henkels Plants/Russia to Private Investor. The transaction was announced on 3/28/2023 and is currently pending. Financial terms of the transaction are undisclosed.
233694497,Swixx Biopharma SA,CH,Russian business/Swixx Biopharma SA,Eli Lilly & Co,2023-03-30,,Pending,AST,100,full_interest_offered,,,,USD,,Swixx Biopharma SA announced the sale of Russian business/Swixx Biopharma SA to Eli Lilly & Co. The transaction was announced on 3/30/2023 and is currently pending. Financial terms of the transaction are undisclosed.
233830202,Shell PLC,GB,Sakhalin Energy Investment Co Ltd,Gazprom PJSC,2024-03-28,2024-03-28,Completed,INV,27.5,shared_interest_offered,763,0,1023.84,RUB,Current/Completed Total Value,Shell PLC sold a minority stake in Sakhalin Energy Investment Co Ltd to Gazprom PJSC. The transaction was completed on 3/28/2024.
233902808,CNH Industrial NV,GB,Business activities/Russia,Unnamed Buyer,2022-03-31,2023-04-20,Completed,AST,100,full_interest_offered,420,385,60,USD,Current/Completed Total Value,CNH Industrial NV sold Business activities/Russia to Unnamed Buyer for USD 60.00M. The transaction was announced on 3/31/2022 and completed on 4/20/2023.
233948769,Continental AG,DE,Tayrs Rus OOO,S8 Capital AO,2023-04-24,,Pending,M&A,100,full_interest_offered,,,,RUB,,Continental AG announced the sale of Tayrs Rus OOO to S8 Capital AO. The transaction was announced on 4/24/2023 and is currently pending. Financial terms of the transaction are undisclosed.
234060516,Purmo Group Oyj,FI,Russian Business/Purmo Group Oyj,Unnamed Buyer,2022-04-01,2024-04-19,Terminated,AST,0,unclassified,785,749,,EUR,,Purmo Group Oyj announced the sale of Russian Business/Purmo Group Oyj to Unnamed Buyer. The transaction was announced on 4/1/2022 and terminated on 4/19/2024. Financial terms of the transaction are undisclosed.
234081465,Henkel AG & Co KGaA,DE,Russian business activities/Henkel AG & Co KGaA,Private Investor,2023-05-04,2023-05-04,Completed,AST,100,full_interest_offered,434,0,690.66,RUB,Current/Completed Total Value,Henkel AG & Co KGaA sold Russian business activities/Henkel AG & Co KGaA to Private Investor for RUB 54000.00M. The transaction was completed on 5/4/2023.
234181603,Decathlon SA,FR,Decathlon Store/Russia,Unnamed Buyer,2023-05-12,2023-11-13,Withdrawn,AST,100,full_interest_offered,627,185,,RUB,,Decathlon SA announced the sale of Decathlon Store/Russia to Unnamed Buyer. Financial terms of the transaction are undisclosed.
234496636,Essity AB,SE,Russian Operations/Essity AB,NEW Technologies LLC,2023-06-10,2023-07-17,Completed,AST,100,full_interest_offered,508,37,117.12,SEK,Current/Completed Total Value,Essity AB sold Russian Operations/Essity AB to NEW Technologies LLC for SEK 1200.00M. The transaction was announced on 6/10/2023 and completed on 7/17/2023.
234498746,HASSLACHER DRAULAND Holzindustrie GmbH,AT,Russian location/Malaya Vishera,Gruppa Kompaniy Vologodskiye Lesopromyshlenniki AO,2023-05-04,2023-05-04,Completed,AST,100,full_interest_offered,434,0,,RUB,,HASSLACHER DRAULAND Holzindustrie GmbH sold Russian location/Malaya Vishera to Gruppa Kompaniy Vologodskiye Lesopromyshlenniki AO. The transaction was completed on 5/4/2023. Financial terms of the transaction are undisclosed.
234533546,Starbucks Corp,US,Coffee store/Russia,Private Investor,2023-06-15,2023-06-15,Completed,AST,100,full_interest_offered,476,0,5.99,RUB,Current/Completed Total Value,Starbucks Corp sold Coffee store/Russia to Private Investor for RUB 500.00M. The transaction was completed on 6/15/2023.
234614160,Carlsberg AS,DK,Russian business/Carlsberg AS,Unnamed Buyer,2023-06-23,,Pending,AST,100,full_interest_offered,,,,RUB,,Carlsberg AS announced the sale of Russian business/Carlsberg AS to Unnamed Buyer. The transaction was announced on 6/23/2023 and is currently pending. Financial terms of the transaction are undisclosed.
234834261,Isuzu Motors Ltd,JP,Production/Russia,Sollers PJSC,2023-07-14,2023-07-14,Completed,AST,0,unclassified,505,0,,JPY,,Isuzu Motors Ltd sold Production/Russia to Sollers PJSC. The transaction was completed on 7/14/2023. Financial terms of the transaction are undisclosed.
235074982,Mondi PLC,GB,Syktyvkarsky Forestry Enterprise JSC,Sezar Group OOO,2023-09-21,2023-10-04,Completed,AST,100,full_interest_offered,587,13,800,RUB,Current/Completed Total Value,Mondi PLC sold Syktyvkarsky Forestry Enterprise JSC to Sezar Group OOO for RUB 80000.00M. The transaction was announced on 9/21/2023 and completed on 10/4/2023.
235093693,Eastnine AB,SE,Melon Fashion Group OAO,GEM Invest LLC,2023-08-07,2023-08-10,Completed,INV,36,shared_interest_offered,532,3,160.37,RUB,Current/Completed Total Value,Eastnine AB sold a minority stake in Melon Fashion Group OAO to GEM Invest LLC. The transaction was announced on 8/7/2023 and completed on 8/10/2023.
235144195,Magna International Inc,CA,Russian assets/Magna International Inc,Unnamed Buyer,2023-08-11,2023-08-01,Completed,AST,100,full_interest_offered,523,,15,USD,Current/Completed Total Value,Magna International Inc sold Russian assets/Magna International Inc to Unnamed Buyer for USD 15.00M. The transaction was announced on 8/11/2023 and completed on 8/1/2023.
235145087,Marathon Oil Corp,US,Demetra-Holding OOO,Unnamed Buyer,2023-08-11,2023-08-11,Completed,INV,10.57,shared_interest_offered,533,0,,RUB,,Marathon Oil Corp sold a minority stake in Demetra-Holding OOO to Unnamed Buyer. The transaction was completed on 8/11/2023. Financial terms of the transaction are undisclosed.
235184392,HUGO BOSS AG,DE,Russian wholesale business,Stokmann AO/Moscow,2023-04-24,2024-08-02,Completed,AST,100,full_interest_offered,890,466,,RUB,,HUGO BOSS AG sold Russian wholesale business to Stokmann AO/Moscow. The transaction was announced on 4/24/2023 and completed on 8/2/2024. Financial terms of the transaction are undisclosed.
235210964,Valeo SE,FR,Powertrain Systems business/Russia,NPK Avtopribor OOO,2023-08-18,,Pending,AST,100,full_interest_offered,,,,EUR,,Valeo SE announced the sale of Powertrain Systems business/Russia to NPK Avtopribor OOO. The transaction was announced on 8/18/2023 and is currently pending. Financial terms of the transaction are undisclosed.
235276373,China Minsheng Future Holdings Group Co Ltd,CN,United New Material Co Ltd,Suzhou Jingmoshen Material Technology Co Ltd,2023-08-25,2024-05-24,Completed,M&A,51,shared_interest_offered,820,273,10.06,CNY,Current/Completed Total Value,China Minsheng Future Holdings Group Co Ltd sold United New Material Co Ltd to Suzhou Jingmoshen Material Technology Co Ltd for CNY 72.90M. The transaction was announced on 8/25/2023 and completed on 5/24/2024.
235405326,La Poste SA,FR,Russian DPD business/Geopost SA,Potential Buyer,2023-09-06,2024-03-06,Withdrawn,AST,100,full_interest_offered,741,182,,RUB,,La Poste SA announced the sale of Russian DPD business/Geopost SA to Potential Buyer. Financial terms of the transaction are undisclosed.
235421943,British American Tobacco PLC,GB,"Russian businesses/British American Tobacco PLC,Belarusian businesses/British American Tobacco PLC","Management Group,BFI Holding LLC FZ",2023-09-07,,Pending,AST,100,full_interest_offered,,,,RUB,,British American Tobacco PLC announced the sale of Belarusian businesses/British American Tobacco PLC & Russian businesses/British American Tobacco PLC to a consortium led by Management Group. The transaction was announced on 9/7/2023 and is currently pending. Financial terms of the transacti...
235626557,Binance Holdings Ltd,KY,Diversified business/Russia,Commex Technology Ltd,2023-09-27,,Pending,AST,100,full_interest_offered,,,,USD,,Binance Holdings Ltd announced the sale of Diversified business/Russia to Commex Technology Ltd. The transaction was announced on 9/27/2023 and is currently pending. Financial terms of the transaction are undisclosed.
235653590,Intesa Sanpaolo SpA,IT,Bank Intesa AO,Potential Buyer,2023-09-29,2024-03-29,Withdrawn,M&A,100,full_interest_offered,764,182,,RUB,,Intesa Sanpaolo SpA announced the sale of Bank Intesa AO to Potential Buyer. Financial terms of the transaction are undisclosed.
235954816,European Bank for Reconstruction & Development,GB,Moscow Exchange MICEX-RTS PJSC,Softline Trade CJSC,2023-10-23,2024-04-23,Withdrawn,INV,5.3,shared_interest_offered,789,183,,EUR,,European Bank for Reconstruction & Development announced the sale of a minority stake in Moscow Exchange MICEX-RTS PJSC to Softline Trade CJSC. Financial terms of the transaction are undisclosed.
236024314,Valeo SE,FR,Russian Thermal Systems Business/ Valeo,NPK Avtopribor OOO,2023-10-31,,Pending,AST,100,full_interest_offered,,,,EUR,,Valeo SE announced the sale of Russian Thermal Systems Business/ Valeo to NPK Avtopribor OOO. The transaction was announced on 10/31/2023 and is currently pending. Financial terms of the transaction are undisclosed.
236547434,J&T Finance Group SE,CZ,J&T Bank Zao,Unnamed Buyer,2023-12-14,2023-12-14,Completed,M&A,100,full_interest_offered,658,0,,RUB,,J&T Finance Group SE sold J&T Bank Zao to Unnamed Buyer. The transaction was completed on 12/14/2023. Financial terms of the transaction are undisclosed.
236591644,Robert Bosch Stiftung GmbH,DE,Factory assets/Russia,Can Holding AS,2023-12-19,2024-06-19,Withdrawn,AST,100,full_interest_offered,846,183,,EUR,,"With no further information disclosed, this proposal has been withdrawn on 06/19/2024. Robert Bosch Stiftung GmbH proposed to sell Factory assets/Russia to Can Holding AS. The transaction was proposed on 12/19/2023. Financial terms of the transaction are unknown."
236592388,Anheuser-Busch InBev SA/NV,BE,AB InBev Efes JSC,Anadolu Efes Biracilik Ve Malt Sanayii AS,2023-12-19,,Pending,M&A,100,full_interest_offered,,,,RUB,,Anheuser-Busch InBev SA/NV announced the sale of AB InBev Efes JSC to Anadolu Efes Biracilik Ve Malt Sanayii AS. The transaction was announced on 12/19/2023 and is currently pending. Financial terms of the transaction are undisclosed.
236592955,Hyundai Motor Co,KR,Hyundai Motor Manufacturing Russia LLC,Art-Finance LLC,2023-12-19,2024-01-26,Completed,M&A,70,shared_interest_offered,701,38,0,RUB,Current/Completed Total Value,Hyundai Motor Co sold Hyundai Motor Manufacturing Russia LLC to Art-Finance LLC for RUB 0.01M. The transaction was announced on 12/19/2023 and completed on 1/26/2024.
237033041,Inpex Corp,JP,Russian Oil Project/Siberia,ITOCHU Corp,2024-01-30,,Pending,AST,0,unclassified,,,,RUB,,Inpex Corp announced the sale of Russian Oil Project/Siberia to ITOCHU Corp. The transaction was announced on 1/30/2024 and is currently pending. Financial terms of the transaction are undisclosed.
237132186,Glencore PLC,CH,RussNeft PJSC,OCN International Dmcc,2025-04-23,2025-04-23,Completed,INV,16.33,shared_interest_offered,1154,0,,RUB,,Glencore PLC sold a minority stake in RussNeft PJSC to OCN International Dmcc. The transaction was completed on 4/23/2025. Financial terms of the transaction are undisclosed.
237267664,Mercedes-Benz Group AG,DE,Kamaz PJSC,Unnamed Buyer,2024-02-15,2024-02-15,Completed,INV,15,shared_interest_offered,721,0,,RUB,,Mercedes-Benz Group AG sold a minority stake in Kamaz PJSC to Unnamed Buyer. The transaction was completed on 2/15/2024. Financial terms of the transaction are undisclosed.
237322321,Danone SA,FR,Russian operations/Danone,Potential Buyer,2024-02-21,2024-08-21,Withdrawn,AST,100,full_interest_offered,909,182,191.69,RUB,Current/Completed Total Value,Danone SA announced the sale of Russian operations/Danone to Potential Buyer for RUB 17700.00M.
237324457,Wienerberger AG,AT,Russian operations/Wienerberger AG,Private Investor,2024-02-21,2024-02-21,Completed,AST,100,full_interest_offered,727,0,9.73,EUR,Current/Completed Total Value,Wienerberger AG sold Russian operations/Wienerberger AG to Private Investor for EUR 9.00M. The transaction was completed on 2/21/2024.
237337917,AGC Inc,JP,"Bor Glass Factory/Russia,Klin Glass Factory/Russia",Adamant Holding ZAO,2024-02-22,2024-02-22,Completed,AST,100,full_interest_offered,728,0,,RUB,,AGC Inc sold Bor Glass Factory/Russia & Klin Glass Factory/Russia to Adamant Holding ZAO. The transaction was completed on 2/22/2024. Financial terms of the transaction are undisclosed.
237411882,AGC Inc,JP,KSZ OOO,Private Investor,2024-02-28,2024-02-28,Completed,M&A,100,full_interest_offered,734,0,,RUB,,AGC Inc sold KSZ OOO to Private Investor. The transaction was completed on 2/28/2024. Financial terms of the transaction are undisclosed.
237411895,AGC Inc,JP,AGC Bor Glassworks JSC,Private Investor,2024-02-28,2024-02-28,Completed,M&A,100,full_interest_offered,734,0,,RUB,,AGC Inc sold AGC Bor Glassworks JSC to Private Investor. The transaction was completed on 2/28/2024. Financial terms of the transaction are undisclosed.
237895742,Viciunai Uab,LT,Kaliningrad exclave/Russia,Private Investor,2024-04-08,2024-04-13,Pending,AST,100,full_interest_offered,779,5,,RUB,,Viciunai Uab announced the sale of Kaliningrad exclave/Russia to Private Investor. The transaction was announced on 4/8/2024 and is expected to be completed by 4/13/2024. Financial terms of the transaction are undisclosed.
237923244,Enel SpA,IT,Rusenergosbyt OOO,Rusenergosbyt OOO,2024-04-10,2024-04-10,Completed,INV,49.5,shared_interest_offered,776,0,,EUR,,Enel SpA sold a minority stake in Rusenergosbyt OOO to Rusenergosbyt OOO. The transaction was completed on 4/10/2024. Financial terms of the transaction are undisclosed.
238019106,Purmo Group Oyj,FI,Russian Business/Purmo Group Oyj,Unnamed Buyer,2024-04-19,2024-09-11,Completed,AST,100,full_interest_offered,930,145,,RUB,,Purmo Group Oyj sold Russian Business/Purmo Group Oyj to Unnamed Buyer. The transaction was announced on 4/19/2024 and completed on 9/11/2024. Financial terms of the transaction are undisclosed.
238020102,Viciunu Grupe Uab,LT,Vichi-Rus OOO,UK Gruppa Okean AO,2024-04-19,2024-04-19,Completed,M&A,100,full_interest_offered,785,0,,RUB,,Viciunu Grupe Uab sold Vichi-Rus OOO to UK Gruppa Okean AO. The transaction was completed on 4/19/2024. Financial terms of the transaction are undisclosed.
238062531,Aumarche SAS,FR,Akvarel OOO / Moscow Verkhnyaya Krasnoselskaya,Trade Galleries OOO,2024-04-15,2024-04-12,Completed,M&A,100,full_interest_offered,778,,,RUB,,Aumarche SAS sold Akvarel OOO / Moscow Verkhnyaya Krasnoselskaya to Trade Galleries OOO. The transaction was announced on 4/15/2024 and completed on 4/12/2024. Financial terms of the transaction are undisclosed.
238195025,Home Capital Colombia SAS,CO,Home Credit & Finance Bank OOO,Sovcombank PJSC,2025-04-07,2025-04-07,Completed,M&A,100,full_interest_offered,1138,0,,RUB,,Home Capital Colombia SAS sold Home Credit & Finance Bank OOO to Sovcombank PJSC. The transaction was completed on 4/7/2025. Financial terms of the transaction are undisclosed.
238474644,Nokia Oyj,FI,RTK - Network Technologies,Rostelecom PJSC,2024-05-29,,Pending,M&A,49,shared_interest_offered,,,,RUB,,Nokia Oyj announced the sale of RTK - Network Technologies to Rostelecom PJSC. The transaction was announced on 5/29/2024 and is currently pending. Financial terms of the transaction are undisclosed.
238791934,Danone SA,FR,EDP business/Russia,Gruppa Logika Moloka OOO,2024-03-22,2024-03-22,Completed,AST,100,full_interest_offered,757,0,,RUB,,Danone SA sold EDP business/Russia to Gruppa Logika Moloka OOO. The transaction was completed on 3/22/2024. Financial terms of the transaction are undisclosed.
238970350,Dentsu Group Inc,JP,Russian business/Dentsu Group Inc,Unnamed Buyer,2024-07-12,2024-07-12,Completed,AST,100,full_interest_offered,869,0,,RUB,,Dentsu Group Inc sold Russian business/Dentsu Group Inc to Unnamed Buyer. The transaction was completed on 7/12/2024. Financial terms of the transaction are undisclosed.
238972370,Senci Electric Machinery Co Ltd,CN,Ayvolt OOO,Chongqing Ruihai Metal Materials Co Ltd,2024-07-10,,Pending,M&A,100,full_interest_offered,,,3.33,CNY,Current/Completed Total Value,Senci Electric Machinery Co Ltd announced the sale of Ayvolt OOO to Chongqing Ruihai Metal Materials Co Ltd for CNY 24.20M. The transaction was announced on 7/10/2024 and is currently pending.
239645251,Unilever PLC,GB,Russian assets/Unilever PLC,ArnestFinans OOO,2024-10-10,2024-10-10,Completed,AST,100,full_interest_offered,959,0,,EUR,,Unilever PLC sold Russian assets/Unilever PLC to ArnestFinans OOO. The transaction was completed on 10/10/2024. Financial terms of the transaction are undisclosed.
239658247,Raiffeisen Bank International AG,AT,Raiffeisenbank AO,Potential Buyer,2024-09-05,2025-03-06,Withdrawn,M&A,100,full_interest_offered,1106,182,,RUB,,Raiffeisen Bank International AG proposed to sell Raiffeisenbank AO to Potential Buyer. The transaction was proposed on 9/5/2024. Financial terms of the transaction are unknown.With no further information the deal has been withdrawn on 06/03/2025
240036260,Aspo Oyj,FI,Russian operations/Leipurin Oyj,Private Investor,2024-10-10,2024-10-10,Completed,AST,100,full_interest_offered,959,0,,RUB,,Aspo Oyj sold Russian operations/Leipurin Oyj to Private Investor. The transaction was completed on 10/10/2024. Financial terms of the transaction are undisclosed.
240155281,Association Familiale Mulliez,FR,Russian operations/ELO SACA,Potential Buyer,2024-10-24,2025-04-24,Withdrawn,AST,100,full_interest_offered,1155,182,,EUR,,Association Familiale Mulliez announced the sale of Russian operations/ELO SACA to Potential Buyer. Financial terms of the transaction are undisclosed.
240294831,PPF Group,CZ,*MISTAKE(Ppf Life Insurance LLC),Inweasta Investment in Commercial Enterprises & Management LLC,2024-11-05,,Pending,M&A,100,full_interest_offered,,,,CZK,,PPF Group announced the sale of *MISTAKE(Ppf Life Insurance LLC) to Inweasta Investment in Commercial Enterprises & Management LLC. The transaction was announced on 11/5/2024 and is currently pending. Financial terms of the transaction are undisclosed.
240592163,Louis Dreyfus Co BV,NL,Russia Assets/Louis Dreyfus Co BV,Unnamed Buyer,2024-12-02,2025-06-02,Withdrawn,M&A,100,full_interest_offered,1194,182,,RUB,,Louis Dreyfus Co BV announced the sale of Russia Assets/Louis Dreyfus Co BV to Unnamed Buyer. Financial terms of the transaction are undisclosed.
240599942,Carlsberg AS,DK,Russian business/Carlsberg AS,Private Investor,2024-12-03,2025-06-03,Withdrawn,AST,100,full_interest_offered,1195,182,320.62,RUB,Current/Completed Total Value,Carlsberg AS announced the sale of Russian business/Carlsberg AS to Private Investor for RUB 34000.00M.
240621884,Metlen Energy & Metals SA,GR,Volgafert LLC,KuibyshevAzot PJSC,2024-12-04,2024-12-02,Completed,M&A,100,full_interest_offered,1012,,,USD,,Metlen Energy & Metals SA sold Volgafert LLC to KuibyshevAzot PJSC. The transaction was announced on 12/4/2024 and completed on 12/2/2024. Financial terms of the transaction are undisclosed.
241210933,ING Groep NV,NL,ING Bank Eurasia JSC,Global Development JSC,2025-01-28,2026-04-07,Terminated,M&A,100,full_interest_offered,1503,434,,RUB,,ING Groep NV announced the sale of ING Bank Eurasia JSC to Global Development JSC. The transaction was announced on 1/28/2025 and terminated on 4/7/2026. Financial terms of the transaction are undisclosed.
241553155,Vinci SA,FR,Severo-Zapadnaya Koncessionnaya Kompaniya OOO,NatsProyektStroy,2025-02-26,2025-02-26,Completed,INV,0,unclassified,1098,0,,RUB,,Vinci SA sold a minority stake in Severo-Zapadnaya Koncessionnaya Kompaniya OOO to NatsProyektStroy. The transaction was completed on 2/26/2025. Financial terms of the transaction are undisclosed.
242391857,LVL1 Management Ltd,GB,Selectel Co Ltd,Moscow Exchange MICEX-RTS PJSC,2025-05-05,2025-05-05,Completed,INV,10,shared_interest_offered,1166,0,,USD,,LVL1 Management Ltd sold Selectel Co Ltd to Moscow Exchange MICEX-RTS PJSC. The transaction was completed on 5/5/2025. Financial terms of the transaction are undisclosed.
242702033,Jubilant Foodworks Ltd,IN,Pizza Restaurants LLC,Private Investor,2025-05-30,2025-07-10,Completed,M&A,100,full_interest_offered,1232,41,0,RUB,Current/Completed Total Value,Jubilant Foodworks Ltd sold Pizza Restaurants LLC to Private Investor for RUB 0.00M. The transaction was announced on 5/30/2025 and completed on 7/10/2025.
243034616,Jungheinrich AG,DE,Yungkhaynrikh Podyemno-Pogruzochnaya Tekhnika OOO,Unnamed Buyer,2025-06-27,,Proposed,M&A,100,full_interest_offered,,,,RUB,,Jungheinrich AG proposed to sell Yungkhaynrikh Podyemno-Pogruzochnaya Tekhnika OOO to Unnamed Buyer. The transaction was proposed on 6/27/2025. Financial terms of the transaction are unknown.
243360134,VOSTOK Investments doo,RS,Ozon Holdings PLC,Private Investor,2025-07-25,2025-07-25,Completed,INV,27.7,shared_interest_offered,1247,0,,RUB,,VOSTOK Investments doo sold a minority stake in Ozon Holdings PLC to Private Investor. The transaction was completed on 7/25/2025. Financial terms of the transaction are undisclosed.
243980793,Deutsche Lufthansa AG,DE,Aeromar JSC,Aeroflot PJSC,2025-09-08,2025-12-31,Proposed,M&A,49,shared_interest_offered,1406,114,,RUB,,Deutsche Lufthansa AG proposed to sell Aeromar JSC to Aeroflot PJSC. The transaction was proposed on 9/8/2025. Financial terms of the transaction are unknown.
245928930,Natura Cosmeticos SA,BR,Avon Russia/Avon Netherlands Holdings II BV,Arnest Kosmetiks OOO,2026-02-19,2026-02-17,Completed,AST,100,full_interest_offered,1454,,32.92,RUB,Current/Completed Total Value,Natura Cosmeticos SA sold Avon Russia/Avon Netherlands Holdings II BV to Arnest Kosmetiks OOO for RUB 2520.40M. The transaction was announced on 2/19/2026 and completed on 2/17/2026.
246698436,QIWI plc,CY,Flocktory,Alfa-Bank CJSC,2026-04-20,2026-04-20,Completed,M&A,100,full_interest_offered,1516,0,,RUB,,QIWI plc sold Flocktory to Alfa-Bank CJSC. The transaction was completed on 4/20/2026. Financial terms of the transaction are undisclosed.
246785965,Gentlia Ltd,CY,Pavlik AO,Aurum Trade JSC,2026-04-27,2026-04-27,Completed,M&A,87.63,shared_interest_offered,1523,0,,RUB,,Gentlia Ltd sold Pavlik AO to Aurum Trade JSC. The transaction was completed on 4/27/2026. Financial terms of the transaction are undisclosed.
246939467,UniCredit SpA,IT,AO Bank Onego,Potential Buyer,2026-05-07,,Proposed,INV,0,unclassified,,,,RUB,,UniCredit SpA proposed to sell a minority stake in AO Bank Onego to Potential Buyer. The transaction was proposed on 5/7/2026. Financial terms of the transaction are unknown.
247308030,TotalEnergies SE,FR,Arctic LNG 2 OOO,Nordline OOO,2026-06-03,,Pending,INV,10,shared_interest_offered,,,,RUB,,TotalEnergies SE announced the sale of a minority stake in Arctic LNG 2 OOO to Nordline OOO. The transaction was announced on 6/3/2026 and is currently pending. Financial terms of the transaction are undisclosed.
247963890,Linde UK Holdings NO 2 Ltd,GB,Praxea Rus LLC,Ruskhimalyans OOO,2026-07-28,2026-07-28,Completed,M&A,100,full_interest_offered,1615,0,,RUB,,Linde UK Holdings NO 2 Ltd sold Praxea Rus LLC to Ruskhimalyans OOO. The transaction was completed on 7/28/2026. Financial terms of the transaction are undisclosed.
