name,country,industry,grade_latest,action_type,filings_searched,filing_dates,writedown_usd_mn,sale_price_usd_mn,all_amounts_mn,filing_urls,edgar_search_url,status
3M,United States,Industrials,B,suspended,0,,,,,,https://www.sec.gov/edgar/search/#/q=3M%20Russia%20impairment%20write&dateRange=custom&category=custom&startdt=2022-01-01&enddt=2024-12-31&forms=10-K%2C20-F,no_cik_in_hits
ADP,United States,Information Technology,B,suspended,0,,,,,,https://www.sec.gov/edgar/search/#/q=ADP%20Russia%20impairment%20write&dateRange=custom&category=custom&startdt=2022-01-01&enddt=2024-12-31&forms=10-K%2C20-F,no_cik_in_hits
AECOM,United States,Industrials,A,sold,0,,,,,,https://www.sec.gov/edgar/search/#/q=AECOM%20Russia%20impairment%20write&dateRange=custom&category=custom&startdt=2022-01-01&enddt=2024-12-31&forms=10-K%2C20-F,no_cik_in_hits
AICPA,United States,Industrials,B,sold,0,,,,,,https://www.sec.gov/edgar/search/#/q=AICPA%20Russia%20impairment%20write&dateRange=custom&category=custom&startdt=2022-01-01&enddt=2024-12-31&forms=10-K%2C20-F,no_cik_in_hits
AM Best,United States,Information Technology,B,suspended,0,,,,,,https://www.sec.gov/edgar/search/#/q=AM%20Best%20Russia%20impairment%20write&dateRange=custom&category=custom&startdt=2022-01-01&enddt=2024-12-31&forms=10-K%2C20-F,no_cik_in_hits
AMD,United States,Information Technology,B,suspended,0,,,,,,https://www.sec.gov/edgar/search/#/q=AMD%20Russia%20impairment%20write&dateRange=custom&category=custom&startdt=2022-01-01&enddt=2024-12-31&forms=10-K%2C20-F,no_cik_in_hits
Agilent,United States,Information Technology,A,suspended,0,,,,,,https://www.sec.gov/edgar/search/#/q=Agilent%20Russia%20impairment%20write&dateRange=custom&category=custom&startdt=2022-01-01&enddt=2024-12-31&forms=10-K%2C20-F,no_cik_in_hits
Aimbridge | Interstate Hotels,United States,Consumer Discretionary,A,suspended,0,,,,,,https://www.sec.gov/edgar/search/#/q=Aimbridge%20%7C%20Interstate%20Hotels%20Russia%20impairment%20write&dateRange=custom&category=custom&startdt=2022-01-01&enddt=2024-12-31&forms=10-K%2C20-F,no_efts_results
Air Lease,United States,Industrials,A,suspended,0,,,,,,https://www.sec.gov/edgar/search/#/q=Air%20Lease%20Russia%20impairment%20write&dateRange=custom&category=custom&startdt=2022-01-01&enddt=2024-12-31&forms=10-K%2C20-F,no_cik_in_hits
Air Products,United States,Materials,A,sold,0,,,,,,https://www.sec.gov/edgar/search/#/q=Air%20Products%20Russia%20impairment%20write&dateRange=custom&category=custom&startdt=2022-01-01&enddt=2024-12-31&forms=10-K%2C20-F,no_cik_in_hits
Airbnb,United States,Consumer Discretionary,B,other,0,,,,,,https://www.sec.gov/edgar/search/#/q=Airbnb%20Russia%20impairment%20write&dateRange=custom&category=custom&startdt=2022-01-01&enddt=2024-12-31&forms=10-K%2C20-F,no_cik_in_hits
Akamai,United States,Information Technology,B,suspended,0,,,,,,https://www.sec.gov/edgar/search/#/q=Akamai%20Russia%20impairment%20write&dateRange=custom&category=custom&startdt=2022-01-01&enddt=2024-12-31&forms=10-K%2C20-F,no_cik_in_hits
Akin Gump,United States,Industrials,B,suspended,0,,,,,,https://www.sec.gov/edgar/search/#/q=Akin%20Gump%20Russia%20impairment%20write&dateRange=custom&category=custom&startdt=2022-01-01&enddt=2024-12-31&forms=10-K%2C20-F,no_cik_in_hits
Akvelon,United States,Information Technology,A,sold,0,,,,,,https://www.sec.gov/edgar/search/#/q=Akvelon%20Russia%20impairment%20write&dateRange=custom&category=custom&startdt=2022-01-01&enddt=2024-12-31&forms=10-K%2C20-F,no_efts_results
Alaska Airlines,United States,Industrials,B,suspended,0,,,,,,https://www.sec.gov/edgar/search/#/q=Alaska%20Airlines%20Russia%20impairment%20write&dateRange=custom&category=custom&startdt=2022-01-01&enddt=2024-12-31&forms=10-K%2C20-F,no_cik_in_hits
Alcoa,United States,Materials,A,other,0,,,,,,https://www.sec.gov/edgar/search/#/q=Alcoa%20Russia%20impairment%20write&dateRange=custom&category=custom&startdt=2022-01-01&enddt=2024-12-31&forms=10-K%2C20-F,no_cik_in_hits
Amazon,United States,Consumer Discretionary,B,suspended,0,,,,,,https://www.sec.gov/edgar/search/#/q=Amazon%20Russia%20impairment%20write&dateRange=custom&category=custom&startdt=2022-01-01&enddt=2024-12-31&forms=10-K%2C20-F,no_cik_in_hits
Ambarella,United States,Information Technology,B,suspended,0,,,,,,https://www.sec.gov/edgar/search/#/q=Ambarella%20Russia%20impairment%20write&dateRange=custom&category=custom&startdt=2022-01-01&enddt=2024-12-31&forms=10-K%2C20-F,no_cik_in_hits
Amdocs,United States,Information Technology,B,suspended,0,,,,,,https://www.sec.gov/edgar/search/#/q=Amdocs%20Russia%20impairment%20write&dateRange=custom&category=custom&startdt=2022-01-01&enddt=2024-12-31&forms=10-K%2C20-F,no_cik_in_hits
American Airlines,United States,Industrials,A,other,0,,,,,,https://www.sec.gov/edgar/search/#/q=American%20Airlines%20Russia%20impairment%20write&dateRange=custom&category=custom&startdt=2022-01-01&enddt=2024-12-31&forms=10-K%2C20-F,no_cik_in_hits
American Express,United States,Financials,B,suspended,0,,,,,,https://www.sec.gov/edgar/search/#/q=American%20Express%20Russia%20impairment%20write&dateRange=custom&category=custom&startdt=2022-01-01&enddt=2024-12-31&forms=10-K%2C20-F,no_cik_in_hits
Ametek,United States,Industrials,A,other,0,,,,,,https://www.sec.gov/edgar/search/#/q=Ametek%20Russia%20impairment%20write&dateRange=custom&category=custom&startdt=2022-01-01&enddt=2024-12-31&forms=10-K%2C20-F,no_cik_in_hits
Amsted Rail,United States,Industrials,A,sold,0,,,,,,https://www.sec.gov/edgar/search/#/q=Amsted%20Rail%20Russia%20impairment%20write&dateRange=custom&category=custom&startdt=2022-01-01&enddt=2024-12-31&forms=10-K%2C20-F,no_cik_in_hits
Amway,United States,Consumer Staples,A,suspended,0,,,,,,https://www.sec.gov/edgar/search/#/q=Amway%20Russia%20impairment%20write&dateRange=custom&category=custom&startdt=2022-01-01&enddt=2024-12-31&forms=10-K%2C20-F,no_cik_in_hits
Analog Devices,United States,Information Technology,B,suspended,0,,,,,,https://www.sec.gov/edgar/search/#/q=Analog%20Devices%20Russia%20impairment%20write&dateRange=custom&category=custom&startdt=2022-01-01&enddt=2024-12-31&forms=10-K%2C20-F,no_cik_in_hits
Ansys,United States,Information Technology,B,suspended,0,,,,,,https://www.sec.gov/edgar/search/#/q=Ansys%20Russia%20impairment%20write&dateRange=custom&category=custom&startdt=2022-01-01&enddt=2024-12-31&forms=10-K%2C20-F,no_cik_in_hits
Apple,United States,Information Technology,B,suspended,0,,,,,,https://www.sec.gov/edgar/search/#/q=Apple%20Russia%20impairment%20write&dateRange=custom&category=custom&startdt=2022-01-01&enddt=2024-12-31&forms=10-K%2C20-F,no_cik_in_hits
Arconic,United States,Materials,A,sold,0,,,,,,https://www.sec.gov/edgar/search/#/q=Arconic%20Russia%20impairment%20write&dateRange=custom&category=custom&startdt=2022-01-01&enddt=2024-12-31&forms=10-K%2C20-F,no_cik_in_hits
Association of International Certified Professional Accountants,United States,Industrials,B,other,0,,,,,,https://www.sec.gov/edgar/search/#/q=Association%20of%20International%20Certified%20Professional%20Accountants%20Russia%20impairment%20write&dateRange=custom&category=custom&startdt=2022-01-01&enddt=2024-12-31&forms=10-K%2C20-F,no_cik_in_hits
Autodesk,United States,Information Technology,B,suspended,0,,,,,,https://www.sec.gov/edgar/search/#/q=Autodesk%20Russia%20impairment%20write&dateRange=custom&category=custom&startdt=2022-01-01&enddt=2024-12-31&forms=10-K%2C20-F,no_cik_in_hits
Avantor,United States,Health Care,A,other,0,,,,,,https://www.sec.gov/edgar/search/#/q=Avantor%20Russia%20impairment%20write&dateRange=custom&category=custom&startdt=2022-01-01&enddt=2024-12-31&forms=10-K%2C20-F,no_cik_in_hits
Avaya,United States,Information Technology,A,other,0,,,,,,https://www.sec.gov/edgar/search/#/q=Avaya%20Russia%20impairment%20write&dateRange=custom&category=custom&startdt=2022-01-01&enddt=2024-12-31&forms=10-K%2C20-F,no_cik_in_hits
Avery Dennison,United States,Materials,A,other,0,,,,,,https://www.sec.gov/edgar/search/#/q=Avery%20Dennison%20Russia%20impairment%20write&dateRange=custom&category=custom&startdt=2022-01-01&enddt=2024-12-31&forms=10-K%2C20-F,no_cik_in_hits
Avid,United States,Information Technology,A,other,0,,,,,,https://www.sec.gov/edgar/search/#/q=Avid%20Russia%20impairment%20write&dateRange=custom&category=custom&startdt=2022-01-01&enddt=2024-12-31&forms=10-K%2C20-F,no_cik_in_hits
B Lab,United States,NGO,B,suspended,0,,,,,,https://www.sec.gov/edgar/search/#/q=B%20Lab%20Russia%20impairment%20write&dateRange=custom&category=custom&startdt=2022-01-01&enddt=2024-12-31&forms=10-K%2C20-F,no_cik_in_hits
BBDO,United States,Industrials,A,other,0,,,,,,https://www.sec.gov/edgar/search/#/q=BBDO%20Russia%20impairment%20write&dateRange=custom&category=custom&startdt=2022-01-01&enddt=2024-12-31&forms=10-K%2C20-F,no_cik_in_hits
BCG,United States,Industrials,B,suspended,0,,,,,,https://www.sec.gov/edgar/search/#/q=BCG%20Russia%20impairment%20write&dateRange=custom&category=custom&startdt=2022-01-01&enddt=2024-12-31&forms=10-K%2C20-F,no_cik_in_hits
BMC,United States,Information Technology,B,suspended,0,,,,,,https://www.sec.gov/edgar/search/#/q=BMC%20Russia%20impairment%20write&dateRange=custom&category=custom&startdt=2022-01-01&enddt=2024-12-31&forms=10-K%2C20-F,no_cik_in_hits
Bain,United States,Industrials,B,suspended,0,,,,,,https://www.sec.gov/edgar/search/#/q=Bain%20Russia%20impairment%20write&dateRange=custom&category=custom&startdt=2022-01-01&enddt=2024-12-31&forms=10-K%2C20-F,no_cik_in_hits
Baker Botts,United States,Industrials,A,sold,0,,,,,,https://www.sec.gov/edgar/search/#/q=Baker%20Botts%20Russia%20impairment%20write&dateRange=custom&category=custom&startdt=2022-01-01&enddt=2024-12-31&forms=10-K%2C20-F,no_cik_in_hits
Baker Hughes,United States,Energy,A,other,0,,,,,,https://www.sec.gov/edgar/search/#/q=Baker%20Hughes%20Russia%20impairment%20write&dateRange=custom&category=custom&startdt=2022-01-01&enddt=2024-12-31&forms=10-K%2C20-F,no_cik_in_hits
Baker McKenzie,United States,Industrials,A,other,0,,,,,,https://www.sec.gov/edgar/search/#/q=Baker%20McKenzie%20Russia%20impairment%20write&dateRange=custom&category=custom&startdt=2022-01-01&enddt=2024-12-31&forms=10-K%2C20-F,no_cik_in_hits
Ball Corporation,United States,Materials,A,sold,0,,,,,,https://www.sec.gov/edgar/search/#/q=Ball%20Corporation%20Russia%20impairment%20write&dateRange=custom&category=custom&startdt=2022-01-01&enddt=2024-12-31&forms=10-K%2C20-F,efts_error:500 Server Error: Internal Server Error for url: https://efts.sec.gov/LATEST/search-index?q=%22Ball+Corporation%22+Russia+impairment&forms=10-K%2C20-F&dateRange=custom&startdt=2022-01-01&enddt=2024-12-31
Bentley,United States,Consumer Discretionary,B,suspended,0,,,,,,https://www.sec.gov/edgar/search/#/q=Bentley%20Russia%20impairment%20write&dateRange=custom&category=custom&startdt=2022-01-01&enddt=2024-12-31&forms=10-K%2C20-F,no_cik_in_hits
Bentley Systems,United States,Information Technology,A,other,0,,,,,,https://www.sec.gov/edgar/search/#/q=Bentley%20Systems%20Russia%20impairment%20write&dateRange=custom&category=custom&startdt=2022-01-01&enddt=2024-12-31&forms=10-K%2C20-F,no_cik_in_hits
Big Fish Games,United States,Communication Services,B,suspended,0,,,,,,https://www.sec.gov/edgar/search/#/q=Big%20Fish%20Games%20Russia%20impairment%20write&dateRange=custom&category=custom&startdt=2022-01-01&enddt=2024-12-31&forms=10-K%2C20-F,no_cik_in_hits
BlackRock,United States,Financials,A,other,0,,,,,,https://www.sec.gov/edgar/search/#/q=BlackRock%20Russia%20impairment%20write&dateRange=custom&category=custom&startdt=2022-01-01&enddt=2024-12-31&forms=10-K%2C20-F,efts_error:500 Server Error: Internal Server Error for url: https://efts.sec.gov/LATEST/search-index?q=%22BlackRock%22+Russia+impairment&forms=10-K%2C20-F&dateRange=custom&startdt=2022-01-01&enddt=2024-12-31
Boeing,United States,Industrials,B,suspended,0,,,,,,https://www.sec.gov/edgar/search/#/q=Boeing%20Russia%20impairment%20write&dateRange=custom&category=custom&startdt=2022-01-01&enddt=2024-12-31&forms=10-K%2C20-F,no_cik_in_hits
Booking,United States,Consumer Discretionary,A,suspended,0,,,,,,https://www.sec.gov/edgar/search/#/q=Booking%20Russia%20impairment%20write&dateRange=custom&category=custom&startdt=2022-01-01&enddt=2024-12-31&forms=10-K%2C20-F,no_cik_in_hits
Bose,United States,Information Technology,A,suspended,0,,,,,,https://www.sec.gov/edgar/search/#/q=Bose%20Russia%20impairment%20write&dateRange=custom&category=custom&startdt=2022-01-01&enddt=2024-12-31&forms=10-K%2C20-F,no_cik_in_hits
Brinks,United States,Consumer Discretionary,B,suspended,0,,,,,,https://www.sec.gov/edgar/search/#/q=Brinks%20Russia%20impairment%20write&dateRange=custom&category=custom&startdt=2022-01-01&enddt=2024-12-31&forms=10-K%2C20-F,no_cik_in_hits
Bristol-Myers Squibb,United States,Health Care,A,sold,0,,,,,,https://www.sec.gov/edgar/search/#/q=Bristol-Myers%20Squibb%20Russia%20impairment%20write&dateRange=custom&category=custom&startdt=2022-01-01&enddt=2024-12-31&forms=10-K%2C20-F,no_cik_in_hits
Broadridge Financial Solutions,United States,Financials,A,sold,0,,,,,,https://www.sec.gov/edgar/search/#/q=Broadridge%20Financial%20Solutions%20Russia%20impairment%20write&dateRange=custom&category=custom&startdt=2022-01-01&enddt=2024-12-31&forms=10-K%2C20-F,no_cik_in_hits
Brown-Forman,United States,Consumer Staples,B,suspended,0,,,,,,https://www.sec.gov/edgar/search/#/q=Brown-Forman%20Russia%20impairment%20write&dateRange=custom&category=custom&startdt=2022-01-01&enddt=2024-12-31&forms=10-K%2C20-F,no_cik_in_hits
Bruker,United States,Industrials,A,suspended,0,,,,,,https://www.sec.gov/edgar/search/#/q=Bruker%20Russia%20impairment%20write&dateRange=custom&category=custom&startdt=2022-01-01&enddt=2024-12-31&forms=10-K%2C20-F,no_cik_in_hits
Bryan Cave,United States,Industrials,A,other,0,,,,,,https://www.sec.gov/edgar/search/#/q=Bryan%20Cave%20Russia%20impairment%20write&dateRange=custom&category=custom&startdt=2022-01-01&enddt=2024-12-31&forms=10-K%2C20-F,no_cik_in_hits
Bumble,United States,Communication Services,A,other,0,,,,,,https://www.sec.gov/edgar/search/#/q=Bumble%20Russia%20impairment%20write&dateRange=custom&category=custom&startdt=2022-01-01&enddt=2024-12-31&forms=10-K%2C20-F,no_cik_in_hits
Bunge,United States,Consumer Staples,A,sold,0,,,,,,https://www.sec.gov/edgar/search/#/q=Bunge%20Russia%20impairment%20write&dateRange=custom&category=custom&startdt=2022-01-01&enddt=2024-12-31&forms=10-K%2C20-F,no_cik_in_hits
CBRE,United States,Real Estate,B,other,0,,,,,,https://www.sec.gov/edgar/search/#/q=CBRE%20Russia%20impairment%20write&dateRange=custom&category=custom&startdt=2022-01-01&enddt=2024-12-31&forms=10-K%2C20-F,no_cik_in_hits
CFA Institute,United States,NGO,A,other,0,,,,,,https://www.sec.gov/edgar/search/#/q=CFA%20Institute%20Russia%20impairment%20write&dateRange=custom&category=custom&startdt=2022-01-01&enddt=2024-12-31&forms=10-K%2C20-F,no_cik_in_hits
CME Group,United States,Financials,B,suspended,0,,,,,,https://www.sec.gov/edgar/search/#/q=CME%20Group%20Russia%20impairment%20write&dateRange=custom&category=custom&startdt=2022-01-01&enddt=2024-12-31&forms=10-K%2C20-F,no_cik_in_hits
Cadence,United States,Information Technology,A,other,0,,,,,,https://www.sec.gov/edgar/search/#/q=Cadence%20Russia%20impairment%20write&dateRange=custom&category=custom&startdt=2022-01-01&enddt=2024-12-31&forms=10-K%2C20-F,no_cik_in_hits
Callaway Golf,United States,Consumer Discretionary,B,suspended,0,,,,,,https://www.sec.gov/edgar/search/#/q=Callaway%20Golf%20Russia%20impairment%20write&dateRange=custom&category=custom&startdt=2022-01-01&enddt=2024-12-31&forms=10-K%2C20-F,no_cik_in_hits
Carnival,United States,Consumer Discretionary,A,other,0,,,,,,https://www.sec.gov/edgar/search/#/q=Carnival%20Russia%20impairment%20write&dateRange=custom&category=custom&startdt=2022-01-01&enddt=2024-12-31&forms=10-K%2C20-F,no_cik_in_hits
Charles Schwab,United States,Financials,A,other,0,,,,,,https://www.sec.gov/edgar/search/#/q=Charles%20Schwab%20Russia%20impairment%20write&dateRange=custom&category=custom&startdt=2022-01-01&enddt=2024-12-31&forms=10-K%2C20-F,no_cik_in_hits
Chemours,United States,Materials,B,suspended,0,,,,,,https://www.sec.gov/edgar/search/#/q=Chemours%20Russia%20impairment%20write&dateRange=custom&category=custom&startdt=2022-01-01&enddt=2024-12-31&forms=10-K%2C20-F,no_cik_in_hits
Chevron,United States,Energy,B,other,0,,,,,,https://www.sec.gov/edgar/search/#/q=Chevron%20Russia%20impairment%20write&dateRange=custom&category=custom&startdt=2022-01-01&enddt=2024-12-31&forms=10-K%2C20-F,no_cik_in_hits
Ciena,United States,Communication Services,B,suspended,0,,,,,,https://www.sec.gov/edgar/search/#/q=Ciena%20Russia%20impairment%20write&dateRange=custom&category=custom&startdt=2022-01-01&enddt=2024-12-31&forms=10-K%2C20-F,efts_error:500 Server Error: Internal Server Error for url: https://efts.sec.gov/LATEST/search-index?q=%22Ciena%22+Russia+impairment&forms=10-K%2C20-F&dateRange=custom&startdt=2022-01-01&enddt=2024-12-31
Cisco,United States,Information Technology,A,sold,0,,,,,,https://www.sec.gov/edgar/search/#/q=Cisco%20Russia%20impairment%20write&dateRange=custom&category=custom&startdt=2022-01-01&enddt=2024-12-31&forms=10-K%2C20-F,no_cik_in_hits
Citi,United States,Financials,A,other,0,,,,,,https://www.sec.gov/edgar/search/#/q=Citi%20Russia%20impairment%20write&dateRange=custom&category=custom&startdt=2022-01-01&enddt=2024-12-31&forms=10-K%2C20-F,no_cik_in_hits
Citrix,United States,Information Technology,B,suspended,0,,,,,,https://www.sec.gov/edgar/search/#/q=Citrix%20Russia%20impairment%20write&dateRange=custom&category=custom&startdt=2022-01-01&enddt=2024-12-31&forms=10-K%2C20-F,no_cik_in_hits
Cleary Gottlieb,United States,Industrials,B,suspended,0,,,,,,https://www.sec.gov/edgar/search/#/q=Cleary%20Gottlieb%20Russia%20impairment%20write&dateRange=custom&category=custom&startdt=2022-01-01&enddt=2024-12-31&forms=10-K%2C20-F,no_cik_in_hits
Clorox,United States,Consumer Staples,B,suspended,0,,,,,,https://www.sec.gov/edgar/search/#/q=Clorox%20Russia%20impairment%20write&dateRange=custom&category=custom&startdt=2022-01-01&enddt=2024-12-31&forms=10-K%2C20-F,no_cik_in_hits
Clutch,United States,Industrials,B,suspended,0,,,,,,https://www.sec.gov/edgar/search/#/q=Clutch%20Russia%20impairment%20write&dateRange=custom&category=custom&startdt=2022-01-01&enddt=2024-12-31&forms=10-K%2C20-F,no_cik_in_hits
Cogent Communications,United States,Communication Services,B,other,0,,,,,,https://www.sec.gov/edgar/search/#/q=Cogent%20Communications%20Russia%20impairment%20write&dateRange=custom&category=custom&startdt=2022-01-01&enddt=2024-12-31&forms=10-K%2C20-F,no_cik_in_hits
Columbia Sportswear,United States,Consumer Discretionary,B,suspended,0,,,,,,https://www.sec.gov/edgar/search/#/q=Columbia%20Sportswear%20Russia%20impairment%20write&dateRange=custom&category=custom&startdt=2022-01-01&enddt=2024-12-31&forms=10-K%2C20-F,no_cik_in_hits
Commvault,United States,Information Technology,A,sold,0,,,,,,https://www.sec.gov/edgar/search/#/q=Commvault%20Russia%20impairment%20write&dateRange=custom&category=custom&startdt=2022-01-01&enddt=2024-12-31&forms=10-K%2C20-F,no_cik_in_hits
Compass Mining,United States,Financials,A,other,0,,,,,,https://www.sec.gov/edgar/search/#/q=Compass%20Mining%20Russia%20impairment%20write&dateRange=custom&category=custom&startdt=2022-01-01&enddt=2024-12-31&forms=10-K%2C20-F,no_cik_in_hits
Conde Nast,United States,Communication Services,B,suspended,0,,,,,,https://www.sec.gov/edgar/search/#/q=Conde%20Nast%20Russia%20impairment%20write&dateRange=custom&category=custom&startdt=2022-01-01&enddt=2024-12-31&forms=10-K%2C20-F,no_cik_in_hits
Conformis,United States,Health Care,B,suspended,0,,,,,,https://www.sec.gov/edgar/search/#/q=Conformis%20Russia%20impairment%20write&dateRange=custom&category=custom&startdt=2022-01-01&enddt=2024-12-31&forms=10-K%2C20-F,no_cik_in_hits
Corteva,United States,Consumer Staples,A,other,0,,,,,,https://www.sec.gov/edgar/search/#/q=Corteva%20Russia%20impairment%20write&dateRange=custom&category=custom&startdt=2022-01-01&enddt=2024-12-31&forms=10-K%2C20-F,no_cik_in_hits
Costco,United States,Consumer Discretionary,B,suspended,0,,,,,,https://www.sec.gov/edgar/search/#/q=Costco%20Russia%20impairment%20write&dateRange=custom&category=custom&startdt=2022-01-01&enddt=2024-12-31&forms=10-K%2C20-F,no_cik_in_hits
Coty,United States,Consumer Staples,A,sold,0,,,,,,https://www.sec.gov/edgar/search/#/q=Coty%20Russia%20impairment%20write&dateRange=custom&category=custom&startdt=2022-01-01&enddt=2024-12-31&forms=10-K%2C20-F,no_cik_in_hits
Coupa,United States,Information Technology,B,suspended,0,,,,,,https://www.sec.gov/edgar/search/#/q=Coupa%20Russia%20impairment%20write&dateRange=custom&category=custom&startdt=2022-01-01&enddt=2024-12-31&forms=10-K%2C20-F,no_cik_in_hits
Coursera,United States,Consumer Discretionary,B,suspended,0,,,,,,https://www.sec.gov/edgar/search/#/q=Coursera%20Russia%20impairment%20write&dateRange=custom&category=custom&startdt=2022-01-01&enddt=2024-12-31&forms=10-K%2C20-F,no_cik_in_hits
Crocs,United States,Consumer Discretionary,B,suspended,0,,,,,,https://www.sec.gov/edgar/search/#/q=Crocs%20Russia%20impairment%20write&dateRange=custom&category=custom&startdt=2022-01-01&enddt=2024-12-31&forms=10-K%2C20-F,no_cik_in_hits
Cummins,United States,Industrials,A,other,0,,,,,,https://www.sec.gov/edgar/search/#/q=Cummins%20Russia%20impairment%20write&dateRange=custom&category=custom&startdt=2022-01-01&enddt=2024-12-31&forms=10-K%2C20-F,no_cik_in_hits
Cushman &amp; Wakefield,United States,Real Estate,A,other,0,,,,,,https://www.sec.gov/edgar/search/#/q=Cushman%20%26amp%3B%20Wakefield%20Russia%20impairment%20write&dateRange=custom&category=custom&startdt=2022-01-01&enddt=2024-12-31&forms=10-K%2C20-F,efts_error:500 Server Error: Internal Server Error for url: https://efts.sec.gov/LATEST/search-index?q=%22Cushman+%26amp%3B+Wakefield%22+Russia+impairment&forms=10-K%2C20-F&dateRange=custom&startdt=2022-01-01&enddt=2024-12-31
DDB,United States,Materials,A,other,0,,,,,,https://www.sec.gov/edgar/search/#/q=DDB%20Russia%20impairment%20write&dateRange=custom&category=custom&startdt=2022-01-01&enddt=2024-12-31&forms=10-K%2C20-F,no_cik_in_hits
DLA Piper,United States,Industrials,A,sold,0,,,,,,https://www.sec.gov/edgar/search/#/q=DLA%20Piper%20Russia%20impairment%20write&dateRange=custom&category=custom&startdt=2022-01-01&enddt=2024-12-31&forms=10-K%2C20-F,efts_error:500 Server Error: Internal Server Error for url: https://efts.sec.gov/LATEST/search-index?q=%22DLA+Piper%22+Russia+impairment&forms=10-K%2C20-F&dateRange=custom&startdt=2022-01-01&enddt=2024-12-31
DXC Technology,United States,Information Technology,A,other,0,,,,,,https://www.sec.gov/edgar/search/#/q=DXC%20Technology%20Russia%20impairment%20write&dateRange=custom&category=custom&startdt=2022-01-01&enddt=2024-12-31&forms=10-K%2C20-F,no_cik_in_hits
Danaher,United States,Health Care,B,suspended,0,,,,,,https://www.sec.gov/edgar/search/#/q=Danaher%20Russia%20impairment%20write&dateRange=custom&category=custom&startdt=2022-01-01&enddt=2024-12-31&forms=10-K%2C20-F,no_cik_in_hits
Debevoise &amp; Plimpton,United States,Industrials,B,sold,0,,,,,,https://www.sec.gov/edgar/search/#/q=Debevoise%20%26amp%3B%20Plimpton%20Russia%20impairment%20write&dateRange=custom&category=custom&startdt=2022-01-01&enddt=2024-12-31&forms=10-K%2C20-F,no_efts_results
Dechert,United States,Industrials,A,other,0,,,,,,https://www.sec.gov/edgar/search/#/q=Dechert%20Russia%20impairment%20write&dateRange=custom&category=custom&startdt=2022-01-01&enddt=2024-12-31&forms=10-K%2C20-F,no_cik_in_hits
Deckers,United States,Consumer Discretionary,B,suspended,0,,,,,,https://www.sec.gov/edgar/search/#/q=Deckers%20Russia%20impairment%20write&dateRange=custom&category=custom&startdt=2022-01-01&enddt=2024-12-31&forms=10-K%2C20-F,no_cik_in_hits
Dell,United States,Information Technology,A,suspended,0,,,,,,https://www.sec.gov/edgar/search/#/q=Dell%20Russia%20impairment%20write&dateRange=custom&category=custom&startdt=2022-01-01&enddt=2024-12-31&forms=10-K%2C20-F,efts_error:500 Server Error: Internal Server Error for url: https://efts.sec.gov/LATEST/search-index?q=%22Dell%22+Russia+impairment&forms=10-K%2C20-F&dateRange=custom&startdt=2022-01-01&enddt=2024-12-31
Deloitte,United States,Industrials,A,other,0,,,,,,https://www.sec.gov/edgar/search/#/q=Deloitte%20Russia%20impairment%20write&dateRange=custom&category=custom&startdt=2022-01-01&enddt=2024-12-31&forms=10-K%2C20-F,no_cik_in_hits
Delta Air Lines,United States,Industrials,A,sold,0,,,,,,https://www.sec.gov/edgar/search/#/q=Delta%20Air%20Lines%20Russia%20impairment%20write&dateRange=custom&category=custom&startdt=2022-01-01&enddt=2024-12-31&forms=10-K%2C20-F,no_cik_in_hits
Diebold Nixdorf,United States,Information Technology,B,suspended,0,,,,,,https://www.sec.gov/edgar/search/#/q=Diebold%20Nixdorf%20Russia%20impairment%20write&dateRange=custom&category=custom&startdt=2022-01-01&enddt=2024-12-31&forms=10-K%2C20-F,no_cik_in_hits
Digicert,United States,Information Technology,A,suspended,0,,,,,,https://www.sec.gov/edgar/search/#/q=Digicert%20Russia%20impairment%20write&dateRange=custom&category=custom&startdt=2022-01-01&enddt=2024-12-31&forms=10-K%2C20-F,no_cik_in_hits
DirecTV,United States,Communication Services,B,other,0,,,,,,https://www.sec.gov/edgar/search/#/q=DirecTV%20Russia%20impairment%20write&dateRange=custom&category=custom&startdt=2022-01-01&enddt=2024-12-31&forms=10-K%2C20-F,no_cik_in_hits
Discover,United States,Communication Services,B,suspended,0,,,,,,https://www.sec.gov/edgar/search/#/q=Discover%20Russia%20impairment%20write&dateRange=custom&category=custom&startdt=2022-01-01&enddt=2024-12-31&forms=10-K%2C20-F,no_cik_in_hits
Discovery,United States,Communication Services,B,suspended,0,,,,,,https://www.sec.gov/edgar/search/#/q=Discovery%20Russia%20impairment%20write&dateRange=custom&category=custom&startdt=2022-01-01&enddt=2024-12-31&forms=10-K%2C20-F,no_cik_in_hits
Disney,United States,Communication Services,B,suspended,0,,,,,,https://www.sec.gov/edgar/search/#/q=Disney%20Russia%20impairment%20write&dateRange=custom&category=custom&startdt=2022-01-01&enddt=2024-12-31&forms=10-K%2C20-F,no_cik_in_hits
Docker,United States,Information Technology,A,other,0,,,,,,https://www.sec.gov/edgar/search/#/q=Docker%20Russia%20impairment%20write&dateRange=custom&category=custom&startdt=2022-01-01&enddt=2024-12-31&forms=10-K%2C20-F,efts_error:500 Server Error: Internal Server Error for url: https://efts.sec.gov/LATEST/search-index?q=%22Docker%22+Russia+impairment&forms=10-K%2C20-F&dateRange=custom&startdt=2022-01-01&enddt=2024-12-31
Domino's Pizza,United States,Consumer Discretionary,A,other,0,,,,,,https://www.sec.gov/edgar/search/#/q=Domino%27s%20Pizza%20Russia%20impairment%20write&dateRange=custom&category=custom&startdt=2022-01-01&enddt=2024-12-31&forms=10-K%2C20-F,efts_error:500 Server Error: Internal Server Error for url: https://efts.sec.gov/LATEST/search-index?q=%22Domino%27s+Pizza%22+Russia+impairment&forms=10-K%2C20-F&dateRange=custom&startdt=2022-01-01&enddt=2024-12-31
Donaldson Company,United States,Industrials,A,other,0,,,,,,https://www.sec.gov/edgar/search/#/q=Donaldson%20Company%20Russia%20impairment%20write&dateRange=custom&category=custom&startdt=2022-01-01&enddt=2024-12-31&forms=10-K%2C20-F,no_cik_in_hits
Draftkings,United States,Consumer Discretionary,A,other,0,,,,,,https://www.sec.gov/edgar/search/#/q=Draftkings%20Russia%20impairment%20write&dateRange=custom&category=custom&startdt=2022-01-01&enddt=2024-12-31&forms=10-K%2C20-F,no_cik_in_hits
Dreamstime,United States,Communication Services,B,other,0,,,,,,https://www.sec.gov/edgar/search/#/q=Dreamstime%20Russia%20impairment%20write&dateRange=custom&category=custom&startdt=2022-01-01&enddt=2024-12-31&forms=10-K%2C20-F,no_efts_results
DuPont,United States,Materials,B,suspended,0,,,,,,https://www.sec.gov/edgar/search/#/q=DuPont%20Russia%20impairment%20write&dateRange=custom&category=custom&startdt=2022-01-01&enddt=2024-12-31&forms=10-K%2C20-F,no_cik_in_hits
ECFMG,United States,Industrials,B,suspended,0,,,,,,https://www.sec.gov/edgar/search/#/q=ECFMG%20Russia%20impairment%20write&dateRange=custom&category=custom&startdt=2022-01-01&enddt=2024-12-31&forms=10-K%2C20-F,no_cik_in_hits
EPAM,United States,Information Technology,A,other,0,,,,,,https://www.sec.gov/edgar/search/#/q=EPAM%20Russia%20impairment%20write&dateRange=custom&category=custom&startdt=2022-01-01&enddt=2024-12-31&forms=10-K%2C20-F,no_cik_in_hits
EY,United States,Industrials,A,other,0,,,,,,https://www.sec.gov/edgar/search/#/q=EY%20Russia%20impairment%20write&dateRange=custom&category=custom&startdt=2022-01-01&enddt=2024-12-31&forms=10-K%2C20-F,no_cik_in_hits
EarthDaily Analytics,United States,Industrials,A,other,0,,,,,,https://www.sec.gov/edgar/search/#/q=EarthDaily%20Analytics%20Russia%20impairment%20write&dateRange=custom&category=custom&startdt=2022-01-01&enddt=2024-12-31&forms=10-K%2C20-F,no_cik_in_hits
Egon Zehnder,United States,Industrials,B,suspended,0,,,,,,https://www.sec.gov/edgar/search/#/q=Egon%20Zehnder%20Russia%20impairment%20write&dateRange=custom&category=custom&startdt=2022-01-01&enddt=2024-12-31&forms=10-K%2C20-F,no_cik_in_hits
Electronic Arts,United States,Communication Services,A,other,0,,,,,,https://www.sec.gov/edgar/search/#/q=Electronic%20Arts%20Russia%20impairment%20write&dateRange=custom&category=custom&startdt=2022-01-01&enddt=2024-12-31&forms=10-K%2C20-F,no_cik_in_hits
Emerson Electric,United States,Industrials,A,other,0,,,,,,https://www.sec.gov/edgar/search/#/q=Emerson%20Electric%20Russia%20impairment%20write&dateRange=custom&category=custom&startdt=2022-01-01&enddt=2024-12-31&forms=10-K%2C20-F,no_cik_in_hits
EnerSys,United States,Industrials,A,other,0,,,,,,https://www.sec.gov/edgar/search/#/q=EnerSys%20Russia%20impairment%20write&dateRange=custom&category=custom&startdt=2022-01-01&enddt=2024-12-31&forms=10-K%2C20-F,efts_error:500 Server Error: Internal Server Error for url: https://efts.sec.gov/LATEST/search-index?q=%22EnerSys%22+Russia+impairment&forms=10-K%2C20-F&dateRange=custom&startdt=2022-01-01&enddt=2024-12-31
Energizer,United States,Industrials,A,sold,0,,,,,,https://www.sec.gov/edgar/search/#/q=Energizer%20Russia%20impairment%20write&dateRange=custom&category=custom&startdt=2022-01-01&enddt=2024-12-31&forms=10-K%2C20-F,no_cik_in_hits
Equinix,United States,Real Estate,B,suspended,0,,,,,,https://www.sec.gov/edgar/search/#/q=Equinix%20Russia%20impairment%20write&dateRange=custom&category=custom&startdt=2022-01-01&enddt=2024-12-31&forms=10-K%2C20-F,no_cik_in_hits
Estee Lauder,United States,Consumer Staples,B,suspended,0,,,,,,https://www.sec.gov/edgar/search/#/q=Estee%20Lauder%20Russia%20impairment%20write&dateRange=custom&category=custom&startdt=2022-01-01&enddt=2024-12-31&forms=10-K%2C20-F,no_cik_in_hits
Etsy,United States,Consumer Discretionary,A,other,0,,,,,,https://www.sec.gov/edgar/search/#/q=Etsy%20Russia%20impairment%20write&dateRange=custom&category=custom&startdt=2022-01-01&enddt=2024-12-31&forms=10-K%2C20-F,no_cik_in_hits
Euronet Worldwide,United States,Financials,A,other,0,,,,,,https://www.sec.gov/edgar/search/#/q=Euronet%20Worldwide%20Russia%20impairment%20write&dateRange=custom&category=custom&startdt=2022-01-01&enddt=2024-12-31&forms=10-K%2C20-F,no_cik_in_hits
Exiger,United States,Industrials,B,other,0,,,,,,https://www.sec.gov/edgar/search/#/q=Exiger%20Russia%20impairment%20write&dateRange=custom&category=custom&startdt=2022-01-01&enddt=2024-12-31&forms=10-K%2C20-F,no_efts_results
Expedia,United States,Consumer Discretionary,A,suspended,0,,,,,,https://www.sec.gov/edgar/search/#/q=Expedia%20Russia%20impairment%20write&dateRange=custom&category=custom&startdt=2022-01-01&enddt=2024-12-31&forms=10-K%2C20-F,no_cik_in_hits
Exxonmobil,United States,Energy,A,other,0,,,,,,https://www.sec.gov/edgar/search/#/q=Exxonmobil%20Russia%20impairment%20write&dateRange=custom&category=custom&startdt=2022-01-01&enddt=2024-12-31&forms=10-K%2C20-F,no_cik_in_hits
FICO,United States,Information Technology,A,other,0,,,,,,https://www.sec.gov/edgar/search/#/q=FICO%20Russia%20impairment%20write&dateRange=custom&category=custom&startdt=2022-01-01&enddt=2024-12-31&forms=10-K%2C20-F,no_cik_in_hits
FMC Corporation,United States,Materials,A,other,0,,,,,,https://www.sec.gov/edgar/search/#/q=FMC%20Corporation%20Russia%20impairment%20write&dateRange=custom&category=custom&startdt=2022-01-01&enddt=2024-12-31&forms=10-K%2C20-F,no_cik_in_hits
FedEx,United States,Industrials,B,suspended,0,,,,,,https://www.sec.gov/edgar/search/#/q=FedEx%20Russia%20impairment%20write&dateRange=custom&category=custom&startdt=2022-01-01&enddt=2024-12-31&forms=10-K%2C20-F,no_cik_in_hits
Fidelity,United States,Financials,B,suspended,0,,,,,,https://www.sec.gov/edgar/search/#/q=Fidelity%20Russia%20impairment%20write&dateRange=custom&category=custom&startdt=2022-01-01&enddt=2024-12-31&forms=10-K%2C20-F,no_cik_in_hits
Fitch,United States,Financials,B,suspended,0,,,,,,https://www.sec.gov/edgar/search/#/q=Fitch%20Russia%20impairment%20write&dateRange=custom&category=custom&startdt=2022-01-01&enddt=2024-12-31&forms=10-K%2C20-F,no_cik_in_hits
Five9,United States,Information Technology,A,other,0,,,,,,https://www.sec.gov/edgar/search/#/q=Five9%20Russia%20impairment%20write&dateRange=custom&category=custom&startdt=2022-01-01&enddt=2024-12-31&forms=10-K%2C20-F,no_cik_in_hits
Flowserve,United States,Industrials,A,sold,0,,,,,,https://www.sec.gov/edgar/search/#/q=Flowserve%20Russia%20impairment%20write&dateRange=custom&category=custom&startdt=2022-01-01&enddt=2024-12-31&forms=10-K%2C20-F,no_cik_in_hits
Ford,United States,Consumer Discretionary,A,sold,0,,,,,,https://www.sec.gov/edgar/search/#/q=Ford%20Russia%20impairment%20write&dateRange=custom&category=custom&startdt=2022-01-01&enddt=2024-12-31&forms=10-K%2C20-F,no_cik_in_hits
Fortinet,United States,Information Technology,B,suspended,0,,,,,,https://www.sec.gov/edgar/search/#/q=Fortinet%20Russia%20impairment%20write&dateRange=custom&category=custom&startdt=2022-01-01&enddt=2024-12-31&forms=10-K%2C20-F,no_cik_in_hits
GM,United States,Consumer Discretionary,A,suspended,0,,,,,,https://www.sec.gov/edgar/search/#/q=GM%20Russia%20impairment%20write&dateRange=custom&category=custom&startdt=2022-01-01&enddt=2024-12-31&forms=10-K%2C20-F,no_cik_in_hits
GXO Logistics,United States,Industrials,A,other,0,,,,,,https://www.sec.gov/edgar/search/#/q=GXO%20Logistics%20Russia%20impairment%20write&dateRange=custom&category=custom&startdt=2022-01-01&enddt=2024-12-31&forms=10-K%2C20-F,no_cik_in_hits
Gap Inc,United States,Consumer Discretionary,B,suspended,0,,,,,,https://www.sec.gov/edgar/search/#/q=Gap%20Inc%20Russia%20impairment%20write&dateRange=custom&category=custom&startdt=2022-01-01&enddt=2024-12-31&forms=10-K%2C20-F,no_cik_in_hits
Garmin,United States,Consumer Discretionary,A,suspended,0,,,,,,https://www.sec.gov/edgar/search/#/q=Garmin%20Russia%20impairment%20write&dateRange=custom&category=custom&startdt=2022-01-01&enddt=2024-12-31&forms=10-K%2C20-F,no_cik_in_hits
Generac,United States,Industrials,B,suspended,0,,,,,,https://www.sec.gov/edgar/search/#/q=Generac%20Russia%20impairment%20write&dateRange=custom&category=custom&startdt=2022-01-01&enddt=2024-12-31&forms=10-K%2C20-F,no_cik_in_hits
Global Foundries,United States,Information Technology,A,suspended,0,,,,,,https://www.sec.gov/edgar/search/#/q=Global%20Foundries%20Russia%20impairment%20write&dateRange=custom&category=custom&startdt=2022-01-01&enddt=2024-12-31&forms=10-K%2C20-F,no_cik_in_hits
GoDaddy,United States,Information Technology,A,other,0,,,,,,https://www.sec.gov/edgar/search/#/q=GoDaddy%20Russia%20impairment%20write&dateRange=custom&category=custom&startdt=2022-01-01&enddt=2024-12-31&forms=10-K%2C20-F,no_cik_in_hits
Goodyear,United States,Consumer Discretionary,B,suspended,0,,,,,,https://www.sec.gov/edgar/search/#/q=Goodyear%20Russia%20impairment%20write&dateRange=custom&category=custom&startdt=2022-01-01&enddt=2024-12-31&forms=10-K%2C20-F,no_cik_in_hits
Grainpro,United States,Materials,B,suspended,0,,,,,,https://www.sec.gov/edgar/search/#/q=Grainpro%20Russia%20impairment%20write&dateRange=custom&category=custom&startdt=2022-01-01&enddt=2024-12-31&forms=10-K%2C20-F,no_cik_in_hits
Grammarly,United States,Information Technology,B,other,0,,,,,,https://www.sec.gov/edgar/search/#/q=Grammarly%20Russia%20impairment%20write&dateRange=custom&category=custom&startdt=2022-01-01&enddt=2024-12-31&forms=10-K%2C20-F,no_cik_in_hits
Grant Thornton,United States,Industrials,A,sold,0,,,,,,https://www.sec.gov/edgar/search/#/q=Grant%20Thornton%20Russia%20impairment%20write&dateRange=custom&category=custom&startdt=2022-01-01&enddt=2024-12-31&forms=10-K%2C20-F,efts_error:500 Server Error: Internal Server Error for url: https://efts.sec.gov/LATEST/search-index?q=%22Grant+Thornton%22+Russia+impairment&forms=10-K%2C20-F&dateRange=custom&startdt=2022-01-01&enddt=2024-12-31
Grid Dynamics,United States,Information Technology,A,sold,0,,,,,,https://www.sec.gov/edgar/search/#/q=Grid%20Dynamics%20Russia%20impairment%20write&dateRange=custom&category=custom&startdt=2022-01-01&enddt=2024-12-31&forms=10-K%2C20-F,no_cik_in_hits
HP Enterprise (Independent from HP Inc.),United States,Information Technology,A,sold,0,,,,,,https://www.sec.gov/edgar/search/#/q=HP%20Enterprise%20%28Independent%20from%20HP%20Inc.%29%20Russia%20impairment%20write&dateRange=custom&category=custom&startdt=2022-01-01&enddt=2024-12-31&forms=10-K%2C20-F,no_efts_results
HP Inc.,United States,Information Technology,A,other,0,,,,,,https://www.sec.gov/edgar/search/#/q=HP%20Inc.%20Russia%20impairment%20write&dateRange=custom&category=custom&startdt=2022-01-01&enddt=2024-12-31&forms=10-K%2C20-F,no_cik_in_hits
Halliburton,United States,Energy,A,other,0,,,,,,https://www.sec.gov/edgar/search/#/q=Halliburton%20Russia%20impairment%20write&dateRange=custom&category=custom&startdt=2022-01-01&enddt=2024-12-31&forms=10-K%2C20-F,no_cik_in_hits
Hard Rock Café,United States,Consumer Staples,A,other,0,,,,,,https://www.sec.gov/edgar/search/#/q=Hard%20Rock%20Caf%C3%A9%20Russia%20impairment%20write&dateRange=custom&category=custom&startdt=2022-01-01&enddt=2024-12-31&forms=10-K%2C20-F,no_efts_results
Harley-Davidson,United States,Consumer Discretionary,B,other,0,,,,,,https://www.sec.gov/edgar/search/#/q=Harley-Davidson%20Russia%20impairment%20write&dateRange=custom&category=custom&startdt=2022-01-01&enddt=2024-12-31&forms=10-K%2C20-F,no_cik_in_hits
Hasbro,United States,Consumer Discretionary,B,suspended,0,,,,,,https://www.sec.gov/edgar/search/#/q=Hasbro%20Russia%20impairment%20write&dateRange=custom&category=custom&startdt=2022-01-01&enddt=2024-12-31&forms=10-K%2C20-F,no_cik_in_hits
Hearst Communications,United States,Communication Services,A,other,0,,,,,,https://www.sec.gov/edgar/search/#/q=Hearst%20Communications%20Russia%20impairment%20write&dateRange=custom&category=custom&startdt=2022-01-01&enddt=2024-12-31&forms=10-K%2C20-F,no_cik_in_hits
Heidrick &amp; Struggles,United States,Industrials,A,suspended,0,,,,,,https://www.sec.gov/edgar/search/#/q=Heidrick%20%26amp%3B%20Struggles%20Russia%20impairment%20write&dateRange=custom&category=custom&startdt=2022-01-01&enddt=2024-12-31&forms=10-K%2C20-F,efts_error:500 Server Error: Internal Server Error for url: https://efts.sec.gov/LATEST/search-index?q=%22Heidrick+%26amp%3B+Struggles%22+Russia+impairment&forms=10-K%2C20-F&dateRange=custom&startdt=2022-01-01&enddt=2024-12-31
Herbalife,United States,Consumer Staples,B,suspended,0,,,,,,https://www.sec.gov/edgar/search/#/q=Herbalife%20Russia%20impairment%20write&dateRange=custom&category=custom&startdt=2022-01-01&enddt=2024-12-31&forms=10-K%2C20-F,no_cik_in_hits
Hertz,United States,Consumer Discretionary,A,sold,0,,,,,,https://www.sec.gov/edgar/search/#/q=Hertz%20Russia%20impairment%20write&dateRange=custom&category=custom&startdt=2022-01-01&enddt=2024-12-31&forms=10-K%2C20-F,no_cik_in_hits
Honeywell,United States,Industrials,A,sold,0,,,,,,https://www.sec.gov/edgar/search/#/q=Honeywell%20Russia%20impairment%20write&dateRange=custom&category=custom&startdt=2022-01-01&enddt=2024-12-31&forms=10-K%2C20-F,no_cik_in_hits
IBM,United States,Information Technology,A,sold,0,,,,,,https://www.sec.gov/edgar/search/#/q=IBM%20Russia%20impairment%20write&dateRange=custom&category=custom&startdt=2022-01-01&enddt=2024-12-31&forms=10-K%2C20-F,no_cik_in_hits
IDEXX Labs,United States,Health Care,A,sold,0,,,,,,https://www.sec.gov/edgar/search/#/q=IDEXX%20Labs%20Russia%20impairment%20write&dateRange=custom&category=custom&startdt=2022-01-01&enddt=2024-12-31&forms=10-K%2C20-F,no_efts_results
Illinois Tool Works,United States,Industrials,B,other,0,,,,,,https://www.sec.gov/edgar/search/#/q=Illinois%20Tool%20Works%20Russia%20impairment%20write&dateRange=custom&category=custom&startdt=2022-01-01&enddt=2024-12-31&forms=10-K%2C20-F,no_cik_in_hits
Indeed,United States,Information Technology,B,suspended,0,,,,,,https://www.sec.gov/edgar/search/#/q=Indeed%20Russia%20impairment%20write&dateRange=custom&category=custom&startdt=2022-01-01&enddt=2024-12-31&forms=10-K%2C20-F,no_cik_in_hits
Institute of Internal Auditors,United States,Industrials,B,suspended,0,,,,,,https://www.sec.gov/edgar/search/#/q=Institute%20of%20Internal%20Auditors%20Russia%20impairment%20write&dateRange=custom&category=custom&startdt=2022-01-01&enddt=2024-12-31&forms=10-K%2C20-F,no_cik_in_hits
Intel,United States,Information Technology,B,suspended,0,,,,,,https://www.sec.gov/edgar/search/#/q=Intel%20Russia%20impairment%20write&dateRange=custom&category=custom&startdt=2022-01-01&enddt=2024-12-31&forms=10-K%2C20-F,no_cik_in_hits
Interactive Advertising Bureau,United States,Industrials,B,suspended,0,,,,,,https://www.sec.gov/edgar/search/#/q=Interactive%20Advertising%20Bureau%20Russia%20impairment%20write&dateRange=custom&category=custom&startdt=2022-01-01&enddt=2024-12-31&forms=10-K%2C20-F,no_cik_in_hits
Intercontinental Exchange,United States,Financials,A,other,0,,,,,,https://www.sec.gov/edgar/search/#/q=Intercontinental%20Exchange%20Russia%20impairment%20write&dateRange=custom&category=custom&startdt=2022-01-01&enddt=2024-12-31&forms=10-K%2C20-F,no_cik_in_hits
International Cycling Union,United States,NGO,A,other,0,,,,,,https://www.sec.gov/edgar/search/#/q=International%20Cycling%20Union%20Russia%20impairment%20write&dateRange=custom&category=custom&startdt=2022-01-01&enddt=2024-12-31&forms=10-K%2C20-F,no_efts_results
International Paper,United States,Materials,A,sold,0,,,,,,https://www.sec.gov/edgar/search/#/q=International%20Paper%20Russia%20impairment%20write&dateRange=custom&category=custom&startdt=2022-01-01&enddt=2024-12-31&forms=10-K%2C20-F,no_cik_in_hits
Interpublic Group,United States,Communication Services,A,other,0,,,,,,https://www.sec.gov/edgar/search/#/q=Interpublic%20Group%20Russia%20impairment%20write&dateRange=custom&category=custom&startdt=2022-01-01&enddt=2024-12-31&forms=10-K%2C20-F,no_cik_in_hits
Intertek,United States,Industrials,B,suspended,0,,,,,,https://www.sec.gov/edgar/search/#/q=Intertek%20Russia%20impairment%20write&dateRange=custom&category=custom&startdt=2022-01-01&enddt=2024-12-31&forms=10-K%2C20-F,no_cik_in_hits
Intuit,United States,Information Technology,B,suspended,0,,,,,,https://www.sec.gov/edgar/search/#/q=Intuit%20Russia%20impairment%20write&dateRange=custom&category=custom&startdt=2022-01-01&enddt=2024-12-31&forms=10-K%2C20-F,no_cik_in_hits
JLL,United States,Real Estate,A,other,0,,,,,,https://www.sec.gov/edgar/search/#/q=JLL%20Russia%20impairment%20write&dateRange=custom&category=custom&startdt=2022-01-01&enddt=2024-12-31&forms=10-K%2C20-F,no_cik_in_hits
Jabil,United States,Information Technology,A,other,0,,,,,,https://www.sec.gov/edgar/search/#/q=Jabil%20Russia%20impairment%20write&dateRange=custom&category=custom&startdt=2022-01-01&enddt=2024-12-31&forms=10-K%2C20-F,no_cik_in_hits
Juniper Networks,United States,Information Technology,B,suspended,0,,,,,,https://www.sec.gov/edgar/search/#/q=Juniper%20Networks%20Russia%20impairment%20write&dateRange=custom&category=custom&startdt=2022-01-01&enddt=2024-12-31&forms=10-K%2C20-F,no_cik_in_hits
KPMG,United States,Industrials,A,other,0,,,,,,https://www.sec.gov/edgar/search/#/q=KPMG%20Russia%20impairment%20write&dateRange=custom&category=custom&startdt=2022-01-01&enddt=2024-12-31&forms=10-K%2C20-F,no_cik_in_hits
Kearney,United States,Industrials,A,sold,0,,,,,,https://www.sec.gov/edgar/search/#/q=Kearney%20Russia%20impairment%20write&dateRange=custom&category=custom&startdt=2022-01-01&enddt=2024-12-31&forms=10-K%2C20-F,no_cik_in_hits
Kelly,United States,Industrials,A,other,0,,,,,,https://www.sec.gov/edgar/search/#/q=Kelly%20Russia%20impairment%20write&dateRange=custom&category=custom&startdt=2022-01-01&enddt=2024-12-31&forms=10-K%2C20-F,no_cik_in_hits
Kennametal,United States,Industrials,A,sold,0,,,,,,https://www.sec.gov/edgar/search/#/q=Kennametal%20Russia%20impairment%20write&dateRange=custom&category=custom&startdt=2022-01-01&enddt=2024-12-31&forms=10-K%2C20-F,no_cik_in_hits
Kennedys,United States,Industrials,A,sold,0,,,,,,https://www.sec.gov/edgar/search/#/q=Kennedys%20Russia%20impairment%20write&dateRange=custom&category=custom&startdt=2022-01-01&enddt=2024-12-31&forms=10-K%2C20-F,no_efts_results
Kingston,United States,Information Technology,B,suspended,0,,,,,,https://www.sec.gov/edgar/search/#/q=Kingston%20Russia%20impairment%20write&dateRange=custom&category=custom&startdt=2022-01-01&enddt=2024-12-31&forms=10-K%2C20-F,no_cik_in_hits
Koch Industries,United States,Industrials,A,other,0,,,,,,https://www.sec.gov/edgar/search/#/q=Koch%20Industries%20Russia%20impairment%20write&dateRange=custom&category=custom&startdt=2022-01-01&enddt=2024-12-31&forms=10-K%2C20-F,no_cik_in_hits
Kofax,United States,Information Technology,A,other,0,,,,,,https://www.sec.gov/edgar/search/#/q=Kofax%20Russia%20impairment%20write&dateRange=custom&category=custom&startdt=2022-01-01&enddt=2024-12-31&forms=10-K%2C20-F,no_cik_in_hits
Korn Ferry,United States,Industrials,B,suspended,0,,,,,,https://www.sec.gov/edgar/search/#/q=Korn%20Ferry%20Russia%20impairment%20write&dateRange=custom&category=custom&startdt=2022-01-01&enddt=2024-12-31&forms=10-K%2C20-F,no_cik_in_hits
Krispy Kreme,United States,Consumer Discretionary,A,sold,0,,,,,,https://www.sec.gov/edgar/search/#/q=Krispy%20Kreme%20Russia%20impairment%20write&dateRange=custom&category=custom&startdt=2022-01-01&enddt=2024-12-31&forms=10-K%2C20-F,no_cik_in_hits
Lamb Weston,United States,Consumer Staples,A,other,0,,,,,,https://www.sec.gov/edgar/search/#/q=Lamb%20Weston%20Russia%20impairment%20write&dateRange=custom&category=custom&startdt=2022-01-01&enddt=2024-12-31&forms=10-K%2C20-F,no_cik_in_hits
Latham &amp; Watkins,United States,Industrials,A,sold,0,,,,,,https://www.sec.gov/edgar/search/#/q=Latham%20%26amp%3B%20Watkins%20Russia%20impairment%20write&dateRange=custom&category=custom&startdt=2022-01-01&enddt=2024-12-31&forms=10-K%2C20-F,no_efts_results
Lear Corporation,United States,Consumer Discretionary,A,sold,0,,,,,,https://www.sec.gov/edgar/search/#/q=Lear%20Corporation%20Russia%20impairment%20write&dateRange=custom&category=custom&startdt=2022-01-01&enddt=2024-12-31&forms=10-K%2C20-F,no_cik_in_hits
Levi Strauss,United States,Consumer Discretionary,B,suspended,0,,,,,,https://www.sec.gov/edgar/search/#/q=Levi%20Strauss%20Russia%20impairment%20write&dateRange=custom&category=custom&startdt=2022-01-01&enddt=2024-12-31&forms=10-K%2C20-F,no_cik_in_hits
Lexmark,United States,Information Technology,B,suspended,0,,,,,,https://www.sec.gov/edgar/search/#/q=Lexmark%20Russia%20impairment%20write&dateRange=custom&category=custom&startdt=2022-01-01&enddt=2024-12-31&forms=10-K%2C20-F,no_cik_in_hits
Lincoln Electric,United States,Industrials,A,suspended,0,,,,,,https://www.sec.gov/edgar/search/#/q=Lincoln%20Electric%20Russia%20impairment%20write&dateRange=custom&category=custom&startdt=2022-01-01&enddt=2024-12-31&forms=10-K%2C20-F,no_cik_in_hits
Little Caesar's,United States,Consumer Discretionary,B,suspended,0,,,,,,https://www.sec.gov/edgar/search/#/q=Little%20Caesar%27s%20Russia%20impairment%20write&dateRange=custom&category=custom&startdt=2022-01-01&enddt=2024-12-31&forms=10-K%2C20-F,no_efts_results
Live Nation Entertainment,United States,Communication Services,B,suspended,0,,,,,,https://www.sec.gov/edgar/search/#/q=Live%20Nation%20Entertainment%20Russia%20impairment%20write&dateRange=custom&category=custom&startdt=2022-01-01&enddt=2024-12-31&forms=10-K%2C20-F,no_cik_in_hits
Lumen,United States,Communication Services,B,other,0,,,,,,https://www.sec.gov/edgar/search/#/q=Lumen%20Russia%20impairment%20write&dateRange=custom&category=custom&startdt=2022-01-01&enddt=2024-12-31&forms=10-K%2C20-F,no_cik_in_hits
MSC,United States,Financials,B,other,0,,,,,,https://www.sec.gov/edgar/search/#/q=MSC%20Russia%20impairment%20write&dateRange=custom&category=custom&startdt=2022-01-01&enddt=2024-12-31&forms=10-K%2C20-F,no_cik_in_hits
MSCI,United States,Financials,A,other,0,,,,,,https://www.sec.gov/edgar/search/#/q=MSCI%20Russia%20impairment%20write&dateRange=custom&category=custom&startdt=2022-01-01&enddt=2024-12-31&forms=10-K%2C20-F,no_cik_in_hits
Marriott,United States,Consumer Discretionary,B,suspended,0,,,,,,https://www.sec.gov/edgar/search/#/q=Marriott%20Russia%20impairment%20write&dateRange=custom&category=custom&startdt=2022-01-01&enddt=2024-12-31&forms=10-K%2C20-F,no_cik_in_hits
Marsh McLennan,United States,Financials,A,sold,0,,,,,,https://www.sec.gov/edgar/search/#/q=Marsh%20McLennan%20Russia%20impairment%20write&dateRange=custom&category=custom&startdt=2022-01-01&enddt=2024-12-31&forms=10-K%2C20-F,no_cik_in_hits
Marvell,United States,Information Technology,B,suspended,0,,,,,,https://www.sec.gov/edgar/search/#/q=Marvell%20Russia%20impairment%20write&dateRange=custom&category=custom&startdt=2022-01-01&enddt=2024-12-31&forms=10-K%2C20-F,no_cik_in_hits
Mastercard,United States,Information Technology,B,suspended,0,,,,,,https://www.sec.gov/edgar/search/#/q=Mastercard%20Russia%20impairment%20write&dateRange=custom&category=custom&startdt=2022-01-01&enddt=2024-12-31&forms=10-K%2C20-F,no_cik_in_hits
Match Group,United States,Communication Services,B,other,0,,,,,,https://www.sec.gov/edgar/search/#/q=Match%20Group%20Russia%20impairment%20write&dateRange=custom&category=custom&startdt=2022-01-01&enddt=2024-12-31&forms=10-K%2C20-F,no_cik_in_hits
Mattel,United States,Consumer Discretionary,B,suspended,0,,,,,,https://www.sec.gov/edgar/search/#/q=Mattel%20Russia%20impairment%20write&dateRange=custom&category=custom&startdt=2022-01-01&enddt=2024-12-31&forms=10-K%2C20-F,no_cik_in_hits
McCormick,United States,Consumer Staples,B,suspended,0,,,,,,https://www.sec.gov/edgar/search/#/q=McCormick%20Russia%20impairment%20write&dateRange=custom&category=custom&startdt=2022-01-01&enddt=2024-12-31&forms=10-K%2C20-F,no_cik_in_hits
McDonald's,United States,Consumer Discretionary,A,sold,0,,,,,,https://www.sec.gov/edgar/search/#/q=McDonald%27s%20Russia%20impairment%20write&dateRange=custom&category=custom&startdt=2022-01-01&enddt=2024-12-31&forms=10-K%2C20-F,no_cik_in_hits
McKinsey,United States,Industrials,A,other,0,,,,,,https://www.sec.gov/edgar/search/#/q=McKinsey%20Russia%20impairment%20write&dateRange=custom&category=custom&startdt=2022-01-01&enddt=2024-12-31&forms=10-K%2C20-F,no_cik_in_hits
Meta,United States,Communication Services,B,suspended,0,,,,,,https://www.sec.gov/edgar/search/#/q=Meta%20Russia%20impairment%20write&dateRange=custom&category=custom&startdt=2022-01-01&enddt=2024-12-31&forms=10-K%2C20-F,no_cik_in_hits
Mettler Toledo,United States,Health Care,B,suspended,0,,,,,,https://www.sec.gov/edgar/search/#/q=Mettler%20Toledo%20Russia%20impairment%20write&dateRange=custom&category=custom&startdt=2022-01-01&enddt=2024-12-31&forms=10-K%2C20-F,no_cik_in_hits
Micron,United States,Information Technology,B,suspended,0,,,,,,https://www.sec.gov/edgar/search/#/q=Micron%20Russia%20impairment%20write&dateRange=custom&category=custom&startdt=2022-01-01&enddt=2024-12-31&forms=10-K%2C20-F,no_cik_in_hits
Microsoft,United States,Information Technology,B,suspended,0,,,,,,https://www.sec.gov/edgar/search/#/q=Microsoft%20Russia%20impairment%20write&dateRange=custom&category=custom&startdt=2022-01-01&enddt=2024-12-31&forms=10-K%2C20-F,no_cik_in_hits
Moneygram,United States,Financials,B,suspended,0,,,,,,https://www.sec.gov/edgar/search/#/q=Moneygram%20Russia%20impairment%20write&dateRange=custom&category=custom&startdt=2022-01-01&enddt=2024-12-31&forms=10-K%2C20-F,no_cik_in_hits
MongoDB,United States,Information Technology,B,suspended,0,,,,,,https://www.sec.gov/edgar/search/#/q=MongoDB%20Russia%20impairment%20write&dateRange=custom&category=custom&startdt=2022-01-01&enddt=2024-12-31&forms=10-K%2C20-F,no_cik_in_hits
Monroe Energy,United States,Energy,A,suspended,0,,,,,,https://www.sec.gov/edgar/search/#/q=Monroe%20Energy%20Russia%20impairment%20write&dateRange=custom&category=custom&startdt=2022-01-01&enddt=2024-12-31&forms=10-K%2C20-F,no_cik_in_hits
Moog Inc.,United States,Industrials,A,other,0,,,,,,https://www.sec.gov/edgar/search/#/q=Moog%20Inc.%20Russia%20impairment%20write&dateRange=custom&category=custom&startdt=2022-01-01&enddt=2024-12-31&forms=10-K%2C20-F,no_cik_in_hits
Morgan Lewis,United States,Industrials,A,other,0,,,,,,https://www.sec.gov/edgar/search/#/q=Morgan%20Lewis%20Russia%20impairment%20write&dateRange=custom&category=custom&startdt=2022-01-01&enddt=2024-12-31&forms=10-K%2C20-F,no_cik_in_hits
Motorola Solutions,United States,Information Technology,B,suspended,0,,,,,,https://www.sec.gov/edgar/search/#/q=Motorola%20Solutions%20Russia%20impairment%20write&dateRange=custom&category=custom&startdt=2022-01-01&enddt=2024-12-31&forms=10-K%2C20-F,no_cik_in_hits
NCR,United States,Information Technology,B,suspended,0,,,,,,https://www.sec.gov/edgar/search/#/q=NCR%20Russia%20impairment%20write&dateRange=custom&category=custom&startdt=2022-01-01&enddt=2024-12-31&forms=10-K%2C20-F,no_cik_in_hits
NHL,United States,NGO,B,suspended,0,,,,,,https://www.sec.gov/edgar/search/#/q=NHL%20Russia%20impairment%20write&dateRange=custom&category=custom&startdt=2022-01-01&enddt=2024-12-31&forms=10-K%2C20-F,no_cik_in_hits
Namecheap,United States,Information Technology,B,suspended,0,,,,,,https://www.sec.gov/edgar/search/#/q=Namecheap%20Russia%20impairment%20write&dateRange=custom&category=custom&startdt=2022-01-01&enddt=2024-12-31&forms=10-K%2C20-F,no_cik_in_hits
Nasdaq,United States,Financials,A,other,0,,,,,,https://www.sec.gov/edgar/search/#/q=Nasdaq%20Russia%20impairment%20write&dateRange=custom&category=custom&startdt=2022-01-01&enddt=2024-12-31&forms=10-K%2C20-F,no_cik_in_hits
NetApp,United States,Information Technology,B,suspended,0,,,,,,https://www.sec.gov/edgar/search/#/q=NetApp%20Russia%20impairment%20write&dateRange=custom&category=custom&startdt=2022-01-01&enddt=2024-12-31&forms=10-K%2C20-F,no_cik_in_hits
Netflix,United States,Communication Services,A,suspended,0,,,,,,https://www.sec.gov/edgar/search/#/q=Netflix%20Russia%20impairment%20write&dateRange=custom&category=custom&startdt=2022-01-01&enddt=2024-12-31&forms=10-K%2C20-F,no_cik_in_hits
Netscout,United States,Information Technology,A,suspended,0,,,,,,https://www.sec.gov/edgar/search/#/q=Netscout%20Russia%20impairment%20write&dateRange=custom&category=custom&startdt=2022-01-01&enddt=2024-12-31&forms=10-K%2C20-F,no_cik_in_hits
New Balance,United States,Consumer Discretionary,B,suspended,0,,,,,,https://www.sec.gov/edgar/search/#/q=New%20Balance%20Russia%20impairment%20write&dateRange=custom&category=custom&startdt=2022-01-01&enddt=2024-12-31&forms=10-K%2C20-F,no_cik_in_hits
Niantic Labs,United States,Information Technology,B,other,0,,,,,,https://www.sec.gov/edgar/search/#/q=Niantic%20Labs%20Russia%20impairment%20write&dateRange=custom&category=custom&startdt=2022-01-01&enddt=2024-12-31&forms=10-K%2C20-F,no_efts_results
Nike,United States,Consumer Discretionary,A,sold,0,,,,,,https://www.sec.gov/edgar/search/#/q=Nike%20Russia%20impairment%20write&dateRange=custom&category=custom&startdt=2022-01-01&enddt=2024-12-31&forms=10-K%2C20-F,no_cik_in_hits
Norton,United States,Information Technology,B,suspended,0,,,,,,https://www.sec.gov/edgar/search/#/q=Norton%20Russia%20impairment%20write&dateRange=custom&category=custom&startdt=2022-01-01&enddt=2024-12-31&forms=10-K%2C20-F,no_cik_in_hits
Norwegian Cruise Lines,United States,Consumer Discretionary,A,other,0,,,,,,https://www.sec.gov/edgar/search/#/q=Norwegian%20Cruise%20Lines%20Russia%20impairment%20write&dateRange=custom&category=custom&startdt=2022-01-01&enddt=2024-12-31&forms=10-K%2C20-F,no_cik_in_hits
Nu Skin,United States,Consumer Staples,B,suspended,0,,,,,,https://www.sec.gov/edgar/search/#/q=Nu%20Skin%20Russia%20impairment%20write&dateRange=custom&category=custom&startdt=2022-01-01&enddt=2024-12-31&forms=10-K%2C20-F,no_cik_in_hits
Nutanix,United States,Information Technology,B,suspended,0,,,,,,https://www.sec.gov/edgar/search/#/q=Nutanix%20Russia%20impairment%20write&dateRange=custom&category=custom&startdt=2022-01-01&enddt=2024-12-31&forms=10-K%2C20-F,no_cik_in_hits
Nvidia,United States,Information Technology,B,suspended,0,,,,,,https://www.sec.gov/edgar/search/#/q=Nvidia%20Russia%20impairment%20write&dateRange=custom&category=custom&startdt=2022-01-01&enddt=2024-12-31&forms=10-K%2C20-F,no_cik_in_hits
ON24,United States,Information Technology,B,suspended,0,,,,,,https://www.sec.gov/edgar/search/#/q=ON24%20Russia%20impairment%20write&dateRange=custom&category=custom&startdt=2022-01-01&enddt=2024-12-31&forms=10-K%2C20-F,no_cik_in_hits
Oceania Cruises,United States,Consumer Discretionary,A,other,0,,,,,,https://www.sec.gov/edgar/search/#/q=Oceania%20Cruises%20Russia%20impairment%20write&dateRange=custom&category=custom&startdt=2022-01-01&enddt=2024-12-31&forms=10-K%2C20-F,no_cik_in_hits
Omnicom Media Group,United States,Communication Services,A,other,0,,,,,,https://www.sec.gov/edgar/search/#/q=Omnicom%20Media%20Group%20Russia%20impairment%20write&dateRange=custom&category=custom&startdt=2022-01-01&enddt=2024-12-31&forms=10-K%2C20-F,no_cik_in_hits
OneWeb,United States,Communication Services,A,suspended,0,,,,,,https://www.sec.gov/edgar/search/#/q=OneWeb%20Russia%20impairment%20write&dateRange=custom&category=custom&startdt=2022-01-01&enddt=2024-12-31&forms=10-K%2C20-F,no_cik_in_hits
Oracle,United States,Information Technology,B,suspended,0,,,,,,https://www.sec.gov/edgar/search/#/q=Oracle%20Russia%20impairment%20write&dateRange=custom&category=custom&startdt=2022-01-01&enddt=2024-12-31&forms=10-K%2C20-F,no_cik_in_hits
Otis Worldwide,United States,Industrials,A,sold,0,,,,,,https://www.sec.gov/edgar/search/#/q=Otis%20Worldwide%20Russia%20impairment%20write&dateRange=custom&category=custom&startdt=2022-01-01&enddt=2024-12-31&forms=10-K%2C20-F,no_cik_in_hits
Owens Corning,United States,Industrials,A,other,0,,,,,,https://www.sec.gov/edgar/search/#/q=Owens%20Corning%20Russia%20impairment%20write&dateRange=custom&category=custom&startdt=2022-01-01&enddt=2024-12-31&forms=10-K%2C20-F,no_cik_in_hits
PGL Esports,United States,Communication Services,A,other,0,,,,,,https://www.sec.gov/edgar/search/#/q=PGL%20Esports%20Russia%20impairment%20write&dateRange=custom&category=custom&startdt=2022-01-01&enddt=2024-12-31&forms=10-K%2C20-F,no_efts_results
PHX,United States,Energy,A,sold,0,,,,,,https://www.sec.gov/edgar/search/#/q=PHX%20Russia%20impairment%20write&dateRange=custom&category=custom&startdt=2022-01-01&enddt=2024-12-31&forms=10-K%2C20-F,no_cik_in_hits
PTC,United States,Information Technology,B,other,0,,,,,,https://www.sec.gov/edgar/search/#/q=PTC%20Russia%20impairment%20write&dateRange=custom&category=custom&startdt=2022-01-01&enddt=2024-12-31&forms=10-K%2C20-F,no_cik_in_hits
PVH,United States,Consumer Discretionary,B,suspended,0,,,,,,https://www.sec.gov/edgar/search/#/q=PVH%20Russia%20impairment%20write&dateRange=custom&category=custom&startdt=2022-01-01&enddt=2024-12-31&forms=10-K%2C20-F,no_cik_in_hits
PagerDuty,United States,Information Technology,B,suspended,0,,,,,,https://www.sec.gov/edgar/search/#/q=PagerDuty%20Russia%20impairment%20write&dateRange=custom&category=custom&startdt=2022-01-01&enddt=2024-12-31&forms=10-K%2C20-F,no_cik_in_hits
Papa John's,United States,Consumer Discretionary,B,suspended,0,,,,,,https://www.sec.gov/edgar/search/#/q=Papa%20John%27s%20Russia%20impairment%20write&dateRange=custom&category=custom&startdt=2022-01-01&enddt=2024-12-31&forms=10-K%2C20-F,no_cik_in_hits
Par Pacific,United States,Energy,B,suspended,0,,,,,,https://www.sec.gov/edgar/search/#/q=Par%20Pacific%20Russia%20impairment%20write&dateRange=custom&category=custom&startdt=2022-01-01&enddt=2024-12-31&forms=10-K%2C20-F,no_cik_in_hits
Paramount,United States,Communication Services,B,suspended,0,,,,,,https://www.sec.gov/edgar/search/#/q=Paramount%20Russia%20impairment%20write&dateRange=custom&category=custom&startdt=2022-01-01&enddt=2024-12-31&forms=10-K%2C20-F,no_cik_in_hits
Parker Hannifin,United States,Industrials,A,other,0,,,,,,https://www.sec.gov/edgar/search/#/q=Parker%20Hannifin%20Russia%20impairment%20write&dateRange=custom&category=custom&startdt=2022-01-01&enddt=2024-12-31&forms=10-K%2C20-F,no_cik_in_hits
Payoneer,United States,Information Technology,B,other,0,,,,,,https://www.sec.gov/edgar/search/#/q=Payoneer%20Russia%20impairment%20write&dateRange=custom&category=custom&startdt=2022-01-01&enddt=2024-12-31&forms=10-K%2C20-F,no_cik_in_hits
Paypal,United States,Information Technology,B,suspended,0,,,,,,https://www.sec.gov/edgar/search/#/q=Paypal%20Russia%20impairment%20write&dateRange=custom&category=custom&startdt=2022-01-01&enddt=2024-12-31&forms=10-K%2C20-F,no_cik_in_hits
Peak Design,United States,Consumer Staples,B,other,0,,,,,,https://www.sec.gov/edgar/search/#/q=Peak%20Design%20Russia%20impairment%20write&dateRange=custom&category=custom&startdt=2022-01-01&enddt=2024-12-31&forms=10-K%2C20-F,efts_error:500 Server Error: Internal Server Error for url: https://efts.sec.gov/LATEST/search-index?q=%22Peak+Design%22+Russia+impairment&forms=10-K%2C20-F&dateRange=custom&startdt=2022-01-01&enddt=2024-12-31
Pentair,United States,Industrials,A,other,0,,,,,,https://www.sec.gov/edgar/search/#/q=Pentair%20Russia%20impairment%20write&dateRange=custom&category=custom&startdt=2022-01-01&enddt=2024-12-31&forms=10-K%2C20-F,no_cik_in_hits
Polaris,United States,Consumer Discretionary,B,suspended,0,,,,,,https://www.sec.gov/edgar/search/#/q=Polaris%20Russia%20impairment%20write&dateRange=custom&category=custom&startdt=2022-01-01&enddt=2024-12-31&forms=10-K%2C20-F,no_cik_in_hits
Primo Water,United States,Consumer Staples,A,sold,0,,,,,,https://www.sec.gov/edgar/search/#/q=Primo%20Water%20Russia%20impairment%20write&dateRange=custom&category=custom&startdt=2022-01-01&enddt=2024-12-31&forms=10-K%2C20-F,no_cik_in_hits
Princess Cruises,United States,Consumer Discretionary,A,other,0,,,,,,https://www.sec.gov/edgar/search/#/q=Princess%20Cruises%20Russia%20impairment%20write&dateRange=custom&category=custom&startdt=2022-01-01&enddt=2024-12-31&forms=10-K%2C20-F,no_cik_in_hits
Pure Storage,United States,Information Technology,A,sold,0,,,,,,https://www.sec.gov/edgar/search/#/q=Pure%20Storage%20Russia%20impairment%20write&dateRange=custom&category=custom&startdt=2022-01-01&enddt=2024-12-31&forms=10-K%2C20-F,no_cik_in_hits
PwC,United States,Industrials,A,other,0,,,,,,https://www.sec.gov/edgar/search/#/q=PwC%20Russia%20impairment%20write&dateRange=custom&category=custom&startdt=2022-01-01&enddt=2024-12-31&forms=10-K%2C20-F,no_cik_in_hits
Qualcomm,United States,Information Technology,B,suspended,0,,,,,,https://www.sec.gov/edgar/search/#/q=Qualcomm%20Russia%20impairment%20write&dateRange=custom&category=custom&startdt=2022-01-01&enddt=2024-12-31&forms=10-K%2C20-F,no_cik_in_hits
R&amp;A,United States,Industrials,A,other,0,,,,,,https://www.sec.gov/edgar/search/#/q=R%26amp%3BA%20Russia%20impairment%20write&dateRange=custom&category=custom&startdt=2022-01-01&enddt=2024-12-31&forms=10-K%2C20-F,no_efts_results
RTB,United States,Industrials,B,suspended,0,,,,,,https://www.sec.gov/edgar/search/#/q=RTB%20Russia%20impairment%20write&dateRange=custom&category=custom&startdt=2022-01-01&enddt=2024-12-31&forms=10-K%2C20-F,efts_error:500 Server Error: Internal Server Error for url: https://efts.sec.gov/LATEST/search-index?q=%22RTB%22+Russia+impairment&forms=10-K%2C20-F&dateRange=custom&startdt=2022-01-01&enddt=2024-12-31
Raisio,United States,Consumer Staples,A,sold,0,,,,,,https://www.sec.gov/edgar/search/#/q=Raisio%20Russia%20impairment%20write&dateRange=custom&category=custom&startdt=2022-01-01&enddt=2024-12-31&forms=10-K%2C20-F,no_efts_results
Ralph Lauren,United States,Consumer Discretionary,B,suspended,0,,,,,,https://www.sec.gov/edgar/search/#/q=Ralph%20Lauren%20Russia%20impairment%20write&dateRange=custom&category=custom&startdt=2022-01-01&enddt=2024-12-31&forms=10-K%2C20-F,no_cik_in_hits
Raytheon,United States,Industrials,B,suspended,0,,,,,,https://www.sec.gov/edgar/search/#/q=Raytheon%20Russia%20impairment%20write&dateRange=custom&category=custom&startdt=2022-01-01&enddt=2024-12-31&forms=10-K%2C20-F,no_cik_in_hits
Red Hat,United States,Information Technology,A,other,0,,,,,,https://www.sec.gov/edgar/search/#/q=Red%20Hat%20Russia%20impairment%20write&dateRange=custom&category=custom&startdt=2022-01-01&enddt=2024-12-31&forms=10-K%2C20-F,no_cik_in_hits
Regent Seven Seas Cruises,United States,Consumer Discretionary,A,other,0,,,,,,https://www.sec.gov/edgar/search/#/q=Regent%20Seven%20Seas%20Cruises%20Russia%20impairment%20write&dateRange=custom&category=custom&startdt=2022-01-01&enddt=2024-12-31&forms=10-K%2C20-F,no_cik_in_hits
Remitly Global,United States,Information Technology,B,suspended,0,,,,,,https://www.sec.gov/edgar/search/#/q=Remitly%20Global%20Russia%20impairment%20write&dateRange=custom&category=custom&startdt=2022-01-01&enddt=2024-12-31&forms=10-K%2C20-F,no_cik_in_hits
Rocket Lawyer,United States,Information Technology,A,suspended,0,,,,,,https://www.sec.gov/edgar/search/#/q=Rocket%20Lawyer%20Russia%20impairment%20write&dateRange=custom&category=custom&startdt=2022-01-01&enddt=2024-12-31&forms=10-K%2C20-F,no_cik_in_hits
Rockwell Automation,United States,Industrials,B,suspended,0,,,,,,https://www.sec.gov/edgar/search/#/q=Rockwell%20Automation%20Russia%20impairment%20write&dateRange=custom&category=custom&startdt=2022-01-01&enddt=2024-12-31&forms=10-K%2C20-F,no_cik_in_hits
Roku,United States,Communication Services,A,other,0,,,,,,https://www.sec.gov/edgar/search/#/q=Roku%20Russia%20impairment%20write&dateRange=custom&category=custom&startdt=2022-01-01&enddt=2024-12-31&forms=10-K%2C20-F,no_cik_in_hits
Royal Caribbean Cruises,United States,Consumer Discretionary,B,other,0,,,,,,https://www.sec.gov/edgar/search/#/q=Royal%20Caribbean%20Cruises%20Russia%20impairment%20write&dateRange=custom&category=custom&startdt=2022-01-01&enddt=2024-12-31&forms=10-K%2C20-F,no_cik_in_hits
S&amp;P 500 [S&amp;P Dow Jones Indices],United States,Financials,A,other,0,,,,,,https://www.sec.gov/edgar/search/#/q=S%26amp%3BP%20500%20%5BS%26amp%3BP%20Dow%20Jones%20Indices%5D%20Russia%20impairment%20write&dateRange=custom&category=custom&startdt=2022-01-01&enddt=2024-12-31&forms=10-K%2C20-F,no_efts_results
Salesforce,United States,Industrials,A,other,0,,,,,,https://www.sec.gov/edgar/search/#/q=Salesforce%20Russia%20impairment%20write&dateRange=custom&category=custom&startdt=2022-01-01&enddt=2024-12-31&forms=10-K%2C20-F,no_cik_in_hits
Sherwin Williams,United States,Industrials,B,suspended,0,,,,,,https://www.sec.gov/edgar/search/#/q=Sherwin%20Williams%20Russia%20impairment%20write&dateRange=custom&category=custom&startdt=2022-01-01&enddt=2024-12-31&forms=10-K%2C20-F,no_cik_in_hits
Sidley Austin,United States,Industrials,A,other,0,,,,,,https://www.sec.gov/edgar/search/#/q=Sidley%20Austin%20Russia%20impairment%20write&dateRange=custom&category=custom&startdt=2022-01-01&enddt=2024-12-31&forms=10-K%2C20-F,no_cik_in_hits
Slack,United States,Information Technology,A,other,0,,,,,,https://www.sec.gov/edgar/search/#/q=Slack%20Russia%20impairment%20write&dateRange=custom&category=custom&startdt=2022-01-01&enddt=2024-12-31&forms=10-K%2C20-F,no_cik_in_hits
SonoSim,United States,Health Care,B,suspended,0,,,,,,https://www.sec.gov/edgar/search/#/q=SonoSim%20Russia%20impairment%20write&dateRange=custom&category=custom&startdt=2022-01-01&enddt=2024-12-31&forms=10-K%2C20-F,no_efts_results
Sonos,United States,Consumer Discretionary,A,suspended,0,,,,,,https://www.sec.gov/edgar/search/#/q=Sonos%20Russia%20impairment%20write&dateRange=custom&category=custom&startdt=2022-01-01&enddt=2024-12-31&forms=10-K%2C20-F,no_cik_in_hits
Squire Patton Boggs,United States,Industrials,A,other,0,,,,,,https://www.sec.gov/edgar/search/#/q=Squire%20Patton%20Boggs%20Russia%20impairment%20write&dateRange=custom&category=custom&startdt=2022-01-01&enddt=2024-12-31&forms=10-K%2C20-F,no_cik_in_hits
Stanley Black &amp; Decker,United States,Industrials,A,other,0,,,,,,https://www.sec.gov/edgar/search/#/q=Stanley%20Black%20%26amp%3B%20Decker%20Russia%20impairment%20write&dateRange=custom&category=custom&startdt=2022-01-01&enddt=2024-12-31&forms=10-K%2C20-F,no_efts_results
Starbucks,United States,Consumer Discretionary,A,other,0,,,,,,https://www.sec.gov/edgar/search/#/q=Starbucks%20Russia%20impairment%20write&dateRange=custom&category=custom&startdt=2022-01-01&enddt=2024-12-31&forms=10-K%2C20-F,no_cik_in_hits
State Street,United States,Financials,A,other,0,,,,,,https://www.sec.gov/edgar/search/#/q=State%20Street%20Russia%20impairment%20write&dateRange=custom&category=custom&startdt=2022-01-01&enddt=2024-12-31&forms=10-K%2C20-F,no_cik_in_hits
Strava,United States,Information Technology,A,other,0,,,,,,https://www.sec.gov/edgar/search/#/q=Strava%20Russia%20impairment%20write&dateRange=custom&category=custom&startdt=2022-01-01&enddt=2024-12-31&forms=10-K%2C20-F,no_cik_in_hits
Swagelok,United States,Industrials,B,suspended,0,,,,,,https://www.sec.gov/edgar/search/#/q=Swagelok%20Russia%20impairment%20write&dateRange=custom&category=custom&startdt=2022-01-01&enddt=2024-12-31&forms=10-K%2C20-F,no_cik_in_hits
Sylvamo,United States,Materials,A,sold,0,,,,,,https://www.sec.gov/edgar/search/#/q=Sylvamo%20Russia%20impairment%20write&dateRange=custom&category=custom&startdt=2022-01-01&enddt=2024-12-31&forms=10-K%2C20-F,no_cik_in_hits
Synopsys,United States,Information Technology,B,suspended,0,,,,,,https://www.sec.gov/edgar/search/#/q=Synopsys%20Russia%20impairment%20write&dateRange=custom&category=custom&startdt=2022-01-01&enddt=2024-12-31&forms=10-K%2C20-F,no_cik_in_hits
TJ Maxx,United States,Consumer Discretionary,A,sold,0,,,,,,https://www.sec.gov/edgar/search/#/q=TJ%20Maxx%20Russia%20impairment%20write&dateRange=custom&category=custom&startdt=2022-01-01&enddt=2024-12-31&forms=10-K%2C20-F,no_cik_in_hits
Take-Two Interactive,United States,Communication Services,B,suspended,0,,,,,,https://www.sec.gov/edgar/search/#/q=Take-Two%20Interactive%20Russia%20impairment%20write&dateRange=custom&category=custom&startdt=2022-01-01&enddt=2024-12-31&forms=10-K%2C20-F,no_cik_in_hits
Teradata,United States,Information Technology,A,suspended,0,,,,,,https://www.sec.gov/edgar/search/#/q=Teradata%20Russia%20impairment%20write&dateRange=custom&category=custom&startdt=2022-01-01&enddt=2024-12-31&forms=10-K%2C20-F,no_cik_in_hits
Terex Corporation,United States,Industrials,A,sold,0,,,,,,https://www.sec.gov/edgar/search/#/q=Terex%20Corporation%20Russia%20impairment%20write&dateRange=custom&category=custom&startdt=2022-01-01&enddt=2024-12-31&forms=10-K%2C20-F,no_cik_in_hits
Thermo Fisher,United States,Health Care,B,suspended,0,,,,,,https://www.sec.gov/edgar/search/#/q=Thermo%20Fisher%20Russia%20impairment%20write&dateRange=custom&category=custom&startdt=2022-01-01&enddt=2024-12-31&forms=10-K%2C20-F,no_cik_in_hits
TikTok,United States,Communication Services,B,suspended,0,,,,,,https://www.sec.gov/edgar/search/#/q=TikTok%20Russia%20impairment%20write&dateRange=custom&category=custom&startdt=2022-01-01&enddt=2024-12-31&forms=10-K%2C20-F,no_cik_in_hits
Timken,United States,Industrials,B,suspended,0,,,,,,https://www.sec.gov/edgar/search/#/q=Timken%20Russia%20impairment%20write&dateRange=custom&category=custom&startdt=2022-01-01&enddt=2024-12-31&forms=10-K%2C20-F,no_cik_in_hits
Tom Ford,United States,Consumer Discretionary,A,suspended,0,,,,,,https://www.sec.gov/edgar/search/#/q=Tom%20Ford%20Russia%20impairment%20write&dateRange=custom&category=custom&startdt=2022-01-01&enddt=2024-12-31&forms=10-K%2C20-F,no_cik_in_hits
Trimble,United States,Information Technology,A,other,0,,,,,,https://www.sec.gov/edgar/search/#/q=Trimble%20Russia%20impairment%20write&dateRange=custom&category=custom&startdt=2022-01-01&enddt=2024-12-31&forms=10-K%2C20-F,no_cik_in_hits
TripAdvisor,United States,Communication Services,A,other,0,,,,,,https://www.sec.gov/edgar/search/#/q=TripAdvisor%20Russia%20impairment%20write&dateRange=custom&category=custom&startdt=2022-01-01&enddt=2024-12-31&forms=10-K%2C20-F,efts_error:500 Server Error: Internal Server Error for url: https://efts.sec.gov/LATEST/search-index?q=%22TripAdvisor%22+Russia+impairment&forms=10-K%2C20-F&dateRange=custom&startdt=2022-01-01&enddt=2024-12-31
Twin Disc,United States,Industrials,B,suspended,0,,,,,,https://www.sec.gov/edgar/search/#/q=Twin%20Disc%20Russia%20impairment%20write&dateRange=custom&category=custom&startdt=2022-01-01&enddt=2024-12-31&forms=10-K%2C20-F,no_cik_in_hits
Twitter,United States,Communication Services,B,suspended,0,,,,,,https://www.sec.gov/edgar/search/#/q=Twitter%20Russia%20impairment%20write&dateRange=custom&category=custom&startdt=2022-01-01&enddt=2024-12-31&forms=10-K%2C20-F,no_cik_in_hits
UL,United States,Industrials,B,suspended,0,,,,,,https://www.sec.gov/edgar/search/#/q=UL%20Russia%20impairment%20write&dateRange=custom&category=custom&startdt=2022-01-01&enddt=2024-12-31&forms=10-K%2C20-F,no_cik_in_hits
UPS,United States,Industrials,B,suspended,0,,,,,,https://www.sec.gov/edgar/search/#/q=UPS%20Russia%20impairment%20write&dateRange=custom&category=custom&startdt=2022-01-01&enddt=2024-12-31&forms=10-K%2C20-F,no_cik_in_hits
Uber,United States,Information Technology,A,sold,0,,,,,,https://www.sec.gov/edgar/search/#/q=Uber%20Russia%20impairment%20write&dateRange=custom&category=custom&startdt=2022-01-01&enddt=2024-12-31&forms=10-K%2C20-F,no_cik_in_hits
UiPath,United States,Information Technology,B,suspended,0,,,,,,https://www.sec.gov/edgar/search/#/q=UiPath%20Russia%20impairment%20write&dateRange=custom&category=custom&startdt=2022-01-01&enddt=2024-12-31&forms=10-K%2C20-F,no_cik_in_hits
Under Armour,United States,Consumer Discretionary,B,suspended,0,,,,,,https://www.sec.gov/edgar/search/#/q=Under%20Armour%20Russia%20impairment%20write&dateRange=custom&category=custom&startdt=2022-01-01&enddt=2024-12-31&forms=10-K%2C20-F,no_cik_in_hits
United Airlines,United States,Industrials,A,other,0,,,,,,https://www.sec.gov/edgar/search/#/q=United%20Airlines%20Russia%20impairment%20write&dateRange=custom&category=custom&startdt=2022-01-01&enddt=2024-12-31&forms=10-K%2C20-F,no_cik_in_hits
Universal,United States,Communication Services,A,sold,0,,,,,,https://www.sec.gov/edgar/search/#/q=Universal%20Russia%20impairment%20write&dateRange=custom&category=custom&startdt=2022-01-01&enddt=2024-12-31&forms=10-K%2C20-F,no_cik_in_hits
Upwork,United States,Industrials,B,suspended,0,,,,,,https://www.sec.gov/edgar/search/#/q=Upwork%20Russia%20impairment%20write&dateRange=custom&category=custom&startdt=2022-01-01&enddt=2024-12-31&forms=10-K%2C20-F,no_cik_in_hits
VF Corporation,United States,Consumer Discretionary,B,suspended,0,,,,,,https://www.sec.gov/edgar/search/#/q=VF%20Corporation%20Russia%20impairment%20write&dateRange=custom&category=custom&startdt=2022-01-01&enddt=2024-12-31&forms=10-K%2C20-F,no_cik_in_hits
VMWare,United States,Information Technology,B,suspended,0,,,,,,https://www.sec.gov/edgar/search/#/q=VMWare%20Russia%20impairment%20write&dateRange=custom&category=custom&startdt=2022-01-01&enddt=2024-12-31&forms=10-K%2C20-F,no_cik_in_hits
Valero Energy,United States,Energy,B,suspended,0,,,,,,https://www.sec.gov/edgar/search/#/q=Valero%20Energy%20Russia%20impairment%20write&dateRange=custom&category=custom&startdt=2022-01-01&enddt=2024-12-31&forms=10-K%2C20-F,no_cik_in_hits
VanEck,United States,Financials,A,other,0,,,,,,https://www.sec.gov/edgar/search/#/q=VanEck%20Russia%20impairment%20write&dateRange=custom&category=custom&startdt=2022-01-01&enddt=2024-12-31&forms=10-K%2C20-F,no_cik_in_hits
Vanguard,United States,Financials,A,suspended,0,,,,,,https://www.sec.gov/edgar/search/#/q=Vanguard%20Russia%20impairment%20write&dateRange=custom&category=custom&startdt=2022-01-01&enddt=2024-12-31&forms=10-K%2C20-F,no_cik_in_hits
Veeam,United States,Information Technology,B,suspended,0,,,,,,https://www.sec.gov/edgar/search/#/q=Veeam%20Russia%20impairment%20write&dateRange=custom&category=custom&startdt=2022-01-01&enddt=2024-12-31&forms=10-K%2C20-F,no_cik_in_hits
Victoria’s Secret,United States,Consumer Discretionary,B,suspended,0,,,,,,https://www.sec.gov/edgar/search/#/q=Victoria%E2%80%99s%20Secret%20Russia%20impairment%20write&dateRange=custom&category=custom&startdt=2022-01-01&enddt=2024-12-31&forms=10-K%2C20-F,no_efts_results
Visa,United States,Information Technology,B,suspended,0,,,,,,https://www.sec.gov/edgar/search/#/q=Visa%20Russia%20impairment%20write&dateRange=custom&category=custom&startdt=2022-01-01&enddt=2024-12-31&forms=10-K%2C20-F,efts_error:500 Server Error: Internal Server Error for url: https://efts.sec.gov/LATEST/search-index?q=%22Visa%22+Russia+impairment&forms=10-K%2C20-F&dateRange=custom&startdt=2022-01-01&enddt=2024-12-31
Visteon,United States,Consumer Discretionary,A,suspended,0,,,,,,https://www.sec.gov/edgar/search/#/q=Visteon%20Russia%20impairment%20write&dateRange=custom&category=custom&startdt=2022-01-01&enddt=2024-12-31&forms=10-K%2C20-F,no_cik_in_hits
WWE,United States,Communication Services,B,suspended,0,,,,,,https://www.sec.gov/edgar/search/#/q=WWE%20Russia%20impairment%20write&dateRange=custom&category=custom&startdt=2022-01-01&enddt=2024-12-31&forms=10-K%2C20-F,no_cik_in_hits
WarnerMedia,United States,Communication Services,B,suspended,0,,,,,,https://www.sec.gov/edgar/search/#/q=WarnerMedia%20Russia%20impairment%20write&dateRange=custom&category=custom&startdt=2022-01-01&enddt=2024-12-31&forms=10-K%2C20-F,no_cik_in_hits
Waters Corporation,United States,Health Care,B,suspended,0,,,,,,https://www.sec.gov/edgar/search/#/q=Waters%20Corporation%20Russia%20impairment%20write&dateRange=custom&category=custom&startdt=2022-01-01&enddt=2024-12-31&forms=10-K%2C20-F,no_cik_in_hits
WePlay,United States,Consumer Discretionary,A,other,0,,,,,,https://www.sec.gov/edgar/search/#/q=WePlay%20Russia%20impairment%20write&dateRange=custom&category=custom&startdt=2022-01-01&enddt=2024-12-31&forms=10-K%2C20-F,no_efts_results
WeTransfer,United States,Information Technology,B,suspended,0,,,,,,https://www.sec.gov/edgar/search/#/q=WeTransfer%20Russia%20impairment%20write&dateRange=custom&category=custom&startdt=2022-01-01&enddt=2024-12-31&forms=10-K%2C20-F,no_cik_in_hits
Western Union,United States,Information Technology,B,suspended,0,,,,,,https://www.sec.gov/edgar/search/#/q=Western%20Union%20Russia%20impairment%20write&dateRange=custom&category=custom&startdt=2022-01-01&enddt=2024-12-31&forms=10-K%2C20-F,no_cik_in_hits
Wex Inc.,United States,Information Technology,A,other,0,,,,,,https://www.sec.gov/edgar/search/#/q=Wex%20Inc.%20Russia%20impairment%20write&dateRange=custom&category=custom&startdt=2022-01-01&enddt=2024-12-31&forms=10-K%2C20-F,no_cik_in_hits
White &amp; Case,United States,Industrials,A,sold,0,,,,,,https://www.sec.gov/edgar/search/#/q=White%20%26amp%3B%20Case%20Russia%20impairment%20write&dateRange=custom&category=custom&startdt=2022-01-01&enddt=2024-12-31&forms=10-K%2C20-F,no_efts_results
Windstar Cruises,United States,Consumer Discretionary,A,other,0,,,,,,https://www.sec.gov/edgar/search/#/q=Windstar%20Cruises%20Russia%20impairment%20write&dateRange=custom&category=custom&startdt=2022-01-01&enddt=2024-12-31&forms=10-K%2C20-F,no_efts_results
Winston &amp; Strawn,United States,Industrials,A,other,0,,,,,,https://www.sec.gov/edgar/search/#/q=Winston%20%26amp%3B%20Strawn%20Russia%20impairment%20write&dateRange=custom&category=custom&startdt=2022-01-01&enddt=2024-12-31&forms=10-K%2C20-F,no_efts_results
Women's Tennis Association,United States,NGO,A,suspended,0,,,,,,https://www.sec.gov/edgar/search/#/q=Women%27s%20Tennis%20Association%20Russia%20impairment%20write&dateRange=custom&category=custom&startdt=2022-01-01&enddt=2024-12-31&forms=10-K%2C20-F,no_cik_in_hits
World Athletics Council,United States,NGO,A,other,0,,,,,,https://www.sec.gov/edgar/search/#/q=World%20Athletics%20Council%20Russia%20impairment%20write&dateRange=custom&category=custom&startdt=2022-01-01&enddt=2024-12-31&forms=10-K%2C20-F,no_efts_results
World Boxing Organization,United States,NGO,A,other,0,,,,,,https://www.sec.gov/edgar/search/#/q=World%20Boxing%20Organization%20Russia%20impairment%20write&dateRange=custom&category=custom&startdt=2022-01-01&enddt=2024-12-31&forms=10-K%2C20-F,no_efts_results
World Rowing Federation,United States,NGO,A,other,0,,,,,,https://www.sec.gov/edgar/search/#/q=World%20Rowing%20Federation%20Russia%20impairment%20write&dateRange=custom&category=custom&startdt=2022-01-01&enddt=2024-12-31&forms=10-K%2C20-F,no_efts_results
Wrangler (Kontoor),United States,Consumer Discretionary,B,suspended,0,,,,,,https://www.sec.gov/edgar/search/#/q=Wrangler%20%28Kontoor%29%20Russia%20impairment%20write&dateRange=custom&category=custom&startdt=2022-01-01&enddt=2024-12-31&forms=10-K%2C20-F,no_efts_results
Xerox,United States,Information Technology,B,suspended,0,,,,,,https://www.sec.gov/edgar/search/#/q=Xerox%20Russia%20impairment%20write&dateRange=custom&category=custom&startdt=2022-01-01&enddt=2024-12-31&forms=10-K%2C20-F,no_cik_in_hits
Zendesk,United States,Information Technology,B,suspended,0,,,,,,https://www.sec.gov/edgar/search/#/q=Zendesk%20Russia%20impairment%20write&dateRange=custom&category=custom&startdt=2022-01-01&enddt=2024-12-31&forms=10-K%2C20-F,no_cik_in_hits
Zynga,United States,Communication Services,B,suspended,0,,,,,,https://www.sec.gov/edgar/search/#/q=Zynga%20Russia%20impairment%20write&dateRange=custom&category=custom&startdt=2022-01-01&enddt=2024-12-31&forms=10-K%2C20-F,no_cik_in_hits
eBay,United States,Consumer Discretionary,B,suspended,0,,,,,,https://www.sec.gov/edgar/search/#/q=eBay%20Russia%20impairment%20write&dateRange=custom&category=custom&startdt=2022-01-01&enddt=2024-12-31&forms=10-K%2C20-F,no_cik_in_hits
edX (2U),United States,Information Technology,A,sold,0,,,,,,https://www.sec.gov/edgar/search/#/q=edX%20%282U%29%20Russia%20impairment%20write&dateRange=custom&category=custom&startdt=2022-01-01&enddt=2024-12-31&forms=10-K%2C20-F,no_efts_results
iHerb,United States,Consumer Discretionary,B,suspended,0,,,,,,https://www.sec.gov/edgar/search/#/q=iHerb%20Russia%20impairment%20write&dateRange=custom&category=custom&startdt=2022-01-01&enddt=2024-12-31&forms=10-K%2C20-F,no_cik_in_hits
