yale_name,seller_name_bloomberg,match_score,target_name,acquirer_name,announce_date,deal_value_mn_usd,deal_type,deal_status,payment_type,tv_ebitda
Mondi,Mondi PLC,100,Mondi Syktyvkar OAO,Augment Investments Ltd,2022/08/12,1545.65,M&A,Terminated,Cash,
YKK Group,Raven Property Group Ltd,87.5,2M sq mtr warehouse/Moscow,Potential Buyer,2025/10/29,1133.33,M&A,Proposed,Cash,
Mondi,Mondi PLC,100,Syktyvkarsky Forestry Enterprise JSC,Sezar Group OOO,2023/09/21,834.4,M&A,Completed,Cash,
Henkel,Henkel AG & Co KGaA,100.0,Russian business activities/Henkel AG & Co KGaA,Private Investor,2023/05/04,690.66,M&A,Completed,Cash,
Enel,Enel SpA,100,EL5-ENERO PJSC,"LUKOIL PJSC,Gazprombank JSC",2022/06/16,609.28,M&A,Completed,Cash,6.63
Ball Corporation,Ball Corp,100,Beverage packaging unit/Russia,DKK Zao,2022/09/22,530.0,M&A,Completed,Cash,
Nokia,Nokian Renkaat Oyj,100.0,Russian plant/Nokian Renkaat Oyj,Tatneft PJSC,2022/08/29,400.6,M&A,Completed,Cash,
Sylvamo,Sylvamo Corp,100,Russian operations/Sylvamo,Pulp Invest LLC,2022/10/06,390.0,M&A,Completed,Cash,
Kinross Gold,Kinross Gold Corp,100,"Kupol mine/Russia,Udinsk project/Russia",Highland Gold Mining Ltd,2022/04/05,340.0,M&A,Completed,Cash,
Carlsberg,Carlsberg AS,100.0,Russian business/Carlsberg AS,Private Investor,2024/12/03,320.62,M&A,Withdrawn,Cash,
Arconic,Arconic Corp,100,Operations facility/Russia,VSMPO-AVISMA Corp PJSC,2022/05/19,230.0,M&A,Completed,Cash,
MAN,LVL1 Management Ltd,100.0,Selectel Co Ltd,Catalytic People IPJSC,2025/12/29,204.0,INV,Completed,Cash,16.38
Danone,Danone SA,100,Russian operations/Danone,Potential Buyer,2024/02/21,191.69,M&A,Withdrawn,Cash,
Eastnine,Eastnine AB,100,Melon Fashion Group OAO,GEM Invest LLC,2023/08/07,163.49,INV,Completed,Cash,
Huhtamaki,Huhtamaki Oyj,100,4 manufacturing units,Espetina Ltd,2022/04/14,163.32,M&A,Completed,Cash,
Ford,Fortiana Holdings Ltd,85.71428571428572,Chulbatkan gold deposit/Khabarovsk,Polyus PJSC,2022/06/17,140.0,M&A,Pending,Cash,
Volkswagen,Volkswagen AG,100,Volkswagen plant/Kaluga,Avilon AG ZAO,2023/03/01,131.8,M&A,Completed,Cash,
Essity,Essity AB,100,Russian Operations/Essity AB,NEW Technologies LLC,2023/06/10,110.88,M&A,Completed,Cash,
AmRest,AmRest Holdings SE,100.0,KFC Russia Restaurant Business'/AMREST HOLDINGS,Almira OOO,2022/12/06,104.82,M&A,Completed,Cash,
Hyve,Hyve Group PLC,100.0,Russian Business / Hyve Group plc,Rise Expo ltd,2022/04/06,94.15,M&A,Withdrawn,Cash,
Alstom,Alstom SA,100,Transmashholding ZAO,Unnamed Buyer,2023/11/17,81.68,INV,Completed,Cash,
Inchcape,Inchcape PLC,100,Russian business operations/Inchcape,Management Group,2022/04/28,79.9,M&A,Pending,Cash,
CNH Industrial,CNH Industrial NV,100,Business activities/Russia,Unnamed Buyer,2022/03/31,60.0,M&A,Completed,Cash,
Mondi,Mondi PLC,100,3 Russian packaging converting operations/MONDI PLC,GOTEC Gorschlueter GmbH,2022/12/15,24.77,M&A,Completed,Cash,
Magna,Magna International Inc,100.0,Russian assets/Magna International Inc,Unnamed Buyer,2023/08/11,15.0,M&A,Completed,Cash,
ESET,BEVEST ASA,85.71428571428572,Office building/KMC Properties ASA,Unnamed Buyer,2022/11/29,9.93,M&A,Completed,Cash,
Wienerberger,Wienerberger AG,100,Russian operations/Wienerberger AG,Private Investor,2024/02/21,9.73,M&A,Completed,Cash,
Aspo,Aspo Oyj,100,Telko OOO,TD Khimik AO,2022/10/17,9.35,M&A,Completed,Undisclosed,
Starbucks,Starbucks Corp,100,Coffee store/Russia,Private Investor,2023/06/15,5.99,M&A,Completed,Cash,
SRV,SRV Group Oyj,100.0,SRV Development LLC,Geomare Investments Ltd,2023/08/02,4.4,INV,Completed,Cash,
Petro,PetroNeft Resources PLC,100.0,Lineynoe OOO,Private Investor,2023/06/14,2.5,M&A,Withdrawn,Cash,
Raisio,Raisio Oyj,100,Nordik Niyutrishyen OOO,Kopeker Agro OOO,2022/04/29,1.58,M&A,Completed,Cash,
Heineken,Heineken NV,100,Certain assets/Heineken NV,DKK Zao,2023/08/25,,M&A,Completed,Cash,
Renault,Renault SA,100,Avtovaz PJSC,Unnamed Buyer,2022/04/27,,M&A,Completed,Cash,
Home Credit,UniCredit SpA,80.0,AO Bank Onego,Potential Buyer,2026/05/07,,INV,Proposed,Cash,
Enel,Gentlia Ltd,75.0,Pavlik AO,Aurum Trade JSC,2026/04/27,,M&A,Completed,Stock,
APG,Aggreko PLC,80.0,Eurasian business,Potential Buyer,2022/03/02,,M&A,Withdrawn,Cash,
Intel,Intesa Sanpaolo SpA,88.88888888888889,Russian Operations/Intesa Sanpaolo SpA,Potential Buyer,2022/03/03,,M&A,Withdrawn,Cash,
NCR,TJX Cos Inc/The,80.0,Maxima Group LLC/Russia,Unnamed Buyer,2022/03/03,,INV,Completed,Undisclosed,
ARM,Carmignac Gestion SA,100.0,Russian assets/Carmignac Gestion SA,Potential Buyer,2022/03/07,,M&A,Withdrawn,Cash,
Maersk,AP Moller - Maersk A/S,100.0,Globaltrans Investment PLC,Potential Buyer,2022/03/11,,INV,Withdrawn,Undisclosed,
Kinross Gold,Kinross Gold Corp,100,Russia Assets/Kinross Gold Corp,Fortiana Holdings Ltd,2022/03/30,,M&A,Withdrawn,Undisclosed,
Teknos,Teknos Group Oy,100.0,Talatu OOO,Unnamed Buyer,2022/03/31,,M&A,Completed,Undisclosed,
Fortum,Fortum Oyj,100,Russia Assets/Fortum Oyj,Potential Buyer,2022/05/12,,M&A,Withdrawn,Cash,
EPAM,EPAM Systems Inc,100.0,Russian Assets/EPAM System Inc,Unnamed Buyer,2022/05/12,,M&A,Pending,Cash,
MV Group,Authentic Brands Group Inc,85.71428571428572,100 stores/Russia,FLO Magazacilik Ve Pazarlama AS,2022/05/16,,M&A,Withdrawn,Cash,
Renault,Renault SA,100,Russian assets of Renault,Russian Federation,2022/05/16,,M&A,Completed,Cash,
Sharp Group,PPF Group NV,87.5,"Home Credit & Finance Bank OOO,Banking Assets/Russia",Investor Group,2022/05/17,,M&A,Completed,Undisclosed,
OBI,Exxon Mobil Corp,100.0,Sakhalin-I oil & gas project,Potential Buyer,2022/05/19,,M&A,Withdrawn,Cash,
MAN,Prof-Media Management LLC,100.0,Ivi.Ru OOO,Mobile TeleSystems PJSC,2022/05/20,,M&A,Pending,Cash,
Levi Strauss,Levi Strauss & Co,100.0,Russian Retail shops/ Levi Strauss,Potential Buyer,2022/05/23,,M&A,Withdrawn,Undisclosed,
Zurich Insurance Group,Zurich Insurance Group AG,100,Zurich Russia,Private Investor,2022/05/24,,M&A,Pending,Undisclosed,
Dell,DELFINGEN,85.71428571428572,Delfingen Russian Plant,Unnamed Buyer,2022/05/30,,M&A,Completed,Undisclosed,
Oerlikon,OC Oerlikon Corp AG,100.0,Russia assets/OC Oerlikon,Management Group,2022/06/02,,M&A,Pending,Undisclosed,
Meta,SOK Retail Int Oy,75.0,PRISMA supermarkets & kitchen facility/St Petersburg,X5 Retail Group NV,2022/06/16,,M&A,Pending,Cash,
S Group (Suomen Osuuskauppojen Keskuskunta),Suomen Osuuskauppojen Keskuskunta,100.0,Hotel business/St Petersburg,Private Investor,2022/06/22,,M&A,Pending,Cash,
KONE,Kone Oyj,100,Bussiness in Russia / Kone,S8 Capital AO,2022/06/28,,M&A,Completed,Cash,
Michelin,Cie Generale des Etablissements Michelin SCA,100.0,Russian operation,Management Group,2022/06/28,,M&A,Withdrawn,Cash,
KLP,Attestor Capital LLP,80.0,GTLK European Unit,Potential Buyer,2022/06/28,,M&A,Withdrawn,Undisclosed,
PKO BP,BP PLC,100.0,Rosneft Oil Co PJSC,Unnamed Buyer,2022/02/27,,INV,Pending,Undisclosed,
Ball Corporation,Government Pension Fund Global,85.71428571428572,Russian assets/Government Pension Fund Global,Potential Buyer,2022/02/28,,M&A,Withdrawn,Cash,
Citi,Citigroup Inc,100.0,"Expobank LLC,RESO-Garantia Insurance PJSC",Potential Buyer,2022/07/01,,M&A,Withdrawn,Undisclosed,
Schneider Electric,Schneider Electric SE,100,Russian operations/Schneider Electric SE,Management Group,2022/07/03,,M&A,Pending,Cash,
Energizer,TotalEnergies SE,82.35294117647058,Kharyaga oil field,Unnamed Buyer,2022/07/06,,M&A,Completed,Cash,
LVMH,LVMH Moet Hennessy Louis Vuitton SE,100.0,Sephora Russia,Unnamed Buyer,2022/07/11,,M&A,Pending,Undisclosed,
Danfoss,Danfoss A/S,100,Russian business/Danfoss,Management Group,2022/07/15,,M&A,Pending,Undisclosed,
Energizer,TotalEnergies SE,82.35294117647058,Terneftegas ZAO,Novatek PJSC,2022/07/18,,M&A,Completed,Undisclosed,
TTC Holding,HSBC Holdings PLC,85.71428571428572,Russian unit/HSBC Holdings Plc,Expobank LLC,2022/07/21,,M&A,Pending,Cash,
Otis Worldwide,Otis Worldwide Corp,100,Russia business/Otis Worldwide Corp,S8 Capital AO,2022/07/27,,M&A,Pending,Cash,
Volkswagen,Volkswagen AG,100,Car assembly site/Russia,Asia Auto,2022/07/28,,M&A,Withdrawn,Cash,
Koch Industries,Koch Industries Inc,100,Portfolio of 2 glass plants unit/Russia,Private Investor,2022/07/29,,M&A,Completed,Cash,
Baker Hughes,Baker Hughes Co,100,Oilfield Services Unit/Russia,Management Group,2022/08/01,,M&A,Pending,Undisclosed,
TTC Holding,Kahrs Holding AB,84.21052631578947,Business operation/Russia,Potential Buyer,2022/08/09,,M&A,Withdrawn,Cash,
Mercedes-Benz,Mercedes-Benz Group AG,100.0,Car assembly plany/Moscow,Potential Buyer,2022/08/26,,M&A,Withdrawn,Cash,
Maersk,AP Moller - Maersk A/S,100.0,Global Ports Investments PLC,Delo Group,2022/08/29,,M&A,Completed,Undisclosed,
Halliburton,Halliburton Co,100,NPP Burservis AO,Management Group,2022/09/08,,M&A,Completed,Undisclosed,
International Boxing Federation,Traton SE,83.33333333333334,Russian Auto Dealership Business/MAN Truck & Bus SE,Unnamed Buyer,2022/09/13,,M&A,Pending,Cash,
Bunge,Bunge Global SA,100.0,Russia Oilseed Processing Plant and Business/Bunge Ltd,Private Investor,2022/09/19,,M&A,Completed,Cash,
EY,Morgan Stanley (Fund: Morgan Stanley Real Estate Fund VII Global LP),100.0,Metropolis shopping center,Capital Partners LLC,2022/09/20,,M&A,Withdrawn,Undisclosed,
Emerson Electric,Emerson Electric Co,100,"Emerson LLC,PG Metran AO",Management Group,2022/09/27,,M&A,Completed,Undisclosed,
Harvia,Harvia Oyj,100,Premiyum-SPA-Tekhnologii OOO,Private Investor,2022/11/07,,M&A,Pending,Undisclosed,
Meta,Orsu Metals Corp,100.0,Sergeevskoe gold project/Russia,Unnamed Buyer,2022/11/14,,M&A,Completed,Cash,
Holcim,Holcim AG,100,Business/Russia,Unnamed Buyer,2022/12/14,,M&A,Pending,Cash,
Ericsson,Telefonaktiebolaget LM Ericsson,100.0,Local customer support business/Russia,Unnamed Buyer,2022/12/15,,M&A,Pending,Cash,
TTC Holding,Vitol Holding BV,84.21052631578947,Vostok Oil OOO,Fossil Group Inc,2022/12/30,,M&A,Completed,Undisclosed,
Ford,GB Foods Europa SL/The,75.0,Russia business/GB Foods Europa,Samyoung System Co Ltd,2022/10/05,,M&A,Completed,Cash,
Volvo Cars,Volvo AB,100.0,Welding & painting operations/Russia,Private Investor,2022/10/19,,M&A,Completed,Cash,
DWS,Yum! Brands Inc,80.0,Portfolio of KFC Restaurants,Management Group,2022/10/24,,M&A,Completed,Cash,
Atria,Industria de Diseno Textil SA,80.0,Portfolio of Zara Stores/ Russia,Azadea Sal,2022/10/25,,M&A,Pending,Undisclosed,
Kiilto,Kiilto Family Oy,100.0,"Kesto AO,Kesto Family OOO,OOO Kiilto-Klei Ramenskoye",Bergauf Stroitelnye Technologies OOO,2022/10/26,,M&A,Completed,Undisclosed,
Metsa,Highworld Investments Ltd/Cyprus,80.0,HeadHunter Group PLC,Kismet Capital Group,2023/01/11,,INV,Completed,Undisclosed,
Carlsberg,Carlsberg AS,100.0,Russian business/Carlsberg AS,Unnamed Buyer,2023/06/23,,M&A,Pending,Cash,
MAN,Marathon Oil Corp,80.0,Demetra-Holding OOO,Unnamed Buyer,2023/08/11,,INV,Completed,Undisclosed,
Valeo,Valeo SE,100,Powertrain Systems business/Russia,NPK Avtopribor OOO,2023/08/18,,M&A,Pending,Undisclosed,
Australia Post,La Poste SA,87.5,Russian DPD business/Geopost SA,Potential Buyer,2023/09/06,,M&A,Withdrawn,Cash,
British American Tobacco,British American Tobacco PLC,100,"Russian businesses/British American Tobacco PLC,Belarusian businesses/British American Tobacco PLC","Management Group,BFI Holding LLC FZ",2023/09/07,,M&A,Pending,Cash,
Intel,Intesa Sanpaolo SpA,88.88888888888889,Bank Intesa AO,Potential Buyer,2023/09/29,,M&A,Withdrawn,Undisclosed,
Volkswagen,Volkswagen AG,100,Manufacturing facility/Russia,Sistema PJSFC,2023/03/07,,M&A,Withdrawn,Undisclosed,
Carlsberg,Carlsberg AS,100.0,8 breweries/Russia,Anadolu Efes Biracilik Ve Malt Sanayii AS,2023/03/15,,M&A,Withdrawn,Undisclosed,
Henkel,Henkel AG & Co KGaA,100.0,11 Henkels Plants/Russia,Private Investor,2023/03/28,,M&A,Pending,Cash,
ARM,Swixx Biopharma SA,100.0,Russian business/Swixx Biopharma SA,Eli Lilly & Co,2023/03/30,,M&A,Pending,Cash,
UL,HASSLACHER DRAULAND Holzindustrie GmbH,100.0,Russian location/Malaya Vishera,Gruppa Kompaniy Vologodskiye Lesopromyshlenniki AO,2023/05/04,,M&A,Completed,Cash,
Decathlon,Decathlon SA,100,Decathlon Store/Russia,Unnamed Buyer,2023/05/12,,M&A,Withdrawn,Undisclosed,
Michelin,Cie Generale des Etablissements Michelin SCA,100.0,"Mishlen OOO,Spetsialnyye Shiny OOO",Pauer Interneshnl-Metally OOO,2023/05/26,,M&A,Pending,Undisclosed,
MAN,Goldman Sachs Group Inc/The,100.0,Cian PLC,Unnamed Buyer,2023/02/16,,INV,Completed,Cash,
Aon PLC,Stichting INGKA Foundation,80.0,3 factories/Russia,"Luzales OOO,Slotex",2023/02/16,,M&A,Completed,Cash,
Aon PLC,Stichting INGKA Foundation,80.0,2 million sq m m of real estate/Russia,Potential Buyer,2023/02/17,,M&A,Withdrawn,Undisclosed,
Ford,PJV Digital Forces Ltd,75.0,RNKO VK Platozhnyye Resheniya OOO,VK IPJSC,2023/02/18,,M&A,Pending,Undisclosed,
TTC Holding,PPF Real Estate Holding BV,85.71428571428572,Trilogy Park logistics park,Private Investor,2023/02/20,,M&A,Withdrawn,Cash,
Maersk,AP Moller - Maersk A/S,100.0,Logistics assets/St Petersburg & Novorossiysk,IG Finance Development Ltd,2023/02/20,,M&A,Completed,Cash,
Lear Corporation,Schaeffler AG,85.71428571428572,Russian business/Schaeffler,Private Investor,2023/02/25,,M&A,Pending,Undisclosed,
Rational,Philip Morris International In,87.5,Russian assets/Philip Morris International Inc,Potential Buyer,2023/02/27,,M&A,Withdrawn,Cash,
Vestas,Severstal Trade Ges,83.33333333333334,Severstallat AS,Marcegaglia Steel SpA,2023/04/21,,M&A,Completed,Undisclosed,
Intercontinental Exchange,Continental AG,100.0,Tayrs Rus OOO,S8 Capital AO,2023/04/24,,M&A,Pending,Undisclosed,
Hugo Boss,HUGO BOSS AG,100,Russian wholesale business,Stokmann AO/Moscow,2023/04/24,,M&A,Completed,Cash,
Mercedes-Benz,Mercedes-Benz Group AG,100.0,Local assets/Mercedes-Benz Group AG,Blok Avtodom OOO,2023/04/25,,M&A,Completed,Cash,
Chanel,Exmo Exchange Ltd,83.33333333333334,Digital asset business,Unnamed Buyer,2022/04/25,,M&A,Pending,Undisclosed,
Fazer,Fazer Group,100.0,Khelbny Dom OOO,Kolomensky Bakery and Confectionery Holding,2022/04/30,,M&A,Completed,Undisclosed,
Lear Corporation,Schaeffler AG,85.71428571428572,Russian Business of Schaeffler,PromAvtoKonsalt,2023/12/18,,M&A,Completed,Undisclosed,
Bose,Robert Bosch Stiftung GmbH,75.0,Factory assets/Russia,Can Holding AS,2023/12/19,,M&A,Withdrawn,Cash,
MAN,Anheuser-Busch InBev SA/NV,80.0,AB InBev Efes JSC,Anadolu Efes Biracilik Ve Malt Sanayii AS,2023/12/19,,M&A,Pending,Undisclosed,
CRH,Robert Bosch GmbH,80.0,Robert Bosc's factories/Strelna,Can Holding AS,2023/12/19,,M&A,Pending,Cash,
Legrand,Legrand SA,100,Russian Operations/Legrand,IEK OOO,2023/10/12,,M&A,Completed,Cash,
Valeo,Valeo SE,100,Russian Thermal Systems Business/ Valeo,NPK Avtopribor OOO,2023/10/31,,M&A,Pending,Undisclosed,
FICO,PepsiCo Inc,85.71428571428572,Timashevsky dairy plant/PepsiCo Inc,Agrokompleks Glushkovski OOO,2024/05/29,,M&A,Completed,Cash,
Nokia,Nokia Oyj,100,RTK - Network Technologies,Rostelecom PJSC,2024/05/29,,M&A,Pending,Undisclosed,
Enel,Enel SpA,100,Rusenergosbyt OOO,Rusenergosbyt OOO,2024/04/10,,INV,Completed,Undisclosed,
Gasum,Aumarche SAS,75.0,Sitras OOO,Trade Galleries OOO,2024/04/15,,M&A,Completed,Undisclosed,
MV Group,Purmo Group Oyj,87.5,Russian Business/Purmo Group Oyj,Unnamed Buyer,2024/04/19,,M&A,Completed,Cash,
Mercedes-Benz,Mercedes-Benz Group AG,100.0,Kamaz PJSC,Unnamed Buyer,2024/02/15,,INV,Completed,Undisclosed,
Rational,Foraco International SA,93.33333333333333,Eurasia Drilling Co Ltd,Unnamed Buyer,2024/03/18,,INV,Completed,Undisclosed,
Danone,Danone SA,100,EDP business/Russia,Vamin R LLC,2024/03/22,,M&A,Completed,Cash,
Danone,Danone SA,100,Russian operations/Danone,Vamin Tatarstan OAO,2024/03/23,,M&A,Completed,Cash,
EY,Maple Valley Investments Ltd,100.0,Globaltrans Investment PLC,Aqniet Capital LLC,2024/01/15,,INV,Completed,Undisclosed,
MV Group,Purmo Group Oyj,87.5,Russian Business/Purmo Group Oyj,Unnamed Buyer,2022/04/01,,M&A,Terminated,Undisclosed,
MAN,Brodrene Hartmann A/S,100.0,Russia Factory/Brodrene Hartmann,Potential Buyer,2022/04/04,,M&A,Withdrawn,Undisclosed,
Societe Generale,Societe Generale SA,100,Rosbank PJSC,Interros Holding Co,2022/04/11,,M&A,Pending,Undisclosed,
Compass Group,Compass Group PLC,100,Food service business/Russia,Unnamed Buyer,2022/04/12,,M&A,Completed,Cash,
Louis Dreyfus,Louis Dreyfus Co BV,100.0,Russia Assets/Louis Dreyfus Co BV,Unnamed Buyer,2024/12/02,,M&A,Withdrawn,Undisclosed,
Meta,Metlen Energy & Metals SA,100.0,Volgafert LLC,KuibyshevAzot PJSC,2024/12/04,,M&A,Completed,Undisclosed,
ELA Container,Telia Co AB,85.71428571428572,Latvijas Mobilais Telefons SIA,Potential Buyer,2024/12/18,,M&A,Proposed,Undisclosed,
Unilever,Unilever PLC,100,Russian assets/Unilever PLC,ArnestFinans OOO,2024/10/10,,M&A,Completed,Cash,
Aspo,Aspo Oyj,100,Russian operations/Leipurin Oyj,Private Investor,2024/10/10,,M&A,Completed,Cash,
UL,Association Familiale Mulliez,100.0,Russian operations/ELO SACA,Potential Buyer,2024/10/24,,M&A,Withdrawn,Cash,
Rational,Raiffeisen Bank International AG,93.33333333333333,Raiffeisenbank AO,Potential Buyer,2024/09/05,,M&A,Withdrawn,Undisclosed,
Foster + Partners,ECO Partners Inc,85.71428571428572,Industrial complex/Technonicol Corp,Technonicol Corp,2024/09/24,,M&A,Completed,Cash,
GM,Voith Hydro GmbH & Co KG/Austria,100.0,VolgaHydro LLC,TyazhMash OAO,2025/07/14,,M&A,Completed,Undisclosed,
Grupo Antolín,Grupo Antolin-France SAS,92.3076923076923,"Zapad LLC,Alta Povolzhye OOO",MGC Group LLC,2025/12/23,,M&A,Completed,Undisclosed,
Lufthansa,Deutsche Lufthansa AG,100.0,Aeromar JSC,Aeroflot PJSC,2025/09/08,,M&A,Proposed,Undisclosed,
ABB,Komfovent UAB,80.0,Certain Asset/Komfovent Ltd,Potential Buyer,2025/09/25,,M&A,Proposed,Cash,
Jungheinrich,Jungheinrich AG,100,Yungkhaynrikh Podyemno-Pogruzochnaya Tekhnika OOO,Unnamed Buyer,2025/06/27,,M&A,Proposed,Undisclosed,
Global Fashion Group,ING Groep NV,77.77777777777779,ING Bank Eurasia JSC,Global Development JSC,2025/01/28,,M&A,Terminated,Cash,
Gestamp,Gestamp Automocion SA,100.0,Automotive Component Factories/Gestamp Automocion SA,Polad AO,2025/01/31,,M&A,Completed,Cash,
MAN,LVL1 Management Ltd,100.0,Selectel Co Ltd,Moscow Exchange MICEX-RTS PJSC,2025/05/05,,INV,Completed,Undisclosed,
APG,Aggreko PLC,80.0,Certain assets/Aggreko Ltd,Halliburton Co,2025/05/28,,M&A,Proposed,Cash,
Meta,Ural Mining and Metallurgical Co OJSC,100.0,Sibay mining & processing plant/Bashkortostan,Polymetal JSC,2025/04/16,,M&A,Completed,Cash,
Volkswagen,Volkswagen AG,100,Banking unit/Volkswagen AG,Private Investor,2025/02/27,,M&A,Completed,Cash,
Damen,Global Payments Inc,80.0,KOKK AO,Interros Capital International Co LLC,2022/05/02,,M&A,Completed,Undisclosed,
Energizer,TotalEnergies SE,82.35294117647058,Arctic LNG 2 OOO,Nordline OOO,2026/06/03,,INV,Pending,Cash,
ELA Container,Telia Co AB,85.71428571428572,"Latvijas Mobilais Telefons SIA,Lattelecom Bpo Sia",Republic of Latvia,2024/12/18,,M&A,Proposed,Undisclosed,
Veon,VEON Ltd,100,Anchor Business/ Russia,Private Investor,2022/11/24,2142.4,AST,Completed,Cash,
Meta,Novolipetskiy Metallurgicheskiy Kombinat PAO,100.0,US Midwest assets/Novolipetsk Steel PJSC,Cleveland-Cliffs Inc,2024/05/28,500.0,AST,Withdrawn,Cash,
AVL,Petropavlovsk PLC,100.0,Russian Subsidaries & Assets/Petropavlovsk PLC,Ural Mining and Metallurgical Co OJSC,2022/08/04,398.32,AST,Completed,Cash,
Rational,Polyus Gold International Ltd,93.33333333333333,Alluvials Gold Deposits,Unnamed Buyer,2024/08/27,237.0,AST,Completed,Cash,
Heraeus,Crism Therapeutics Corp,85.71428571428572,Kun-Manie Nickel/Copper Deposit,Stanmix Holding Ltd,2022/05/09,105.0,AST,Pending,Cash,
FICO,Solidcore Resources PLC,75.0,Polymetal International/Russian Assets,Mangazeya Gaz AO/Krasnoselkup,2022/07/19,65.46,AST,Pending,Cash,
MV Group,UpHealth Group Ltd,85.71428571428572,Crop & milk production businesses/Don Agro International Ltd,Agroinvest OOO,2023/09/13,64.48,AST,Pending,Stock,
Deugro,Eurodon OOO,80.0,Eurodon leased facilities/Rostov,APK Damate OOO,2024/07/18,28.38,AST,Completed,Cash,
United Airlines,United Aircraft Corp PJSC,80.0,Sukhoi Superjet 100,Markab Capital,2023/03/01,,AST,Pending,Cash,
OBI,Mobile TeleSystems PJSC,100.0,Armenia Business,Potential Buyer,2023/03/14,,AST,Withdrawn,Undisclosed,
Isuzu,Isuzu Motors Ltd,100.0,Production/Russia,Sollers PJSC,2023/07/14,,AST,Completed,Undisclosed,
Aon PLC,Koks PAO,80.0,Tikhov Mine/Leninsk-Kuznetsk,Magnitogorsk Iron & Steel Works PJSC,2023/07/20,,AST,Completed,Undisclosed,
Esri,Helsinki Shipyard Oy,75.0,Certain assets/Helsinki Shipyard Oy,4370422 Canada Inc,2023/11/03,,AST,Completed,Cash,
MV Group,Nebius Group NV,85.71428571428572,Certain Assets,Unnamed Buyer,2023/11/14,,AST,Pending,Undisclosed,
Bain,Binance Holdings Ltd,85.71428571428572,Diversified business/Russia,Commex Technology Ltd,2023/09/27,,AST,Pending,Cash,
Acer,Russian Space Agency,75.0,Portfolio of non core asset/Russian Space Agency,Potential Buyer,2024/02/28,,AST,Withdrawn,Cash,
Veon,Ventall Terminals Sia,85.71428571428572,Portfolio of 2 Assets/Kaluga,Severstal PAO,2024/01/10,,AST,Completed,Cash,
EY,Ey Key Rasha OOO,100.0,Portfolio of 100 KFC outlets/Russia,Yunirest OOO,2024/01/22,,AST,Pending,Cash,
Ansell,Ansell Ltd,100,Russian business/Ansell Ltd,Perspectiva ZAO,2023/04/20,,AST,Completed,Cash,
Dell,Delta Motor Group Oy,85.71428571428572,Operative business/Delta Motor Group Oy,Hedin Mobility Group AB,2023/04/27,,AST,Completed,Cash,
MV Group,Nebius Group NV,85.71428571428572,Yandex.Zen,VK IPJSC,2022/04/28,,AST,Completed,Cash,
Rational,United Co RUSAL International,93.33333333333333,Aluminum Unit/United Co RUSAL International PJSC,Private Investor,2022/04/29,,AST,Pending,Cash,
Rewe,MTI Wireless Edge Ltd,75.0,Russian Business/ MTI Wireless Edge Ltd,Private Investor,2022/03/22,,AST,Completed,Undisclosed,
FMC Corporation,RVM Capital CJSC AMC,80.0,Multifunctional logistics complex/Tver,Aquarius Group Co Ltd,2022/03/31,,AST,Completed,Cash,
Aon PLC,Solid Menedzhment AO,80.0,Telemedicine Business/MKPAO Yandex,OraSure Technologies Inc,2024/09/16,,AST,Withdrawn,Cash,
NCAB Group AB,A Grupp OOO,75.0,Distribution business/A Group OOO,Severstal PAO,2024/04/04,,AST,Completed,Cash,
ABB,Viciunai Uab,80.0,Kaliningrad exclave/Russia,Private Investor,2024/04/08,,AST,Pending,Cash,
MSC,Rosneft Oil Co PJSC,80.0,German oil refineries business/Rosneft Oil Co PJSC,State of Qatar,2024/08/28,,AST,Withdrawn,Cash,
MSC,Rosneft Oil Co PJSC,80.0,German Operations/Rosneft,Federal Republic of Germany,2022/09/16,,AST,Completed,Undisclosed,
MSC,LUKOIL PJSC,80.0,Oil refinery/Italy,Crossbridge Energy Partners LLC,2022/09/21,,AST,Terminated,Cash,
Hyundai,Hyundai Motor Co,100.0,Manufacturing plant/Russia,Potential Buyer,2022/10/18,,AST,Withdrawn,Cash,
Avaya,MH Alshaya,75.0,Business of Mothercare / Russia,Private Investor,2022/10/26,,AST,Withdrawn,Undisclosed,
Bridgestone Tire,Bridgestone Corp,100.0,Russian Assets/Bridgestone Corp,Potential Buyer,2022/10/31,,AST,Withdrawn,Cash,
KBC Group,NLMK Group,87.5,Ural assets/NLMK Group,Potential Buyer,2023/02/17,,AST,Withdrawn,Undisclosed,
MSC,LUKOIL PJSC,80.0,Pecan oil field/Ghana,Potential Buyer,2023/02/28,,AST,Withdrawn,Cash,
MSC,LUKOIL PJSC,80.0,Oil refinery/Italy,Trafigura Ltd,2023/01/09,,AST,Pending,Undisclosed,
Euroins,Euroins Insurance Group AD,100.0,"Insurance business/Belarus,Insurance business/Russia",Unnamed Buyer,2023/01/16,,AST,Pending,Undisclosed,
Hitachi Construction,Hitachi Ltd,100.0,Russian business/Hitachi Energy AG,Management Group,2023/01/31,,AST,Completed,Cash,
Hitachi Construction,Hitachi Ltd,100.0,Russia business,Unnamed Buyer,2023/01/31,,AST,Completed,Cash,
EY,O'Key Group SA,100.0,Hypermarket business/O'KEY Group SA,Rbf Retail LLC,2024/12/26,,AST,Completed,Cash,
Aon PLC,Topprom ZAO,80.0,Portfolio of 3 coal beneficiation plants/Prokopyevsk,AVD Capital LLC,2024/12/27,,AST,Completed,Cash,
G2A,Gazprombank JSC,80.0,Ural Chemical Machine Building Plant/Gazprombank JSC,Private Investor,2024/10/25,,AST,Completed,Cash,
MV Group,Dentsu Group Inc,85.71428571428572,Russian business/Dentsu Group Inc,Unnamed Buyer,2024/07/12,,AST,Completed,Cash,
Emerson Electric,Emerson Electric Co,100,"APP OOO/Moscow,PG Metran AO",Management Group,2022/09/27,,AST,Completed,Cash,
