name,country,industry,grade_latest,action_type,action_text,writedown_usd_mn,sale_price_usd_mn,book_value_pre_usd_mn,exit_year,exit_quarter,data_source,notes
AAK,Sweden,Consumer Staples,A,sold,Exited Russia.,,,,,,,
AB InBev,Belgium,Consumer Staples,A,sold,sold stake in joint ventures and suspend using its license in Russia,,,,,,,
ABB,Switzerland,Industrials,A,sold,Exited Market,,,,,,,
AECOM,United States,Industrials,A,sold,exit Russia operations,,,,,,,
AFRY,Sweden,Industrials,A,sold,Fully exit Russia after selling its operations,,,,,,,
AG Barr,United Kingdom,Consumer Staples,A,sold,cut ties with Russian market,,,,,,,
AP7,Sweden,Financials,A,sold,sell off  all of Russian shares,,,,,,,
APG,Netherlands,Financials,A,sold,sell all Russian investment,,,,,,,
AVL,Austria,Industrials,A,suspended,"Stopped on business, initiated divestment process",,,,,,,
Aarsleff,Danish,Industrials,A,sold,Withdrew from Russia,,,,,,,
Accenture,Ireland,Information Technology,A,sold,exiting Russia completely,,,,,,,
Accountor,Finland,Information Technology,A,sold,withdrawal from Russia,,,,,,,
Acerinox,Spain,Materials,A,suspended,Ceased Operations,,,,,,,
Acronis,Switzerland,Information Technology,A,suspended,suspend operations in Russia,,,,,,,
Adenza,United Kingdom,Information Technology,A,other,discontinue all operations in Russia,,,,,,,
Aegon,Netherlands,Financials,A,sold,Sold exposure,,,,,,,
AerCap,Ireland,Industrials,A,other,cease leasing activity with Russian airlines,,,,,,,
Agilent,United States,Information Technology,A,suspended,Fully stop all business in Russia,,,,,,,
Agrokoncernas,Lithuania,Industrials,A,suspended,Fully stop all business in Russia,,,,,,,
Aimbridge | Interstate Hotels,United States,Consumer Discretionary,A,suspended,Suspended all operations,,,,,,,
Air Lease,United States,Industrials,A,suspended,Fully stop all business in Russia,,,,,,,
Air Liquide,France,Materials,A,sold,Withdrawal from Russia,,,,,,,
Air Products,United States,Materials,A,sold,full divestiture from Russia,,,,,,,
AirBaltic,Latvia,Industrials,A,sold,leave Russian market until further notice,,,,,,,
Akvelon,United States,Information Technology,A,sold,close offices in Moscow,,,,,,,
Alcoa,United States,Materials,A,other,"cease buying raw materials from, or selling our products to, Russian businesses",,,,,,,
Aldi,Germany,Consumer Staples,A,other,remove products from Russia,,,,,,,
Allegro,Poland,Consumer Discretionary,A,other,bans Russian &amp; Belarussian products,,,,,,,
Allen &amp; Overy,United Kingdom,Industrials,A,sold,wind down Russian operations,,,,,,,
AmRest,Spain,Consumer Discretionary,A,sold,Fully exit Russia after selling its operations,,,,,,,
Amedia,Norway,Communication Services,A,sold,Fully exit Russia after selling its operations,,,,,,,
American Airlines,United States,Industrials,A,other,end agreements with Russian airlines,,,,,,,
Ametek,United States,Industrials,A,other,closing TPM Russia subsidiary due to war in Ukraine,,,,,,,
Amsted Rail,United States,Industrials,A,sold,exit Russia completely,,,,,,,
Amway,United States,Consumer Staples,A,suspended,Ceased operations in Russia,,,,,,,
Ansell,Australia,Industrials,A,sold,Fully exit Russia after selling its operations,,,,,,,
Arconic,United States,Materials,A,sold,Exited Russia,,,,,,,
Arendt &amp; Medernach,Luxembourg,Industrials,A,suspended,pull out of Russia; close Russian office and suspend select Russian client engagements,,,,,,,
Arrival,United Kingdom,Consumer Discretionary,A,sold,Fully exit Russia after selling its operations,,,,,,,
Asda,United Kingdom,Consumer Staples,A,other,remove products from Russia,,,,,,,
Asics,Japan,Consumer Discretionary,A,suspended,Ceased all business operations in Russia,,,,,,,
Aspo,Finland,Industrials,A,sold,Exited Russia Market,,,,,,,
Assicurazioni Generali,Italy,Financials,A,sold,exit Russia completely,,,,,,,
Atos,France,Information Technology,A,other,exit from Russia,,,,,,,
Atria,Finland,Consumer Staples,A,other,exit business in Russia,,,,,,,
Autogrill,Italy,Consumer Discretionary,A,sold,Fully exit Russia after selling its operations,,,,,,,
Avantor,United States,Health Care,A,other,"Discontinued all sales into Russia, direct and indirect",,,,,,,
Avaya,United States,Information Technology,A,other,Left Russia,,,,,,,
Avery Dennison,United States,Materials,A,other,exit Russian operations,,,,,,,
Avid,United States,Information Technology,A,other,"cease all sales and support to all customers, users and resellers in Russia &amp; Belarus",,,,,,,
Aviva,United Kingdom,Financials,A,sold,Exited all equity and debt positions,,,,,,,
BASF SE,Germany,Materials,A,sold,wind down Russian operations,,,,,,,
BBDO,United States,Industrials,A,other,exit Russian operations,,,,,,,
BSI,United Kingdom,Industrials,A,suspended,Fully stop all business in Russia,,,,,,,
Badoo,United Kingdom,Industrials,A,suspended,Fully stop all business in Russia,,,,,,,
Baker Botts,United States,Industrials,A,sold,wind down Moscow office,,,,,,,
Baker Hughes,United States,Energy,A,other,no longer provide engineering services to Russian LNG developers,,,,,,,
Baker McKenzie,United States,Industrials,A,other,cease operations in Russia and transfer them to an independent entity,,,,,,,
Baker Tilly,United Kingdom,Financials,A,sold,gradual wind down of operations in Russia,,,,,,,
Bakoma,Poland,Consumer Staples,A,sold,withdraw from Russia completely prior to aggression,,,,,,,
Ball Corporation,United States,Materials,A,sold,Fully exited Russia,,,,,,,
BaseTrack,Estonia,Information Technology,A,sold,Fully exit Russia after selling its operations,,,,,,,
Beam Suntory,Japan,Consumer Staples,A,sold,Fully exit Russia after selling its operations,,,,,,,
Bellona,Norway,NGO,A,sold,Fully exit Russia after selling its operations,,,,,,,
Bentley Systems,United States,Information Technology,A,other,Ended operations in Russia,,,,,,,
Bestseller,Denmark,Consumer Discretionary,A,suspended,stop all sales to Russia through distributors,,,,,,,
Bet356,United Kingdom,Consumer Discretionary,A,suspended,Fully stop all business in Russia,,,,,,,
BioMar,Danish,Industrials,A,other,No longer doing business in Russia,,,,,,,
BlackRock,United States,Financials,A,other,curtail Russian access to capital markets,,,,,,,
Blockchain.com,Luxembourg,Information Technology,A,suspended,Fully stop all business in Russia,,,,,,,
Bolt,Estonia,Information Technology,A,other,Liquidating remaining entity,,,,,,,
Bonava,Sweden,Real Estate,A,sold,close operations in Russia,,,,,,,
Booking,United States,Consumer Discretionary,A,suspended,Suspended operations in Russia,,,,,,,
Boreo,Finland,Industrials,A,sold,Fully exit Russia after selling its operations,,,,,,,
Bose,United States,Information Technology,A,suspended,stop all product shipments,,,,,,,
Boskalis,Netherlands,Industrials,A,other,exit Russian  Arctic LNG 2 project,,,,,,,
Breitling SA,Switzerland,Consumer Discretionary,A,sold,Fully exit Russia after selling its operations,,,,,,,
Bristol-Myers Squibb,United States,Health Care,A,sold,transfer business and exit completely,,,,,,,
British American Tobacco,United Kingdom,Consumer Staples,A,other,exit Russian operations,,,,,,,
British Petroleum (BP),United Kingdom,Energy,A,sold,Will divest from 20% Rosneft stake,,,,,,,
British Standards Institution (BSI),United Kingdom,Industrials,A,other,terminate all contractual relations &amp; discontinue services in Russia,,,,,,,
Broadridge Financial Solutions,United States,Financials,A,sold,Fully exit Russia after selling its operations,,,,,,,
Bruker,United States,Industrials,A,suspended,Ceased operations in Russia,,,,,,,
Brunel,Netherlands,Industrials,A,sold,Fully exit Russia after selling its operations,,,,,,,
Bryan Cave,United States,Industrials,A,other,exit Russian operations; local partners and counsel form new firms,,,,,,,
Bumble,United States,Communication Services,A,other,remove apps from app stores,,,,,,,
Bunge,United States,Consumer Staples,A,sold,Sold Russian Business,,,,,,,
CBC,Canada,Communication Services,A,other,Cease all reporting from Russia and all presence,,,,,,,
CCC,Poland,Consumer Discretionary,A,sold,Left Russia. Sold Subsidary,,,,,,,
CD Projekt,Poland,Communication Services,A,other,Halts all sales of products in Russia &amp; Belarus,,,,,,,
CERN,Switzerland,NGO,A,other,Will end cooperation with Russia in 2024,,,,,,,
CFA Institute,United States,NGO,A,other,Cease all business in Russia,,,,,,,
CMA CGM,France,Industrials,A,other,Completes Russia Exit,,,,,,,
CMS,Germany,Industrials,A,other,transfer Russian practice to local partners and counsel,,,,,,,
CRH,Ireland,Materials,A,sold,withdrawal from Russia,,,,,,,
Cadence,United States,Information Technology,A,other,terminate operations in Russia,,,,,,,
Calrec,United Kingdom,Consumer Discretionary,A,other,Cease all commercial activity with Russia,,,,,,,
Canara,India,Financials,A,sold,Fully exit Russia after selling its operations,,,,,,,
Canva,Australia,Information Technology,A,sold,withdraw from Russia,,,,,,,
Cargotec,Finland,Industrials,A,other,Ramped Down Business,,,,,,,
Carlsberg,Denmark,Consumer Staples,A,sold,Finalises Russian asset sale to local buyer,,,,,,,
Carnival,United States,Consumer Discretionary,A,other,discontinue Russia itineraries,,,,,,,
Caverion,Finland,Industrials,A,sold,Withdrew from Russia,,,,,,,
Centrica,United Kingdom,Utilities,A,other,exit gas supply partnership with Gazprom,,,,,,,
Chanel,France,Consumer Discretionary,A,suspended,Stopped selling in Russia and to those with intent to sell in Russia,,,,,,,
Chapman Freeborn,United Kingdom,Industrials,A,other,Cease business operation in Russia,,,,,,,
Charles Schwab,United States,Financials,A,other,Limit access to Russian capital markets,,,,,,,
Ciech,Poland,Materials,A,suspended,suspended Russian exports,,,,,,,
Cisco,United States,Information Technology,A,sold,orderly wind down Russian operations,,,,,,,
Citi,United States,Financials,A,other,Ending all its institutional banking services and ATMs in Russia,,,,,,,
Clarivate,United Kingdom,Industrials,A,other,exit Russian operations,,,,,,,
Cleaves,Norway,Financials,A,suspended,Fully stop all business in Russia,,,,,,,
Clifford Chance,United Kingdom,Industrials,A,sold,wind down operations in Moscow; local partners and counsels form own firm,,,,,,,
Colliers,Canada,Real Estate,A,other,discontinue business in Russia,,,,,,,
Columbus,Denmark,Information Technology,A,sold,Withdrew from Russia,,,,,,,
Comarch,Poland,Information Technology,A,other,halts orders from Russia &amp; Belarus,,,,,,,
Commvault,United States,Information Technology,A,sold,fully wind down Russian business,,,,,,,
Compass Group,United Kingdom,Consumer Staples,A,other,permanently exit Russian market,,,,,,,
Compass Mining,United States,Financials,A,other,Terminate all Russian partnerships and business,,,,,,,
Coop,Switzerland,Financials,A,sold,fully divest Russian operations Transgourmet via management buyout,,,,,,,
Corteva,United States,Consumer Staples,A,other,Stoped production and business activities in Russia,,,,,,,
Coty,United States,Consumer Staples,A,sold,wind down Russian business,,,,,,,
Covestro,Germany,Materials,A,suspended,Ceased Business Activity in Russia,,,,,,,
Cummins,United States,Industrials,A,other,exit Russian operations,,,,,,,
Currency.com,United Kingdom,Financials,A,other,halting operations for residents of Russian,,,,,,,
Cushman &amp; Wakefield,United States,Real Estate,A,other,close office in Russia; transfer to local partner,,,,,,,
Cyfrowy Polsat,Poland,Communication Services,A,other,removing Russian TV channels from the offer,,,,,,,
DDB,United States,Materials,A,other,exit Russian operations,,,,,,,
DLA Piper,United States,Industrials,A,sold,withdrawing from Russia,,,,,,,
DMG Mori,Japan,Industrials,A,sold,Withdrew business in Russia,,,,,,,
DP Eurasia,Netherlands,Consumer Staples,A,other,Closure of Russian Business,,,,,,,
DPD,Germany,Industrials,A,sold,withdrawal from the Russian market,,,,,,,
DWS,Germany,Financials,A,other,End Russian products,,,,,,,
DXC Technology,United States,Information Technology,A,other,leaving Russia completely,,,,,,,
Daikin,Japan,Industrials,A,other,End all Russian business,,,,,,,
Danfoss,Denmark,Industrials,A,sold,exit Russia completely,,,,,,,
Dechert,United States,Industrials,A,other,close Russian office,,,,,,,
Deezer,France,Communication Services,A,other,discontinue services in Russia,,,,,,,
Deichmann,Germany,Consumer Discretionary,A,sold,withdraw from Russia,,,,,,,
Dell,United States,Information Technology,A,suspended,Ceased all operations,,,,,,,
Deloitte,United States,Industrials,A,other,leaving Russia completely; local office launched own firm,,,,,,,
Delta Air Lines,United States,Industrials,A,sold,withdraw codeshare services with Aeroflot,,,,,,,
Dentsu International,United Kingdom,Communication Services,A,sold,divest joint venture/leave Russia,,,,,,,
Deugro,Germany,Industrials,A,sold,Fully exit Russia after selling its operations,,,,,,,
Deutsche Bank,Germany,Financials,A,sold,wind down business in Russia,,,,,,,
Deutsche Telekom,Germany,Communication Services,A,other,close Russian business,,,,,,,
Digicert,United States,Information Technology,A,suspended,Fully stop all business in Russia,,,,,,,
Dino Polska,Poland,Consumer Staples,A,other,removed Russian products,,,,,,,
Docker,United States,Information Technology,A,other,End all business in Russia,,,,,,,
Domino's Pizza,United States,Consumer Discretionary,A,other,Closure of Russian Business,,,,,,,
Donaldson Company,United States,Industrials,A,other,Terminated Operations,,,,,,,
Dr. Oetker,Germany,Consumer Staples,A,other,stops sales and production in Russia; transferred ownership of production facilities,,,,,,,
Draftkings,United States,Consumer Discretionary,A,other,Limit business access in Russia,,,,,,,
Duisburger Hafen,Germany,Industrials,A,other,End all shipments with Russia and Belarus,,,,,,,
ELA Container,Germany,Industrials,A,sold,Sold Russian subsidary. Exiting market,,,,,,,
ELKO Group,Latvia,Information Technology,A,other,leave Russia,,,,,,,
ENEOS,Japan,Energy,A,other,discontinue purchases of Russian crude,,,,,,,
EPAM,United States,Information Technology,A,other,discontinue servicing Russian customers,,,,,,,
EY,United States,Industrials,A,other,leaving Russia completely,,,,,,,
EarthDaily Analytics,United States,Industrials,A,other,terminate operations in Russia,,,,,,,
Eastnine,Sweden,Industrials,A,sold,Fully exit Russia after selling its operations,,,,,,,
Edeka,Germany,Consumer Staples,A,other,remove Russian food from store shelves,,,,,,,
Ejot,Germany,Industrials,A,sold,Withdrew from Russia,,,,,,,
Electronic Arts,United States,Communication Services,A,other,make new game purchases unavailable in Russia,,,,,,,
Elisa Esports,Finland,NGO,A,other,ban Russian teams from participating in tournaments,,,,,,,
Elopak,Norway,Materials,A,sold,Fully exit Russia after selling its operations,,,,,,,
Emerson Electric,United States,Industrials,A,other,exit Russian business,,,,,,,
Endeavour Group,Australia,Consumer Staples,A,suspended,Stop transacting with all Russian products,,,,,,,
Enel,Italy,Utilities,A,sold,divest from the entire Russian stakes,,,,,,,
EnerSys,United States,Industrials,A,other,End Russian operations,,,,,,,
Energizer,United States,Industrials,A,sold,Fully exit Russia after selling its operations,,,,,,,
Eni,Italy,Energy,A,sold,suspend stipulation of new oil contracts; divest from investments for rubles,,,,,,,
Equinor,Norway,Energy,A,other,exit joint ventures in Russia,,,,,,,
Espersen,Denmark,Consumer Staples,A,sold,Fully exit Russia after selling its operations,,,,,,,
Essity,,,A,sold,Divested its operations in Russia,,,,,,,
Etsy,United States,Consumer Discretionary,A,other,deactivate all listings from Russian sellers,,,,,,,
Euroins,Bulgaria,Financials,A,sold,Fully exit Russia after selling its operations,,,,,,,
Euronet Worldwide,United States,Financials,A,other,Closed locations in Russia,,,,,,,
Eurovision,United Kingdom,NGO,A,other,ban on all Russian competition,,,,,,,
Eversheds Sutherland,United Kingdom,Industrials,A,other,close Russia office; transfer Russia practice to local partners and counsels,,,,,,,
Evonik,Germany,Materials,A,sold,withdraw from Russia,,,,,,,
Expedia,United States,Consumer Discretionary,A,suspended,Suspend bookings in Russia,,,,,,,
Exxonmobil,United States,Energy,A,other,exit Rosneft partnership,,,,,,,
FICO,United States,Information Technology,A,other,exiting all work in Russia,,,,,,,
FL Smidth,Denmark,Industrials,A,other,No longer any activities in Russia,,,,,,,
FMC Corporation,United States,Materials,A,other,discontinue all business and operations,,,,,,,
Fantasy Premier League,United Kingdom,Consumer Discretionary,A,suspended,Suspend all users from Russia,,,,,,,
Faurecia | Forvia,France,Consumer Discretionary,A,other,Faurecia has decided to disengage from Russia and completed depreciation of related assets,,,,,,,
Fazer,Finland,Consumer Staples,A,sold,exit Russia,,,,,,,
Fennovoima,Finland,Energy,A,other,terminate Russian nuclear power plant project,,,,,,,
Fiskars,Finland,Consumer Discretionary,A,sold,withdraw completely from the Russian market,,,,,,,
Five9,United States,Information Technology,A,other,Fully close all Russian operations,,,,,,,
Flowserve,United States,Industrials,A,sold,exit Russia completely,,,,,,,
Fonterra,New Zealand,Consumer Staples,A,other,exit its businesses in Russia,,,,,,,
Ford,United States,Consumer Discretionary,A,sold,Sold Joint Venture,,,,,,,
Formula One,United Kingdom,Communication Services,A,other,terminate contract with the Russian Grand Prix promoter,,,,,,,
Fortum,Finland,Utilities,A,other,exit Russian market,,,,,,,
Freedom Holding,Kazakhstan,Financials,A,sold,Sold Russian subsidiaries,,,,,,,
Freshfields,United Kingdom,Industrials,A,sold,closing business in Russia,,,,,,,
Fugro,Netherlands,Industrials,A,suspended,suspend all projects in Russia,,,,,,,
Fujifilm,Japan,Information Technology,A,suspended,Suspended some shipments,,,,,,,
G2A,Netherlands,Communication Services,A,other,block marketplace for Russian users,,,,,,,
GC Rieber,Norway,Industrials,A,other,Fully end all Russian business,,,,,,,
GM,United States,Consumer Discretionary,A,suspended,suspend all shipments to Russia,,,,,,,
GXO Logistics,United States,Industrials,A,other,Ended business,,,,,,,
Galp,Portugal,Energy,A,suspended,suspend Russian oil-product purchases; eliminate Russian exposure,,,,,,,
Game Insight,Lithuania,Consumer Discretionary,A,other,Fully liquidate Russian operations,,,,,,,
Gameloft,France,Information Technology,A,other,make company's games unavailable in Russia,,,,,,,
Garmin,United States,Consumer Discretionary,A,suspended,stop all future trade with Russia,,,,,,,
Gaz-System,Poland,Utilities,A,suspended,stopped gas imports,,,,,,,
Geberit,Switzerland,Industrials,A,other,discontinue all operations in Russia,,,,,,,
Georg Fischer,Switzerland,Industrials,A,other,Ended its trading operations in Russia and closed office in Moscow,,,,,,,
Gerry Weber,Germany,Consumer Discretionary,A,sold,Sold Russian Business,,,,,,,
Gett,Israel,Industrials,A,other,Fully terminate all Russian business,,,,,,,
Global Fashion Group,Luxembourg,Consumer Discretionary,A,sold,Fully exit Russia after selling its operations,,,,,,,
Global Foundries,United States,Information Technology,A,suspended,suspend all shipments to Russia,,,,,,,
GoDaddy,United States,Information Technology,A,other,discontinue all Russian services,,,,,,,
Goodvalley,Denmark,Consumer Staples,A,sold,Fully exit Russia after selling its operations,,,,,,,
Gowling,Canada,Industrials,A,suspended,Stopped business in Russia,,,,,,,
Grant Thornton,United States,Industrials,A,sold,closing business in Russia,,,,,,,
Grid Dynamics,United States,Information Technology,A,sold,close offices in Russia &amp; cease all operations,,,,,,,
Grundfos,Denmark,Industrials,A,other,Closes business in Russia and Belarus,,,,,,,
H&amp;M,Sweden,Consumer Discretionary,A,sold,Winding down business entirely,,,,,,,
HP Enterprise (Independent from HP Inc.),United States,Information Technology,A,sold,exit Russia &amp; Belarus,,,,,,,
HP Inc.,United States,Information Technology,A,other,shut down business in Russia,,,,,,,
Halewood,United Kingdom,Consumer Staples,A,other,Fully pull out of Russia,,,,,,,
Halliburton,United States,Energy,A,other,No longer conducts operations in Russia,,,,,,,
Halyk Bank,Kazakhstan,Financials,A,sold,Fully exit Russia after selling its operations,,,,,,,
Hampidjan,Iceland,Industrials,A,sold,full withdrawal,,,,,,,
Haniel,Germany,Materials,A,other,unwind all Russian business,,,,,,,
Hansgrohe,Germany,Consumer Discretionary,A,other,cease all activities with Russia,,,,,,,
Hard Rock Café,United States,Consumer Staples,A,other,fully close all stores in Russia,,,,,,,
Harvia,Finland,Consumer Discretionary,A,sold,Withdrew from Russia,,,,,,,
Hays plc,United Kingdom,Industrials,A,other,close Russian business,,,,,,,
Hearst Communications,United States,Communication Services,A,other,terminate the licensing agreements &amp; turn over its equity to Russian subsidiary,,,,,,,
Heidrick &amp; Struggles,United States,Industrials,A,suspended,ceased all operations in Russia,,,,,,,
Heineken,Netherlands,Consumer Staples,A,sold,Sold all operations in Russia,,,,,,,
Heinzmann,Germany,Industrials,A,other,End all Russian deliveries,,,,,,,
Hempel,Denmark,Industrials,A,sold,exit Russia,,,,,,,
Henkel,Germany,Consumer Staples,A,other,exit business activities in Russia,,,,,,,
Herbert Smith Freehills,Australia,Industrials,A,other,Ended operations in Russia; local partners and counsels open independent firm,,,,,,,
Hertz,United States,Consumer Discretionary,A,sold,completely withdrawn from Russia,,,,,,,
Hesburger,Finland,Consumer Discretionary,A,sold,withdraw from Russia,,,,,,,
Hogan Lovells,United Kingdom,Industrials,A,other,exit Russian operations,,,,,,,
Holcim,Switzerland,Materials,A,other,exit Russian market completely,,,,,,,
Home Credit,Czech Republic,Financials,A,sold,Fully exit Russia after selling its operations,,,,,,,
Honeywell,United States,Industrials,A,sold,Wind down all business,,,,,,,
Hortex,Poland,Consumer Staples,A,sold,Fully exit Russia after selling its operations,,,,,,,
Houthoff,Netherlands,Industrials,A,other,terminate all relationships with Russia,,,,,,,
Huhtamaki,Finland,Materials,A,sold,divest Russian operations,,,,,,,
Hypertherm Associates,Netherlands,Industrials,A,other,Fully close all Russian offices,,,,,,,
Hyve,United Kingdom,Consumer Discretionary,A,sold,Withdrew from Russia,,,,,,,
IBM,United States,Information Technology,A,sold,wind down business in Russia,,,,,,,
ID Logistics,France,Industrials,A,other,Ended all activity in Russia,,,,,,,
IDEXX Labs,United States,Health Care,A,sold,wind down operations &amp; liquidate subsidiary,,,,,,,
IMAX,Canada,Consumer Discretionary,A,sold,Fully exit Russia,,,,,,,
IMCD,Netherlands,Industrials,A,sold,withdraw from Russia completely,,,,,,,
IMI Plc,United Kingdom,Materials,A,sold,Withdrew from Russia,,,,,,,
ISS,Denmark,Industrials,A,sold,ISS divested its Russian activities during March and is no longer active in Russia,,,,,,,
Icosagen,Estonia,Industrials,A,other,Ended business in Russia and Belarus,,,,,,,
Ikea,Sweden,Consumer Discretionary,A,sold,Closed stores and sold factory.,,,,,,,
Imperial Brands,United Kingdom,Consumer Staples,A,other,transfer Russian business to local partners,,,,,,,
InPost,Poland,Industrials,A,suspended,stop purchasing services/goods from Russian &amp; Belorussian companies,,,,,,,
Inchcape,United Kingdom,Industrials,A,sold,Withdrew from Russia,,,,,,,
Incoff Aerospace,Slovakia,Industrials,A,other,no longer trade with the Russians,,,,,,,
Inditex,Spain,Consumer Discretionary,A,suspended,close Russian stores and suspend sales,,,,,,,
Infineon,Germany,Information Technology,A,other,liquidate Russian entity,,,,,,,
Insydium,United Kingdom,Industrials,A,other,Forgo all Russian licenses,,,,,,,
Intercontinental Exchange,United States,Financials,A,other,curtail Russian access to capital markets,,,,,,,
Intercontinental Hotels (IHG),United Kingdom,Consumer Discretionary,A,suspended,Ceased operations in Russia,,,,,,,
International Biathlon Union,Austria,NGO,A,other,Russians to compete as neutral athletes,,,,,,,
International Boxing Federation,France,NGO,A,other,ban on all Russian competition,,,,,,,
International Cat Federation,Canada,NGO,A,other,ban Russian cats from competitions,,,,,,,
International Cycling Union,United States,NGO,A,other,ban on all Russian competition,,,,,,,
International Ice Hockey Federation,Switzerland,NGO,A,other,ban on all Russian competition,,,,,,,
International Olympic Committee,Switzerland,NGO,A,other,ban Russian athletes from competing,,,,,,,
International Paper,United States,Materials,A,sold,Fully exit Russia after selling its operations,,,,,,,
International Paralympic Committee,Germany,NGO,A,other,bar Russian athletes,,,,,,,
International Skating Union,Switzerland,NGO,A,other,ban on all Russian competition,,,,,,,
International Weightlifting Federation,Switzerland,NGO,A,other,ban on all Russian competition,,,,,,,
Interpublic Group,United States,Communication Services,A,other,exit Russian operations,,,,,,,
Intracom Telecom,Greece,Communication Services,A,sold,Withdrew from Russia,,,,,,,
Iveco,Italy,Industrials,A,sold,Fully exit Russia after selling its operations,,,,,,,
J Sainsbury,United Kingdom,Consumer Staples,A,other,remove products from Russia,,,,,,,
JD Sports,United Kingdom,Consumer Discretionary,A,suspended,suspend operations in Russia,,,,,,,
JKX,United Kingdom,Energy,A,other,Disposing of all its Russian assets,,,,,,,
JLL,United States,Real Estate,A,other,separate operations in Russia,,,,,,,
JYSK,Denmark,Consumer Discretionary,A,other,temporarily close Russian stores,,,,,,,
Jabil,United States,Information Technology,A,other,closed its site in Russia,,,,,,,
Jamie Oliver,United Kingdom,Consumer Staples,A,other,exit franchise agreement,,,,,,,
Jan de Nul,Luxembourg,Industrials,A,sold,close rep office and withdraw ships,,,,,,,
JetBrains,Czech Republic,Information Technology,A,suspended,suspend all activity indefinitely,,,,,,,
John Wood Group,United Kingdom,Industrials,A,sold,withdraw from Russia,,,,,,,
Johnson Matthey,United Kingdom,Materials,A,other,leave Russia and end all business there,,,,,,,
Jotun,Norway,Materials,A,suspended,Suspend business in Russia,,,,,,,
Jägermeister,Germany,Consumer Staples,A,suspended,Fully stopped business in Russia,,,,,,,
KION Group,Germany,Industrials,A,sold,Fully exit Russia after selling its operations,,,,,,,
KLP,Norway,Financials,A,other,exit all investment holdings in Russia,,,,,,,
KPMG,United States,Industrials,A,other,leaving Russia completely,,,,,,,
Kalnapilis-Taurus,Lithuania,Consumer Staples,A,other,termination of export ties and production in Russian Market,,,,,,,
Kamstrup,Denmark,Utilities,A,sold,Completely exit Russia,,,,,,,
Kearney,United States,Industrials,A,sold,officially withdrawn from Russia,,,,,,,
Kelly,United States,Industrials,A,other,leave Russia &amp; transition operations,,,,,,,
Kemira,Finland,Consumer Discretionary,A,sold,exit Russia completely,,,,,,,
Kennametal,United States,Industrials,A,sold,Completely exit Russia,,,,,,,
Kennedys,United States,Industrials,A,sold,Fully exit Russia,,,,,,,
Kesko,Finland,Consumer Staples,A,sold,Withdrawn all business,,,,,,,
Kiilto,Finland,Materials,A,sold,fully exited from Russia,,,,,,,
Kingspan,Ireland,Industrials,A,sold,exit Russia,,,,,,,
Kinross Gold,Canada,Materials,A,other,complete exit from Russia by selling Russian operations,,,,,,,
Knorr-Bremse,Germany,Industrials,A,other,will not deliver any more products or systems for Russian locomotives; end JVs,,,,,,,
Koch Industries,United States,Industrials,A,other,sell Russian business to a local enterprise,,,,,,,
Kofax,United States,Information Technology,A,other,curtail all sales of software and close sites in Russia,,,,,,,
Koskisen,Finland,Industrials,A,sold,Fully exit Russia after selling its operations,,,,,,,
Krispy Kreme,United States,Consumer Discretionary,A,sold,winding down business in Russia,,,,,,,
L'Occitane,France,Consumer Discretionary,A,other,exit Russian operations,,,,,,,
LVMH,France,Consumer Discretionary,A,other,end all operations in Russia,,,,,,,
Lamb Weston,United States,Consumer Staples,A,other,exit Russian market,,,,,,,
Latham &amp; Watkins,United States,Industrials,A,sold,wind down Russian presence,,,,,,,
Lear Corporation,United States,Consumer Discretionary,A,sold,fully exit Russia,,,,,,,
Legrand,France,Industrials,A,other,Left Russia,,,,,,,
Leica Camera AG,Germany,Information Technology,A,sold,Fully withdrawn from Russia,,,,,,,
Leptos Estates,Cyprus,Real Estate,A,other,Operations closed down in Russia,,,,,,,
Lifan,China,Consumer Discretionary,A,sold,Fully exit Russia,,,,,,,
Lincoln Electric,United States,Industrials,A,suspended,ceased all operations,,,,,,,
Lindab,Sweden,Industrials,A,sold,Fully exit Russia after selling its operations,,,,,,,
Lindstrom Group,Finland,Consumer Discretionary,A,sold,Withdrew from Russia,,,,,,,
Lindt-Sprungli,Switzerland,Consumer Staples,A,suspended,suspend operations in Russia,,,,,,,
Linklaters,United Kingdom,Industrials,A,other,"end operations in Russia, with entities connected to the Russian state; local partners and counsel form own firm",,,,,,,
Lloyd's Register,United Kingdom,Industrials,A,sold,withdraw services to Russia,,,,,,,
Logitech,Switzerland,Information Technology,A,suspended,suspend shipments to Russia,,,,,,,
London Stock Exchange Group,United Kingdom,Financials,A,other,curtail Russian access to capital markets,,,,,,,
Lufthansa,Germany,Industrials,A,suspended,suspended flights and ended Russian aircraft maintenance,,,,,,,
Luxoft,Switzerland,Information Technology,A,other,exit Russian market,,,,,,,
LyondellBasell,Netherlands,Materials,A,other,end all business,,,,,,,
MAN,Germany,Industrials,A,other,"end delivery, supply of trucks, and sales to Russia",,,,,,,
MSCI,United States,Financials,A,other,curtail Russian access to capital markets,,,,,,,
MSU S.A.,Poland,Consumer Discretionary,A,suspended,ceased all business activities in Russia,,,,,,,
Maersk,Denmark,Industrials,A,sold,Divested all assets from Russia,,,,,,,
Makrochem SA,Poland,Industrials,A,other,Terminated all business with its Russian and Belarussian counterparts,,,,,,,
Mannheimer Swartling,Sweden,Industrials,A,other,end all operations,,,,,,,
Mantsinen,Finland,Industrials,A,sold,Fully exit Russia after selling its operations,,,,,,,
Marsh McLennan,United States,Financials,A,sold,exit operations in Russia,,,,,,,
Marugame,Japan,Consumer Staples,A,sold,Fully exit Russia and end all franchises operating in Russia,,,,,,,
Maxima,Lithuania,Consumer Discretionary,A,other,Fully remove all Russian products and end Russian business,,,,,,,
Mayr-Melnhof,United Kingdom,Materials,A,sold,Fully exit Russia after selling its operations,,,,,,,
McCain Foods,Canada,Consumer Staples,A,other,end operations in Russia,,,,,,,
McDonald's,United States,Consumer Discretionary,A,sold,leave the Russian market &amp; sell Russian business,,,,,,,
McKinsey,United States,Industrials,A,other,exit Russian market completely,,,,,,,
Mercedes-Benz,Germany,Consumer Discretionary,A,suspended,Stopped manufacturing and exporting and will sell shares in subsidies,,,,,,,
MessageBird,Netherlands,Information Technology,A,other,"shut down API access, block SMS and voice traffic to Russian carriers",,,,,,,
Mondi,United Kingdom,Materials,A,other,sell Russian assets,,,,,,,
Monroe Energy,United States,Energy,A,suspended,stop imports of Russian crude oil,,,,,,,
Moog Inc.,United States,Industrials,A,other,exit Russian operations,,,,,,,
Moose Toys,Australia,Consumer Discretionary,A,other,Ended all shipments to Russia,,,,,,,
Morgan Advanced Materials,United Kingdom,Industrials,A,other,cease all trading with Russia.,,,,,,,
Morgan Lewis,United States,Industrials,A,other,close Russian offices,,,,,,,
Morrisons,United Kingdom,Consumer Staples,A,other,remove products from Russia,,,,,,,
NCAB Group AB,Sweden,Industrials,A,sold,sold assets and ceased operations in Russia,,,,,,,
NTT Data,Japan,Information Technology,A,sold,exit Russia,,,,,,,
Nasdaq,United States,Financials,A,other,curtail Russian access to capital markets,,,,,,,
Naspers,South Africa,Consumer Discretionary,A,sold,Ended Operations. Sold Avito.,,,,,,,
Nemetschek Group,Germany,Information Technology,A,other,No longer engaged in any Russian business,,,,,,,
Nemiroff,Ukraine,Consumer Staples,A,other,Revoke all licenses related to Russia and end all business there,,,,,,,
Netflix,United States,Communication Services,A,suspended,suspend service in Russia,,,,,,,
Netscout,United States,Information Technology,A,suspended,"pause all sales, support, and services in Russia",,,,,,,
Next,United Kingdom,Consumer Discretionary,A,sold,Fully wind down Russian business,,,,,,,
Nike,United States,Consumer Discretionary,A,sold,exit Russia,,,,,,,
Nissan,Japan,Consumer Discretionary,A,other,Exit from Russian Market,,,,,,,
Nokia,Finland,Information Technology,A,other,pulling out of Russia completely,,,,,,,
Nokian Tyres,Finland,Consumer Discretionary,A,other,meaningfully reduce production in Russia,,,,,,,
Nordea Bank,Finland,Financials,A,suspended,Ceased all operations,,,,,,,
Norton Rose Fulbright,United Kingdom,Industrials,A,other,exit from Russia,,,,,,,
Norwegian Cruise Lines,United States,Consumer Discretionary,A,other,discontinue Russian itineraries,,,,,,,
OBI,Germany,Consumer Discretionary,A,sold,Fully exit Russia after selling its operations,,,,,,,
Oceania Cruises,United States,Consumer Discretionary,A,other,discontinue Russian itineraries,,,,,,,
Oerlikon,Switzerland,Materials,A,other,sell Russian operations,,,,,,,
Olam Group,Singapore,Consumer Staples,A,sold,divest Russian operations,,,,,,,
Omnicom Media Group,United States,Communication Services,A,other,exit Russian operations,,,,,,,
Omron,Japan,Information Technology,A,sold,fully wind down Russian business,,,,,,,
OneWeb,United States,Communication Services,A,suspended,suspend use of Russian airspace,,,,,,,
Orica,Australia,Industrials,A,sold,Fully exit Russia after selling its operations,,,,,,,
Orkla,Norway,Consumer Staples,A,other,exit Russian operations,,,,,,,
Orlen Lietuva,Poland,Energy,A,suspended,stopped Russian oil imports,,,,,,,
Orsted,Denmark,Utilities,A,other,end all gas purchases from Russia,,,,,,,
Otis Worldwide,United States,Industrials,A,sold,fully exit Russia through divesting business,,,,,,,
Owens Corning,United States,Industrials,A,other,expedite exit from Russia,,,,,,,
PFZW,Netherlands,Financials,A,sold,divest from all Russian assets,,,,,,,
PGL Esports,United States,Communication Services,A,other,exclusion of esports teams and individuals with connections to the Russian government from upcoming competition,,,,,,,
PHX,United States,Energy,A,sold,Fully exit Russia after selling its operations,,,,,,,
PKO BP,Poland,Financials,A,suspended,suspends transactions with Russian banks transactions in Russian ruble suspended,,,,,,,
PME pensioenfonds,Netherlands,Financials,A,sold,sell off all Russian investments,,,,,,,
PZU SA,Poland,Financials,A,other,reduced position in Russian bonds to zero,,,,,,,
Pandora,Denmark,Consumer Discretionary,A,suspended,suspend all business with Russia and Belarus,,,,,,,
Parker Hannifin,United States,Industrials,A,other,closed our office and warehouse facility in Moscow and no longer do business in this country,,,,,,,
Paul Smith,United Kingdom,Consumer Discretionary,A,other,Leaving Market,,,,,,,
Paulig,Finland,Consumer Staples,A,sold,withdraw from Russia,,,,,,,
Paysera,Lithuania,Financials,A,suspended,Close accounts of Russians and halt transfers to and from Russia,,,,,,,
Pensioenfonds Detailhandel,Netherlands,Financials,A,sold,sell off all Russian investments,,,,,,,
Pentair,United States,Industrials,A,other,exiting its business in Russia,,,,,,,
Petro,Austria,Energy,A,sold,Fully exit Russia after selling its operations,,,,,,,
Petrofac,United Kingdom,Energy,A,other,fully end all business operatins in R,,,,,,,
Pixabay,Germany,Consumer Discretionary,A,other,block Russian access,,,,,,,
Playrix,Ireland,Consumer Discretionary,A,other,Fully end operations in Russia,,,,,,,
Playtika,Israel,Information Technology,A,other,end Russian operations,,,,,,,
Polskie Górnictwo Naftowe i Gazownictwo SA,Poland,Energy,A,suspended,stopped gaz imports,,,,,,,
Ponsse PLC,Finland,Industrials,A,sold,divest Russian operations,,,,,,,
Postnord,Norway,Utilities,A,other,reject all Russian items,,,,,,,
Primo Water,United States,Consumer Staples,A,sold,Withdrew from Russia,,,,,,,
Princess Cruises,United States,Consumer Discretionary,A,other,reject bookings from Russia,,,,,,,
Prio,Portugal,Energy,A,suspended,ceased purchase of any products from Russian or directly related companies,,,,,,,
Publicis Groupe,France,Communication Services,A,other,cede ownership to local affiliates,,,,,,,
Pure Storage,United States,Information Technology,A,sold,fully wind down Russian business,,,,,,,
PwC,United States,Industrials,A,other,leaving Russia completely,,,,,,,
Qantas Airlines,Australia,Industrials,A,other,No longer flies over Russian territory,,,,,,,
R&amp;A,United States,Industrials,A,other,ban on all Russian competition,,,,,,,
RWS,United Kingdom,Industrials,A,sold,Fully wind down Russian business,,,,,,,
Raisio,United States,Consumer Staples,A,sold,Fully exit Russia after selling its operations,,,,,,,
Rational,Germany,Consumer Discretionary,A,other,Closed Russian Business,,,,,,,
Red Hat,United States,Information Technology,A,other,discontinue sales and services in Russia &amp; terminate partnerships,,,,,,,
Reface,Ukraine,Information Technology,A,other,Removed App  and updates of app in Russia,,,,,,,
Refinitiv,United Kingdom,Financials,A,other,end Russian access,,,,,,,
Regent Seven Seas Cruises,United States,Consumer Discretionary,A,other,discontinue Russian itineraries,,,,,,,
Rehau,Switzerland,Consumer Discretionary,A,sold,Fully exit Russia after selling its operations,,,,,,,
Renault,France,Consumer Discretionary,A,other,sell Renault Russia; transfer Moscow factory to city government and partner for local brand production,,,,,,,
Repsol,Spain,Energy,A,sold,Withdrew from Russia,,,,,,,
Resbud,Estonia,Industrials,A,sold,Withdrew from Russia,,,,,,,
Rewe,Germany,Consumer Discretionary,A,other,remove products from Russia from shelves,,,,,,,
Rimi,Latvia,Consumer Discretionary,A,other,remove products from Russia from shelves,,,,,,,
Rio Tinto,Australia,Materials,A,other,Terminated all commercial relationships with Russia,,,,,,,
Rocket Lawyer,United States,Information Technology,A,suspended,suspend Russian and Belarusian access to the platform,,,,,,,
Roku,United States,Communication Services,A,other,remove Kremlin-linked propaganda and ads,,,,,,,
Roland Berger,Germany,Industrials,A,other,end any activity for Russia,,,,,,,
Royal London,United Kingdom,Financials,A,sold,fully divest Russian assets,,,,,,,
Royal Swinkels Family Brewers,Netherlands,Consumer Staples,A,other,Terminated licence contract with MBC,,,,,,,
S Group (Suomen Osuuskauppojen Keskuskunta),Finland,Consumer Staples,A,other,close all operations,,,,,,,
S&amp;P 500 [S&amp;P Dow Jones Indices],United States,Financials,A,other,curtail Russian access to capital markets,,,,,,,
SKF,Sweden,Industrials,A,other,end sales and production in Russia,,,,,,,
SMAY,Poland,Industrials,A,other,end cooperation with Russia,,,,,,,
SRV,Finland,Industrials,A,sold,Sold its last remaining asset in Russia,,,,,,,
Salesforce,United States,Industrials,A,other,exit business relationships in Russia,,,,,,,
Sarantis Group,Greece,Consumer Staples,A,sold,Permanent withdrawal from Russian market,,,,,,,
Savills,United Kingdom,Real Estate,A,other,end partnerships in Russia,,,,,,,
Schneider Electric,France,Industrials,A,other,sell Russian assets to local management and exit completely,,,,,,,
Senior PLC,United Kingdom,Industrials,A,other,cease servicing Russian aircraft,,,,,,,
Sidley Austin,United States,Industrials,A,other,end all Russian relationships,,,,,,,
Siemens,Germany,Industrials,A,other,exit Russian market,,,,,,,
Slack,United States,Information Technology,A,other,exit Russian market completely,,,,,,,
Smurfit Kappa,Ireland,Materials,A,other,exit Russian market,,,,,,,
Societe Generale,France,Financials,A,other,cessation of all activities in Russia,,,,,,,
Sodexo,France,Industrials,A,other,ceded control of its operations in Russia,,,,,,,
SoftwareOne,Switzerland,Information Technology,A,sold,Fully exit Russia after selling its operations,,,,,,,
Sonos,United States,Consumer Discretionary,A,suspended,ceased all sales to this market at the onset of the war and blocked Russian state radio,,,,,,,
Spin Master,Canada,Consumer Discretionary,A,sold,fully exit Russia,,,,,,,
Squire Patton Boggs,United States,Industrials,A,other,leave Russia,,,,,,,
Stanley Black &amp; Decker,United States,Industrials,A,other,shut down Russian business,,,,,,,
Starbucks,United States,Consumer Discretionary,A,other,exit and no longer have a brand presence in Russia,,,,,,,
State Street,United States,Financials,A,other,curtail Russian access to capital markets,,,,,,,
Stora Enso,Finland,Materials,A,sold,divest packaging plants,,,,,,,
Storebrand,Norway,Financials,A,sold,divest all Russian holdings,,,,,,,
Strabag,Austria,Industrials,A,sold,winding down operations in Russia; terminating shareholder syndicate agreements with Deripaska,,,,,,,
Strava,United States,Information Technology,A,other,disable access in Russia,,,,,,,
Sulzer,Switzerland,Industrials,A,other,exit Russian market,,,,,,,
Svenska Handelsbanken,Sweden,Financials,A,sold,divest from all Russian investments,,,,,,,
Sylvamo,United States,Materials,A,sold,Sold operations in Russia,,,,,,,
Systembolaget,Sweden,Consumer Discretionary,A,other,remove all Russian alcohol from stores,,,,,,,
Sæplast,Iceland,Materials,A,suspended,Stopped all operations in Russia,,,,,,,
TDZ Turn,Czech Republic,Industrials,A,suspended,fully stopped trade with Russia,,,,,,,
TJ Maxx,United States,Consumer Discretionary,A,sold,divest Familia subsidiary,,,,,,,
TUI,Germany,Consumer Discretionary,A,sold,end brand-sharing agreement; had already exited,,,,,,,
Tata Steel,India,Materials,A,other,Replaced all Russian raw materials for operations; no presence in Russia,,,,,,,
Tchibo,Germany,Consumer Staples,A,other,sell Russian subsidiary,,,,,,,
TeamViewer,Germany,Information Technology,A,sold,withdraw from Russia/Belarus,,,,,,,
Technip Energies,France,Energy,A,other,No new business. Signed exit agreement on Arctic LNG 2,,,,,,,
Teknos,Finland,Industrials,A,sold,Fully exit Russia after selling its operations,,,,,,,
Teknotherm Marine HVAC sp. z o.o.,Poland,Industrials,A,sold,complete withdrawal from Russia,,,,,,,
Teleperformance,France,Communication Services,A,sold,Withdrew from Russia,,,,,,,
Teradata,United States,Information Technology,A,suspended,stopped all business in Russia and ceased customer interactions and services with all Russian accounts.,,,,,,,
Terex Corporation,United States,Industrials,A,sold,fully withdraw from Russia,,,,,,,
Tetra Pak,Sweden,Industrials,A,other,completely left Russia,,,,,,,
Tietoevry,Finland,Information Technology,A,other,conclude total exit from Russia,,,,,,,
Tom Ford,United States,Consumer Discretionary,A,suspended,We have ceased all marketing and advertising,,,,,,,
Topsoe,Denmark,Energy,A,sold,Fully wind down all Russian business,,,,,,,
Toyota,Japan,Consumer Discretionary,A,suspended,stop production at its St. Petersburg plant and stop imports of vehicles,,,,,,,
Trane Technologies,Ireland,Industrials,A,sold,suspend all business activities indefinitely &amp; exit Russia,,,,,,,
TransferGo,United Kingdom,Financials,A,other,End all remittances to Russia,,,,,,,
Trimble,United States,Information Technology,A,other,Discontinue business operations in Russia,,,,,,,
TripAdvisor,United States,Communication Services,A,other,remove Kremlin-linked propaganda and ads,,,,,,,
Triumph Motorcycles,United Kingdom,Consumer Discretionary,A,other,Discontinued commercial activity in Russia,,,,,,,
Tunnock's,United Kingdom,Consumer Staples,A,other,discontinue supplies to Russia,,,,,,,
UEFA,Switzerland,NGO,A,other,ban Russian athletes from competing,,,,,,,
Uber,United States,Information Technology,A,sold,divest from partnership with Yandex,,,,,,,
Umbro,United Kingdom,Consumer Discretionary,A,sold,withdrawal from the Russian market,,,,,,,
Unilever,United Kingdom,Consumer Staples,A,sold,completed the sale of its Russian subsidiary to Arnest Group. The completion of the sale ends Unilever presence in Russia.,,,,,,,
United Airlines,United States,Industrials,A,other,no flying over Russian airspace,,,,,,,
United Internet Group,Germany,Information Technology,A,suspended,suspend all Russian contracts,,,,,,,
Universal,United States,Communication Services,A,sold,closing operations in Russia,,,,,,,
Uponor,Finland,Industrials,A,other,Completes Exit,,,,,,,
VTG,Germany,Industrials,A,sold,Fully exit Russia after selling its operations,,,,,,,
Vaillant Group,Germany,Industrials,A,other,Terminated business activities in Russia,,,,,,,
Valeo,France,Consumer Discretionary,A,other,No longer have any industrial activities,,,,,,,
Valio,Finland,Consumer Staples,A,other,sell business and Viola brand to Velcom,,,,,,,
Valmet,Finland,Industrials,A,other,exit from Russia,,,,,,,
Van Oord,Netherlands,Industrials,A,sold,Full withdrawal from Russia,,,,,,,
VanEck,United States,Financials,A,other,liquidate Russian ETFs,,,,,,,
Vanguard,United States,Financials,A,suspended,suspend operations in Russia,,,,,,,
Velux,Denmark,Consumer Discretionary,A,sold,permanently close operations in Russia and Belarus,,,,,,,
Veon,Netherlands,Communication Services,A,sold,Fully divested from Russia and sale of its Russian business approved,,,,,,,
Vestas,Denmark,Energy,A,sold,Fully Withdrawn from Russia,,,,,,,
Vianor,Finland,Consumer Discretionary,A,other,terminate contract with Russian subsidiary,,,,,,,
Vinmonopolet,Norway,Consumer Staples,A,suspended,"stop sales of all Russian wine, spirits and strong beers in Norway",,,,,,,
Visteon,United States,Consumer Discretionary,A,suspended,Ceased business activity in Russia,,,,,,,
Vodafone,United Kingdom,Information Technology,A,suspended,suspend partner agreement with MTS,,,,,,,
Volaris Group,Canada,Information Technology,A,other,discontinue sales and support to Russia,,,,,,,
Volfas Engelman,Lithuania,Consumer Staples,A,sold,suspend investment and withdraw from Russian market,,,,,,,
Vorwerk Group,,,A,suspended,Stopped all product deliveries,,,,,,,
WIKA,Germany,Industrials,A,suspended,Suspended business in Russia,,,,,,,
WPP PLC,United Kingdom,Communication Services,A,other,leave Russia,,,,,,,
Waitrose,United Kingdom,Consumer Staples,A,other,remove products from Russia,,,,,,,
Walker's Shortbread,United Kingdom,Consumer Staples,A,other,cancel all future orders to Russia,,,,,,,
Wallenius Wilhelmsen,Norway,Consumer Discretionary,A,other,End all operations in Russia,,,,,,,
Wargaming,Belarus,Consumer Discretionary,A,sold,close operations; transfer of some business,,,,,,,
Wartsila,Finland,Industrials,A,other,Ended Activity,,,,,,,
WePlay,United States,Consumer Discretionary,A,other,terminate all Russian operations,,,,,,,
Wear Medicine,Poland,Consumer Discretionary,A,other,terminate cooperation with Russian partners,,,,,,,
Weir Group,United Kingdom,Industrials,A,sold,wind down Russian business in 2022,,,,,,,
Wex Inc.,United States,Information Technology,A,other,ending relationship with Lukoil and subsidiaries,,,,,,,
White &amp; Case,United States,Industrials,A,sold,wind down Russian operations,,,,,,,
Wienerberger,Austria,Industrials,A,sold,Fully exit Russia after selling its operations,,,,,,,
Willis Towers Watson,United Kingdom,Financials,A,sold,Fully exit Russia and transfer ownership to local management,,,,,,,
Windstar Cruises,United States,Consumer Discretionary,A,other,Cancel all Russian cruises,,,,,,,
Winston &amp; Strawn,United States,Industrials,A,other,Close Russian office,,,,,,,
Women's Tennis Association,United States,NGO,A,suspended,Suspend Russian partnerships,,,,,,,
World Athletics Council,United States,NGO,A,other,Ban on all Russian competition,,,,,,,
World Boxing Association,Panama,NGO,A,other,Ban on all Russian competition,,,,,,,
World Boxing Organization,United States,NGO,A,other,Ban on all Russian competition,,,,,,,
World Rowing Federation,United States,NGO,A,other,Ban on all Russian competition,,,,,,,
World Rugby Union,Ireland,NGO,A,other,Ban on all Russian competition,,,,,,,
YIT,Finland,Industrials,A,other,Exits Russia projects,,,,,,,
ZET Chemie,Germany,Materials,A,other,still operating in Russia,,,,,,,
ZF Friedrichshafen,Germany,Consumer Discretionary,A,other,Ended all business in Russia,,,,,,,
Zepz,United Kingdom,Financials,A,other,Disable all Russian transactions,,,,,,,
Zott,Germany,Consumer Staples,A,other,discontinue business in preparation for liquidation,,,,,,,
Zurich Insurance Group,Switzerland,Financials,A,sold,sell Russian business to local team and exit market,,,,,,,
Zwack,Hungary,Consumer Staples,A,other,Terminated Business in Russia,,,,,,,
edX (2U),United States,Information Technology,A,sold,withdraw from all Russian partnerships,,,,,,,
3M,United States,Industrials,B,suspended,suspend operations in Russia,,,,,,,
ACCA,United Kingdom,Industrials,B,suspended,suspend operations in Russia and Belarus,,,,,,,
ADEO | Leroy Merlin,France,Consumer Discretionary,B,other,Will transfer control of Leroy Merlin,,,,,,,
ADP,United States,Information Technology,B,suspended,suspend sales/services to Russia,,,,,,,
AICPA,United States,Industrials,B,sold,suspend sale and delivery of services indefinitely,,,,,,,
AL-KO Vehicle Technology,Germany,Consumer Discretionary,B,suspended,suspend deliveries to Russia and Belarus,,,,,,,
AM Best,United States,Information Technology,B,suspended,suspend all commercial activities to Russian clients,,,,,,,
AMD,United States,Information Technology,B,suspended,suspend all sales to Russia,,,,,,,
ARM,United Kingdom,Information Technology,B,suspended,suspend shipments according to sanctions,,,,,,,
AXA,France,Financials,B,suspended,stop underwriting new insurance &amp; stop renewals,,,,,,,
AXA Investments Managers,France,Financials,B,suspended,pause investments &amp; prohibit new subscriptions,,,,,,,
Abrdn,United Kingdom,Financials,B,suspended,suspend investments in Russia and reduce exposure,,,,,,,
Acer,Taiwan,Information Technology,B,suspended,suspend its business in Russia,,,,,,,
Acne Studios,Sweden,Consumer Discretionary,B,other,put all Russian activities on hold,,,,,,,
Adamed,Poland,Health Care,B,suspended,halt sales and production in Russia,,,,,,,
Air Astana,Kazakhstan,Industrials,B,suspended,suspend flights to Russia,,,,,,,
Air France,France,Industrials,B,suspended,halt flight to and from Russia,,,,,,,
Air Malta,Malta,Industrials,B,suspended,suspend all flights to and from Russia,,,,,,,
Airbnb,United States,Consumer Discretionary,B,other,block bookings and block accepting guests in Russia,,,,,,,
Akamai,United States,Information Technology,B,suspended,suspend sales in Russia,,,,,,,
Akin Gump,United States,Industrials,B,suspended,suspend operations in Russia,,,,,,,
Alaska Airlines,United States,Industrials,B,suspended,temporarily suspend partnership with Russian airline,,,,,,,
Alimentation Couche-Tard,Canada,Consumer Staples,B,suspended,suspend operations,,,,,,,
Alstom,France,Industrials,B,suspended,suspend shipments to Russia,,,,,,,
Amazon,United States,Consumer Discretionary,B,suspended,suspend operations in Russia,,,,,,,
Ambarella,United States,Information Technology,B,suspended,suspend shipments into Russia,,,,,,,
Amdocs,United States,Information Technology,B,suspended,stop all new sales of product and services in Russia,,,,,,,
Amer Sports,Finland,Consumer Discretionary,B,other,Intention to discontinue business in Russia,,,,,,,
American Express,United States,Financials,B,suspended,suspend operations in Russia,,,,,,,
Amica,Poland,Consumer Discretionary,B,suspended,suspended Russian exports,,,,,,,
Analog Devices,United States,Information Technology,B,suspended,suspend sales to Russia according to sanctions,,,,,,,
Ansys,United States,Information Technology,B,suspended,suspend all sales and business activity,,,,,,,
Aon PLC,United Kingdom,Financials,B,suspended,suspend operations in Russia,,,,,,,
Apple,United States,Information Technology,B,suspended,suspend all official site sales; turn off select apps and services,,,,,,,
Arla,Denmark,Consumer Staples,B,other,suspends all operations,,,,,,,
Asian Infrastructure Investment Bank,China,Financials,B,other,curtail Russian access to capital markets,,,,,,,
Asos,United Kingdom,Consumer Discretionary,B,suspended,suspend all shipments to Russia,,,,,,,
Association of International Certified Professional Accountants,United States,Industrials,B,other,indefinite suspension of services within Russia,,,,,,,
Aston Martin,United Kingdom,Consumer Discretionary,B,suspended,suspend all shipments to Russia,,,,,,,
Asus,Taiwan,Information Technology,B,suspended,suspend shipments to Russia,,,,,,,
Atlassian,Australia,Information Technology,B,suspended,Suspended software sales to Russia,,,,,,,
Audi,Germany,Consumer Discretionary,B,suspended,suspend operations at Kaluga assembly plant,,,,,,,
Australia Post,Australia,Communication Services,B,suspended,Suspend all business with Russia,,,,,,,
Austrian Airlines,Austria,Industrials,B,other,Cancel Russian flights until July,,,,,,,
Autodesk,United States,Information Technology,B,suspended,suspend operations in Russia,,,,,,,
Avast,Czech Republic,Information Technology,B,suspended,suspend all operations in Russia,,,,,,,
Axis Communication,Sweden,Consumer Discretionary,B,suspended,Suspend all product shipments to Russia,,,,,,,
Azerbaijan Airlines,Azerbaijan,Industrials,B,suspended,suspend flights to Russia,,,,,,,
B Lab,United States,NGO,B,suspended,suspend Russian companies from obtaining certifications,,,,,,,
BCG,United States,Industrials,B,suspended,suspend operations; Moscow office ope,,,,,,,
BMC,United States,Information Technology,B,suspended,suspend all business with Russia &amp; Belarus,,,,,,,
BMW,Germany,Consumer Discretionary,B,suspended,suspend exports to and production in Russia,,,,,,,
BNP Paribas,France,Financials,B,suspended,suspend new business in Russia/curtail financing,,,,,,,
BUDVAR Centrum Sp. z.o.o.,Poland,Industrials,B,suspended,Suspended Activity,,,,,,,
Badminton World Federation,Malaysia,NGO,B,other,cancel all tournaments,,,,,,,
Bain,United States,Industrials,B,suspended,suspend consulting for all Russian businesses,,,,,,,
Bang &amp; Olufsen,Denmark,Information Technology,B,suspended,suspended deliveries and sales to Russia,,,,,,,
Bank of China,China,Financials,B,other,curtail Russian access to capital markets,,,,,,,
Bentley,United States,Consumer Discretionary,B,suspended,suspend all shipments to Russia,,,,,,,
Big Fish Games,United States,Communication Services,B,suspended,suspend downloadable game business in Russia,,,,,,,
Bitdefender,Romania,Information Technology,B,suspended,suspend all sales to Russia,,,,,,,
BlackBerry,Canada,Information Technology,B,other,cease all activities in Russia,,,,,,,
Boeing,United States,Industrials,B,suspended,suspend operations in Russia/titanium purchases,,,,,,,
Bombardier,Canada,Industrials,B,other,restrict Russian business,,,,,,,
Boohoo Group,United Kingdom,Consumer Discretionary,B,suspended,suspend all shipments to Russia,,,,,,,
Boosteroid Cloud Gaming,United Arab Emirates,Information Technology,B,suspended,suspend services to Russia,,,,,,,
Boryszew,Poland,Materials,B,suspended,suspended operations in Russia,,,,,,,
Brav,Norway,Consumer Discretionary,B,suspended,suspend sales and operations in Russia,,,,,,,
Bridgestone Tire,Japan,Consumer Discretionary,B,suspended,suspend manufacturing in Russia and shipments into,,,,,,,
Brinks,United States,Consumer Discretionary,B,suspended,Suspended business in Russia,,,,,,,
British Airways,United Kingdom,Industrials,B,other,cancel Russian flights,,,,,,,
Brown-Forman,United States,Consumer Staples,B,suspended,suspend commercial operations in Russia,,,,,,,
Brunico Communications,Canada,Communication Services,B,other,Put all business with Russia on hold,,,,,,,
Budweiser Budvar,Czech Republic,Consumer Staples,B,other,suspends production and supply of beer,,,,,,,
Bulgaria Air,Bulgaria,Industrials,B,suspended,suspend flights to Russia,,,,,,,
Bulgarian Postbank,Bulgaria,Financials,B,suspended,stop operations in Russian ruble,,,,,,,
Burberry,United Kingdom,Consumer Discretionary,B,suspended,suspend all shipments to Russia,,,,,,,
Buta Airways,Azerbaijan,Industrials,B,suspended,suspend flights to Russia,,,,,,,
CBRE,United States,Real Estate,B,other,discontinue Russian business,,,,,,,
CME Group,United States,Financials,B,suspended,suspend acceptance of certain Russian commodities,,,,,,,
CNH Industrial,United Kingdom,Industrials,B,suspended,suspend sales to Russia,,,,,,,
Callaway Golf,United States,Consumer Discretionary,B,suspended,Suspended business in Russia,,,,,,,
Canada Goose,Canada,Consumer Discretionary,B,suspended,suspend all shipments to Russia,,,,,,,
Canadian Tire,Canada,Consumer Discretionary,B,other,close Russia stores,,,,,,,
Canon,Japan,Information Technology,B,suspended,suspend deliveries in Russia,,,,,,,
Canonical,United Kingdom,Information Technology,B,suspended,suspend support &amp; professional services,,,,,,,
Capgemini,France,Information Technology,B,suspended,stop services to Russia,,,,,,,
Cargolux,Luxembourg,Industrials,B,suspended,suspend all shipments into and through Russia,,,,,,,
Ceratizit,Luxembourg,Industrials,B,suspended,Stop all deliveries to Russia and Belarus. Still distributes through distributors,,,,,,,
Chemours,United States,Materials,B,suspended,Suspended business in Russia,,,,,,,
Chevron,United States,Energy,B,other,"Pausing all transactions and sales of refining products, lubricants, and chemicals",,,,,,,
Chipperfield,United Kingdom,Industrials,B,suspended,suspend operations in Russia,,,,,,,
Chopard,Switzerland,Consumer Discretionary,B,suspended,Suspend all Russian diamond purchases,,,,,,,
Cie Automotives,Spain,Consumer Discretionary,B,other,temporarily shut down aluminum plant,,,,,,,
Ciena,United States,Communication Services,B,suspended,suspend business operations in Russia,,,,,,,
Citrix,United States,Information Technology,B,suspended,suspend all sales to Russia,,,,,,,
Cleary Gottlieb,United States,Industrials,B,suspended,suspend Russian operations,,,,,,,
Clorox,United States,Consumer Staples,B,suspended,suspend business activity in Russia,,,,,,,
Clutch,United States,Industrials,B,suspended,suspend all business activity,,,,,,,
Cogent Communications,United States,Communication Services,B,other,cut all internet to Russia,,,,,,,
Columbia Sportswear,United States,Consumer Discretionary,B,suspended,pause taking any new orders from Russian distributor &amp; remove future sales,,,,,,,
Commerzbank,Germany,Financials,B,suspended,suspend operations in Russia,,,,,,,
Conde Nast,United States,Communication Services,B,suspended,suspend all publishing operations,,,,,,,
Conformis,United States,Health Care,B,suspended,suspend distribution operations in Russia,,,,,,,
Costco,United States,Consumer Discretionary,B,suspended,stopped purchases from Russia,,,,,,,
Coupa,United States,Information Technology,B,suspended,suspend operations in Russia,,,,,,,
Coursera,United States,Consumer Discretionary,B,suspended,platform available; refrain from financial benefits from the region; suspend some content,,,,,,,
Credit Agricole,France,Financials,B,suspended,suspend all services in Russia,,,,,,,
Criteo,France,Consumer Discretionary,B,other,Discontinued Operations,,,,,,,
Crocs,United States,Consumer Discretionary,B,suspended,suspend D2C business,,,,,,,
Curve,United Kingdom,Financials,B,other,no longer allow Russian payment cards &amp; transaction in RUB,,,,,,,
Cyprus Airways,Cyprus,Industrials,B,suspended,suspend flights to Russia,,,,,,,
DACHSER,Germany,Industrials,B,other,End all transports to Russia,,,,,,,
DAF,Netherlands,Consumer Discretionary,B,suspended,Suspend business in Russia,,,,,,,
DHL,Germany,Industrials,B,suspended,suspend all shipments to Russia,,,,,,,
DJI,China,Information Technology,B,suspended,stop selling drones in Russia,,,,,,,
DKV Mobility,Germany,Information Technology,B,suspended,stop all activity for Russian domestic business,,,,,,,
DSV A/S,Denmark,Industrials,B,suspended,suspend all shipments to Russia,,,,,,,
Daimler Truck,Germany,Consumer Discretionary,B,other,freeze activities in Russia,,,,,,,
Damen,Netherlands,Industrials,B,suspended,"stop supplying ships to Russia, halt new contracts",,,,,,,
Danaher,United States,Health Care,B,suspended,suspended shipments to Russia except for humanitarian medical products,,,,,,,
Danone,France,Consumer Staples,B,other,Announced Transfer,,,,,,,
Danske Bank,Denmark,Financials,B,suspended,suspend operations in Russia,,,,,,,
Dassault Aviation,France,Industrials,B,suspended,suspend all shipments to Russia,,,,,,,
Dassault Systèmes,France,Information Technology,B,suspended,suspend business operations in Russia,,,,,,,
Debevoise &amp; Plimpton,United States,Industrials,B,sold,Wind down Russia operations; local partners and counsel open Russian business,,,,,,,
Decathlon,France,Consumer Discretionary,B,suspended,suspend the operation of its stores in Russia,,,,,,,
Deckers,United States,Consumer Discretionary,B,suspended,suspend business in Russia,,,,,,,
Demant,Denmark,Health Care,B,suspended,suspend all trade with Russia,,,,,,,
Denso,Japan,Consumer Discretionary,B,suspended,suspend all shipments into Russia,,,,,,,
Depositphotos,Ukraine,Consumer Discretionary,B,suspended,stop all sales and services to Russia,,,,,,,
Diadora,Italy,Consumer Discretionary,B,suspended,suspend contracts with Russian commercial partners,,,,,,,
Diageo,United Kingdom,Consumer Staples,B,suspended,suspend all shipments to Russia,,,,,,,
Diebold Nixdorf,United States,Information Technology,B,suspended,suspend shipments and sales of any kind into Russia.,,,,,,,
DirecTV,United States,Communication Services,B,other,cut Kremlin backed TV networks,,,,,,,
Discover,United States,Communication Services,B,suspended,suspend efforts to establish Russian presence,,,,,,,
Discovery,United States,Communication Services,B,suspended,Suspend Russian access,,,,,,,
Disney,United States,Communication Services,B,suspended,pause new content releases,,,,,,,
Dreamstime,United States,Communication Services,B,other,restrict download plans and payments for Russian customers,,,,,,,
DuPont,United States,Materials,B,suspended,suspend operations in Russia and Belarus,,,,,,,
Dyson,Singapore,Consumer Discretionary,B,suspended,Suspend business in Russia,,,,,,,
ECFMG,United States,Industrials,B,suspended,Suspend Russian certifications,,,,,,,
EDF,France,Utilities,B,suspended,suspend Moscow office,,,,,,,
ESET,Slovakia,Information Technology,B,suspended,suspend all sales to Russia,,,,,,,
Edrington,United Kingdom,Consumer Staples,B,suspended,suspend all shipments to Russia,,,,,,,
Egon Zehnder,United States,Industrials,B,suspended,stop operations in Russia,,,,,,,
Electrolux,Sweden,Consumer Discretionary,B,other,suspending all shipments into Russia,,,,,,,
Elsevier,Netherlands,Communication Services,B,sold,Winding down all operations in Russia,,,,,,,
Embraer,Brazil,Industrials,B,suspended,suspend supplying parts and services to Russia,,,,,,,
Epiroc,Sweden,Consumer Staples,B,suspended,pause all deliveries to Russia and no operations domestically,,,,,,,
Eppendorf SE,Germany,Health Care,B,suspended,suspend exports to Russia; keep rep office open,,,,,,,
Epson,Japan,Consumer Discretionary,B,suspended,suspend exports to Russia &amp; Belarus,,,,,,,
Equinix,United States,Real Estate,B,suspended,suspend Russian partnerships and customers,,,,,,,
Ericsson,Sweden,Information Technology,B,suspended,suspend all shipments to Russia,,,,,,,
Esri,United Kingdom,Information Technology,B,other,Suspending all sales of products and services.,,,,,,,
Estee Lauder,United States,Consumer Staples,B,suspended,suspend operations in Russia,,,,,,,
Etex,Belgium,Communication Services,B,suspended,Suspended business in Russia,,,,,,,
Eurasian Resources Group,Luxembourg,Materials,B,suspended,Suspend substantively all Russian commodities purchases,,,,,,,
European University Association,Belgium,NGO,B,other,cease cooperation with governmental agencies in Russia,,,,,,,
Exiger,United States,Industrials,B,other,halting all activity and due diligence in Russia,,,,,,,
Exor,Netherlands,Financials,B,other,holding company's assets are suspending operations,,,,,,,
FANUC,Japan,Industrials,B,suspended,"Totally suspend all shipments, services and maintenance in Russia",,,,,,,
FIBA,Switzerland,NGO,B,other,ban Russian teams and officials from participating in basketball events,,,,,,,
FIFA,Switzerland,Industrials,B,other,ban Russian athletes from competing,,,,,,,
Famur,Poland,Industrials,B,suspended,suspend Russian exports,,,,,,,
Farfetch,United Kingdom,Consumer Discretionary,B,suspended,suspend all shipments to Russia,,,,,,,
FedEx,United States,Industrials,B,suspended,suspend all shipments to Russia,,,,,,,
Ferragamo,Italy,Consumer Discretionary,B,suspended,suspend all shipments to Russia,,,,,,,
Ferrari,Italy,Consumer Discretionary,B,suspended,suspend sales in Russia,,,,,,,
Fidelity,United States,Financials,B,suspended,Suspend trading of Russian securities,,,,,,,
Finnlines,Finland,Industrials,B,suspended,suspend all traffic to Russia,,,,,,,
Fitch,United States,Financials,B,suspended,suspend operations in Russia,,,,,,,
Fiverr,Israel,Consumer Discretionary,B,suspended,suspend business,,,,,,,
Fluidra,Spain,Industrials,B,suspended,Stopped busisness. In process of selling subsidaries,,,,,,,
Forest Stewardship Council (FSC),Germany,NGO,B,suspended,suspend all trading certificates in Russia &amp; Belarus and block all controlled wood sourcing from the two countries,,,,,,,
Fortinet,United States,Information Technology,B,suspended,suspend operations in Russia,,,,,,,
Foster + Partners,United Kingdom,Industrials,B,suspended,stop work on projects in Russia,,,,,,,
Fujitsu,Japan,Information Technology,B,other,cease orders and shipments to Russia,,,,,,,
Fédération Internationale de Motocyclisme,Switzerland,NGO,B,other,"ban Russian, Belarusian licence holders",,,,,,,
Ganni,Denmark,Consumer Discretionary,B,other,freeze all trade with Russia,,,,,,,
Gap Inc,United States,Consumer Discretionary,B,suspended,stopped shipments to franchisees in Russia,,,,,,,
Gasum,Finland,Energy,B,suspended,Suspend all purchases from Russia,,,,,,,
Generac,United States,Industrials,B,suspended,Suspend all business in Russia,,,,,,,
Gestamp,Spain,Consumer Discretionary,B,suspended,stopped production,,,,,,,
GetYourGuide,Switzerland,Consumer Discretionary,B,suspended,suspend all Russian operations,,,,,,,
Goodyear,United States,Consumer Discretionary,B,suspended,suspend shipments of tires to Russia,,,,,,,
Grainpro,United States,Materials,B,suspended,suspend all operations in Russia,,,,,,,
Grammarly,United States,Information Technology,B,other,block users located in Russia and Belarus from using products or services,,,,,,,
Graphisoft,Hungary,Information Technology,B,suspended,"suspended new activities, disabled access to our commercial services in Russia",,,,,,,
Grupa Azoty,Poland,Materials,B,suspended,stopped exporting its products to Russia or Belarus,,,,,,,
Grupo Antolín,Spain,Consumer Discretionary,B,suspended,suspend operations in Russia,,,,,,,
Grupo Bimbo,Mexico,Consumer Staples,B,suspended,"Suspended distribution of the Bimbo Brand at retail, but left Moscow Bimbo QSR plant operating for food service products",,,,,,,
HARIBO,Germany,Consumer Staples,B,suspended,suspend production to Russia,,,,,,,
HHLA,Germany,Financials,B,suspended,suspend entry of Russian shipments at owned ports,,,,,,,
HMM,South Korea,Industrials,B,suspended,suspend all shipments to Russia,,,,,,,
Hannover Re,Germany,Financials,B,suspended,halt underwriting business,,,,,,,
Hapag Lloyd,Germany,Industrials,B,suspended,suspend all shipments to Russia,,,,,,,
Harley-Davidson,United States,Consumer Discretionary,B,other,suspending all business in Russia,,,,,,,
Hasbro,United States,Consumer Discretionary,B,suspended,pause toy shipments of Russia,,,,,,,
Heraeus,Germany,Industrials,B,suspended,stop goods and money flows to Russia,,,,,,,
Herbalife,United States,Consumer Staples,B,suspended,suspend sales and shipments to Russia,,,,,,,
Hermes,France,Consumer Discretionary,B,suspended,suspend all operations in Russia,,,,,,,
Herzog &amp; de Meuron,Switzerland,Industrials,B,suspended,suspend work on Russian projects,,,,,,,
Hexagon,Sweden,Information Technology,B,other,freeze all business activities,,,,,,,
Hindalco,India,Materials,B,suspended,suspend operations,,,,,,,
Hitachi Construction,Japan,Industrials,B,suspended,suspend all shipments to Russia,,,,,,,
Honda,Japan,Consumer Discretionary,B,suspended,suspend all shipments to Russia,,,,,,,
Honey Group,Finland,Consumer Staples,B,suspended,suspend sales to Russia,,,,,,,
Hugo Boss,Germany,Consumer Discretionary,B,other,temporarily close stores and e-commerce sites,,,,,,,
Hunkemoller,Netherlands,Consumer Discretionary,B,suspended,suspend operations of on-site and online stores,,,,,,,
Husqvarna,Sweden,Consumer Discretionary,B,suspended,stop exports to Russia &amp; halt investments,,,,,,,
Hyundai,South Korea,Consumer Discretionary,B,suspended,suspend manufacturing in Russia,,,,,,,
ICBC,China,Financials,B,other,curtail Russian access to capital markets,,,,,,,
Iberia,Spain,Industrials,B,other,canceling flights to Russia,,,,,,,
Icecat,Netherlands,Industrials,B,other,suspends activities for the Russian market,,,,,,,
Illinois Tool Works,United States,Industrials,B,other,suspension of sales to Russia,,,,,,,
Indeed,United States,Information Technology,B,suspended,suspend service in Russia,,,,,,,
Institute of Internal Auditors,United States,Industrials,B,suspended,suspend business in Russia,,,,,,,
Intel,United States,Information Technology,B,suspended,suspend sales to Russia,,,,,,,
Interactive Advertising Bureau,United States,Industrials,B,suspended,suspend licensing in Russia and Belarus,,,,,,,
Intercomm Foods,Greece,Consumer Staples,B,other,Stopping shipments to Russia,,,,,,,
International Canoe Federation,Switzerland,NGO,B,suspended,suspend Russian athletes &amp; relocate Russian events,,,,,,,
International Federation of Sport Climbing,Italy,NGO,B,suspended,suspend Russian teams from participation; suspend Russian events,,,,,,,
International Tennis Federation,United Kingdom,NGO,B,suspended,suspend Russian partnerships,,,,,,,
Intertek,United States,Industrials,B,suspended,suspend operations,,,,,,,
Intuit,United States,Information Technology,B,suspended,suspend customer accounts,,,,,,,
Isuzu,Japan,Consumer Discretionary,B,suspended,Suspend business in Russia,,,,,,,
JCB,United Kingdom,Industrials,B,suspended,pause business in Russia,,,,,,,
Jablotron,Czech Republic,Consumer Discretionary,B,other,halts sales and blocks data services to products assembled in  Russia,,,,,,,
Japan Credit Bureau (JCB),Japan,Financials,B,suspended,suspend operations in Russia,,,,,,,
Johnson Controls,Ireland,Industrials,B,suspended,suspend operations in Russia,,,,,,,
Julipedra,Portugal,Materials,B,suspended,suspended exports to Russia,,,,,,,
Jungheinrich,Germany,Industrials,B,suspended,keep Russia office; stop exports to Russia,,,,,,,
Juniper Networks,United States,Information Technology,B,suspended,suspend sales in Russia,,,,,,,
KBC Group,Belgium,Financials,B,suspended,suspend transactions with certain Russian banks,,,,,,,
KGHM,Poland,Materials,B,suspended,"suspended Russian contracts, subsidiary ZANAM Vostok in Russia",,,,,,,
KLM,Netherlands,Industrials,B,other,cancel flights to and from Russia,,,,,,,
KONE,Finland,Industrials,B,suspended,suspend deliveries to Russia &amp; stop new Russian orders,,,,,,,
KUKA,Germany,Industrials,B,suspended,suspend all business with Russia,,,,,,,
Kepenou Mills,Greece,Consumer Staples,B,suspended,stop wheat orders from Russia,,,,,,,
Kering,France,Consumer Discretionary,B,other,close all stores in Russia,,,,,,,
Kerry Group,Ireland,Consumer Staples,B,other,suspending operations,,,,,,,
Kingston,United States,Information Technology,B,suspended,suspend shipments to Russia,,,,,,,
Kodak Alaris,United Kingdom,Information Technology,B,suspended,suspend all business activity into Russia &amp; Belarus,,,,,,,
Komatsu,Japan,Industrials,B,suspended,suspend all shipments to Russia,,,,,,,
Konecranes,Finland,Industrials,B,suspended,stop all orders from Russia,,,,,,,
Konica Minolta,Japan,Consumer Discretionary,B,suspended,new shipments suspended,,,,,,,
Korean Air Lines,South Korea,Industrials,B,other,no flying over Russian airspace; Russian flights cancelled,,,,,,,
Korn Ferry,United States,Industrials,B,suspended,suspend business in Russia,,,,,,,
Krombacher,Germany,Consumer Staples,B,suspended,stopped exports to Russia,,,,,,,
Kronospan,Austria,Materials,B,other,Separated out all business activities in Russia,,,,,,,
Kubota,Japan,Industrials,B,other,cancel production of equipment orders from Russian,,,,,,,
Kurokesu,Lithuania,Consumer Discretionary,B,suspended,suspend shipments to Russia,,,,,,,
Kyocera,Japan,Information Technology,B,suspended,suspend deliveries of all devices to Russia,,,,,,,
Kärcher,Germany,Consumer Discretionary,B,suspended,suspend exports to Russia &amp; halt investments,,,,,,,
Körber,Germany,Industrials,B,suspended,suspend new business with Russia,,,,,,,
L'Oreal,France,Consumer Discretionary,B,suspended,suspend operations in Russia,,,,,,,
LCBO,Canada,Consumer Staples,B,suspended,suspend Russian-produced products,,,,,,,
LG Electronics,South Korea,Information Technology,B,suspended,suspend new product shipments to Russia,,,,,,,
LUSH,United Kingdom,Consumer Discretionary,B,suspended,suspend online sales &amp; supply to Russia,,,,,,,
La Lorraine,Belgium,Consumer Staples,B,suspended,halt its 50mn euro investment in Moscow,,,,,,,
Lanxess,Germany,Materials,B,suspended,suspend business activities with Russia,,,,,,,
Lego,Denmark,Consumer Discretionary,B,suspended,suspend all shipments to Russia,,,,,,,
Leonardo,Italy,Industrials,B,suspended,pause all JVs in Russia; helicopter production,,,,,,,
Les Ballets de Monte-Carlo,Monaco,Consumer Discretionary,B,suspended,suspend performance rights for his ballet,,,,,,,
Levi Strauss,United States,Consumer Discretionary,B,suspended,suspend all sales in Russia,,,,,,,
Lexmark,United States,Information Technology,B,suspended,suspend shipments to Russia,,,,,,,
Little Caesar's,United States,Consumer Discretionary,B,suspended,suspend Russian franchise support,,,,,,,
Live Nation Entertainment,United States,Communication Services,B,suspended,stop business with Russia,,,,,,,
Lladró,Spain,Consumer Discretionary,B,suspended,suspended service and shipment to Russia.  No new requests,,,,,,,
Louis Dreyfus,Netherlands,Consumer Staples,B,suspended,suspend operations in Russia,,,,,,,
Lumen,United States,Communication Services,B,other,cut networks to Russia,,,,,,,
M&amp;G,United Kingdom,Financials,B,other,phased divestment of Russian assets,,,,,,,
MS &amp; AD Insurance Group,Japan,Financials,B,other,suspending operations,,,,,,,
MSC,United States,Financials,B,other,temporary suspension of all shipments to Russia,,,,,,,
MSC Cruises,Switzerland,Consumer Discretionary,B,suspended,suspend calls to Russia,,,,,,,
MV Group,Lithuania,Consumer Staples,B,other,"suspends all imports and orders, froze partner brands",,,,,,,
MVRDV,Netherlands,Industrials,B,suspended,suspend operations in Russia,,,,,,,
Magna,Canada,Consumer Discretionary,B,suspended,suspend Russian plants,,,,,,,
Magna Steyr,Austria,Consumer Discretionary,B,suspended,suspend deliveries to Russia,,,,,,,
Mango,Spain,Consumer Discretionary,B,suspended,suspend direct operations in Russia,,,,,,,
Manolo Blahnik,United Kingdom,Consumer Discretionary,B,suspended,suspend sales to Russia,,,,,,,
Marks &amp; Spencer,United Kingdom,Consumer Staples,B,suspended,suspend all shipments to Russia,,,,,,,
Marriott,United States,Consumer Discretionary,B,suspended,suspend all Russian operations,,,,,,,
Marvell,United States,Information Technology,B,suspended,suspend all sales to Russia in compliance with sanctions,,,,,,,
Mastercard,United States,Information Technology,B,suspended,suspend operations in Russia,,,,,,,
Match Group,United States,Communication Services,B,other,"Stated will leave Russia by June 30, 2023",,,,,,,
Mattel,United States,Consumer Discretionary,B,suspended,suspend shipments into Russia,,,,,,,
Mazda,Japan,Consumer Discretionary,B,suspended,suspend all shipments to Russia,,,,,,,
McCormick,United States,Consumer Staples,B,suspended,suspend operations in Russia,,,,,,,
Meggit,United Kingdom,Industrials,B,other,cease all imports and exports with Russia,,,,,,,
Meta,United States,Communication Services,B,suspended,suspend Russian advertising,,,,,,,
Metsa,Finland,Materials,B,suspended,suspend operations at Russian mill,,,,,,,
Metso Outotec,Finland,Industrials,B,suspended,suspend all shipments to Russia,,,,,,,
Mettler Toledo,United States,Health Care,B,suspended,suspend all shipments to Russia,,,,,,,
Michelin,France,Consumer Discretionary,B,suspended,suspended all operations in Russia,,,,,,,
Micro Focus,United Kingdom,Information Technology,B,suspended,Suspended business in Russia,,,,,,,
Micron,United States,Information Technology,B,suspended,Suspend shipments to Russia according to sanctions,,,,,,,
Microsoft,United States,Information Technology,B,suspended,suspend new sales in Russia but continue existing access,,,,,,,
Milk Hydrosan sp. z o.o.,Poland,Industrials,B,suspended,suspended Russian contracts,,,,,,,
Mitsubishi Electric,Japan,Industrials,B,suspended,stop all sales to Russia but reserve the right to return,,,,,,,
Mitsubishi Motors,Japan,Consumer Discretionary,B,suspended,suspended operations at Russian plant,,,,,,,
Mobatime (Elekon),Czech Republic,Consumer Discretionary,B,suspended,stopped activity and remotely stopped clock on Russian Academy of Sciences,,,,,,,
Moncler,Italy,Consumer Discretionary,B,suspended,suspend operations in Russia,,,,,,,
Moneygram,United States,Financials,B,suspended,suspend all payments to Russia,,,,,,,
MongoDB,United States,Information Technology,B,suspended,suspend sales to Russia and Belarus,,,,,,,
Mothercare,United Kingdom,Consumer Discretionary,B,suspended,suspend operations in Russia,,,,,,,
Motorola Solutions,United States,Information Technology,B,suspended,suspend service orders to Russia,,,,,,,
Munich Re,Germany,Financials,B,suspended,not renew current contracts &amp; suspend new business,,,,,,,
NCR,United States,Information Technology,B,suspended,suspend sales to Russia,,,,,,,
NEC,Japan,Information Technology,B,suspended,suspend all future sales,,,,,,,
NHL,United States,NGO,B,suspended,pause all partnerships in Russia,,,,,,,
NSG Group (Pilkington),Japan,Materials,B,other,suspension all trading and investment,,,,,,,
NXP Semiconductors,Netherlands,Information Technology,B,suspended,suspend all shipments to and business with Russia,,,,,,,
Namecheap,United States,Information Technology,B,suspended,stop offering products to Russia,,,,,,,
Nemak,Mexico,Consumer Discretionary,B,suspended,halt production in Russia,,,,,,,
Neste Oyj,Finland,Energy,B,suspended,suspend purchases of Russian oil,,,,,,,
NetApp,United States,Information Technology,B,suspended,suspend business operations in Russia,,,,,,,
New Balance,United States,Consumer Discretionary,B,suspended,suspend shipments to Russia,,,,,,,
New Development Bank,China,Financials,B,other,curtail Russian access to capital markets,,,,,,,
Niantic Labs,United States,Information Technology,B,other,products made unavailable in Russia,,,,,,,
Nikon,Japan,Consumer Discretionary,B,suspended,suspend shipments to Russia,,,,,,,
Nintendo,Japan,Communication Services,B,suspended,suspend all sales in Russia,,,,,,,
Nippon Telegraph and Telephone Corporation (NTT),Japan,Communication Services,B,sold,"Completed sale of business, transitioning team",,,,,,,
Norton,United States,Information Technology,B,suspended,suspend sales to Russia,,,,,,,
Nozbe,Poland,Industrials,B,other,cut off services for Russia and Belarus,,,,,,,
Nu Skin,United States,Consumer Staples,B,suspended,suspend Russian operations,,,,,,,
Nutanix,United States,Information Technology,B,suspended,pause all sales and support to Russia,,,,,,,
Nvidia,United States,Information Technology,B,suspended,suspend all sales in Russia,,,,,,,
ON24,United States,Information Technology,B,suspended,suspend all Russian activities,,,,,,,
OP Bank Lithuania,Lithuania,Financials,B,suspended,temporarily stop the processing of all  payments from and to Russia &amp; Belarus,,,,,,,
Olvi,Finland,Consumer Staples,B,suspended,stop exports to Russia,,,,,,,
Olympus,Japan,Information Technology,B,suspended,suspend sales of Scientific Solutions portfolio and all capital investments,,,,,,,
OpenText,Canada,Information Technology,B,suspended,suspend all business,,,,,,,
Oracle,United States,Information Technology,B,suspended,suspend all operations in Russia,,,,,,,
Orion,Finland,Health Care,B,other,Discontinued business operations in Russia,,,,,,,
Outokumpu,Finland,Materials,B,suspended,stop sales and deliveries to Russia,,,,,,,
PTC,United States,Information Technology,B,other,discontinue all business operations and sales,,,,,,,
PVH,United States,Consumer Discretionary,B,suspended,suspend operations in Russia,,,,,,,
PagerDuty,United States,Information Technology,B,suspended,suspend cooperation with Russian customers,,,,,,,
Panasonic,Japan,Consumer Discretionary,B,suspended,suspend operations in Russia,,,,,,,
Papa John's,United States,Consumer Discretionary,B,suspended,suspend support for all Russian franchises,,,,,,,
Par Pacific,United States,Energy,B,suspended,suspend purchases of Russian crude oil,,,,,,,
Paramount,United States,Communication Services,B,suspended,pause new content releases to Russia,,,,,,,
Payoneer,United States,Information Technology,B,other,close Russian accounts,,,,,,,
Paypal,United States,Information Technology,B,suspended,suspend operations in Russia,,,,,,,
Peak Design,United States,Consumer Staples,B,other,shut down sales to Russia,,,,,,,
Pekao SA,Poland,Financials,B,suspended,transactions in Russian ruble suspended,,,,,,,
Pernod Ricard,France,Consumer Staples,B,suspended,"Resumed exports to Russia, then halted after calls to boycott",,,,,,,
Pivovary Staropramen,Czech Republic,Consumer Staples,B,suspended,suspended beer exports,,,,,,,
Playmobil,Germany,Consumer Discretionary,B,suspended,stop all sales to Russia,,,,,,,
Plzeňský Prazdroj,Czech Republic,Consumer Staples,B,suspended,suspend sales to Russia,,,,,,,
Podravka,Croatia,Consumer Staples,B,suspended,stop deliveries to Russia,,,,,,,
Polaris,United States,Consumer Discretionary,B,suspended,suspend exports to Russia,,,,,,,
Porsche,Germany,Consumer Discretionary,B,other,end shipments of new cars; dealerships running and warranty obligations honored,,,,,,,
Prada,Italy,Consumer Discretionary,B,suspended,suspend operations in Russia,,,,,,,
Preem AB,Sweden,Energy,B,suspended,suspend purchases of Russian oil,,,,,,,
Prosus,Netherlands,Industrials,B,sold,In process of divesting from local subsidiary,,,,,,,
Puma,Germany,Consumer Discretionary,B,suspended,suspend all shipments to Russia,,,,,,,
QS,United Kingdom,NGO,B,other,cease activity with Russian customers &amp; cease promotion of Russian universities,,,,,,,
Qlik,Sweden,Information Technology,B,suspended,suspend sales and services to Russia,,,,,,,
Qualcomm,United States,Information Technology,B,suspended,suspend shipments to Russia,,,,,,,
RTB,United States,Industrials,B,suspended,Suspended business in Russia,,,,,,,
Rabobank,Netherlands,Financials,B,other,curtail Russian access to capital markets,,,,,,,
Radio Free Europe,Czech Republic,Communication Services,B,suspended,suspend operations in Russia,,,,,,,
Rakovnický Pivovar,Czech Republic,Consumer Staples,B,sold,stopped exports and withdrew some products for sale in Russia,,,,,,,
Ralph Lauren,United States,Consumer Discretionary,B,suspended,pause operations in Russia,,,,,,,
Ravensburger | BRIO,Germany,,B,other,Russia distribution through Alisa Toys,,,,,,,
Raytheon,United States,Industrials,B,suspended,suspend operations in Russia,,,,,,,
Recruit Holdings,Japan,Industrials,B,suspended,Suspend Russian access,,,,,,,
Reima,Finland,Consumer Discretionary,B,suspended,suspend all sales into Russia,,,,,,,
Remitly Global,United States,Information Technology,B,suspended,stop accepting new users in Russia,,,,,,,
Renishaw,United Kingdom,Industrials,B,suspended,Suspended business in Russia,,,,,,,
Revolut,United Kingdom,Financials,B,suspended,stop top-ups for Russian cards and block transfers to Russian institutions,,,,,,,
Richemont,Switzerland,Consumer Discretionary,B,suspended,suspend all operations in Russia,,,,,,,
Ricoh,Japan,Information Technology,B,suspended,suspend shipments to Russia,,,,,,,
Roca,Spain,Consumer Discretionary,B,other,closure of plants,,,,,,,
Rockwell Automation,United States,Industrials,B,suspended,suspend operations in Russia,,,,,,,
Roland DG,Japan,Information Technology,B,suspended,suspend all exports and sales to Russia,,,,,,,
Rolex,Switzerland,Consumer Discretionary,B,suspended,suspend exports to Russia,,,,,,,
Rolls Royce,United Kingdom,Industrials,B,suspended,suspend all shipments to Russia,,,,,,,
Rotork,United Kingdom,Industrials,B,suspended,Suspended business in Russia,,,,,,,
Rovio,Finland,Information Technology,B,other,remove games from app stores in Russia,,,,,,,
Royal Caribbean Cruises,United States,Consumer Discretionary,B,other,Cancel summer cruise ship visits to Russia,,,,,,,
Royal Society of Chemistry,United Kingdom,NGO,B,suspended,pause activities with Russian institutions,,,,,,,
SSAB,Sweden,Materials,B,other,shipments and sales to Russia discontinued,,,,,,,
STIHL,Germany,Consumer Discretionary,B,suspended,suspend deliveries to Russia,,,,,,,
Safran,France,Industrials,B,suspended,stop all activities in Russia,,,,,,,
Samsonite International,Luxembourg,Consumer Discretionary,B,suspended,suspend operations in Russia,,,,,,,
Samsung,South Korea,Information Technology,B,suspended,suspend all shipments to Russia,,,,,,,
Sandvik,Sweden,Industrials,B,suspended,suspend all operations in Russia,,,,,,,
Sardina,Croatia,Consumer Staples,B,suspended,suspend deliveries to Russia,,,,,,,
Scandinavian Tobacco,Denmark,Consumer Staples,B,suspended,suspend most operations in Russia,,,,,,,
Scania,Sweden,Industrials,B,suspended,suspend all sales in Russia,,,,,,,
Schwarz Group,Germany,Consumer Staples,B,suspended,stop sales of Russian products in stores,,,,,,,
Sennheiser,Germany,Information Technology,B,suspended,suspend all business &amp; stop exports,,,,,,,
Sharp Group,Japan,Information Technology,B,suspended,suspend shipping into Russia,,,,,,,
Sherwin Williams,United States,Industrials,B,suspended,suspend business,,,,,,,
Shiseido,Japan,Consumer Staples,B,suspended,suspend export shipments to Russia,,,,,,,
Siemens Energy AG,Germany,Industrials,B,sold,Sold factory and stake in russian Companies,,,,,,,
Sigma Group,Czech Republic,Industrials,B,suspended,suspend business,,,,,,,
Simba Dickie Group,Germany,Consumer Discretionary,B,suspended,suspend all business in Russia including with local independent distributor,,,,,,,
Skytrax,United Kingdom,NGO,B,suspended,suspend all audit and rating analysis,,,,,,,
Smartway Pharmaceuticals,United Kingdom,Health Care,B,suspended,"suspended all operations, most supplies, and all advertising",,,,,,,
Sodeca,Spain,Industrials,B,other,cut off all supplies to Russian partners,,,,,,,
Solvay,Belgium,Materials,B,suspended,suspend operations in Russia,,,,,,,
SonoSim,United States,Health Care,B,suspended,suspend distributor relationship in Russia,,,,,,,
Sony,Japan,Consumer Discretionary,B,suspended,"pause release of new films in Russia, suspending console and game sales in Russia",,,,,,,
Sportradar,Switzerland,Consumer Discretionary,B,suspended,"suspend all new investments in Russia, including signing new customers",,,,,,,
Spotify,Sweden,Communication Services,B,suspended,closed office and suspend service,,,,,,,
SriLankan Airlines,Sri Lanka,Industrials,B,suspended,suspend flights between Sri Lanka and Russia,,,,,,,
Stellantis,Netherlands,Consumer Discretionary,B,suspended,suspend operations in Russia,,,,,,,
Storytel,Sweden,Communication Services,B,suspended,pause operations in Russia,,,,,,,
Subaru,Japan,Consumer Discretionary,B,suspended,suspend all shipments to Russia,,,,,,,
Sumitomo Group,Japan,Financials,B,other,scaling back or suspending all Russian-related business,,,,,,,
Supercell,Finland,Information Technology,B,other,remove games from app stores in Russia,,,,,,,
Swagelok,United States,Industrials,B,suspended,Suspended business in Russia,,,,,,,
Swarovski,Liechtenstein,Consumer Discretionary,B,suspended,suspend all sales in Russia,,,,,,,
Swatch,Switzerland,Consumer Discretionary,B,suspended,suspend direct operations in Russia,,,,,,,
Sweco,Sweden,Industrials,B,suspended,stop all projects in Russia,,,,,,,
Synopsys,United States,Information Technology,B,suspended,suspend all operations in Russia,,,,,,,
Systemair,Sweden,Industrials,B,suspended,suspend all sales to Russia,,,,,,,
T Machinery,Czech Republic,Industrials,B,suspended,Stopped cooperation,,,,,,,
TSMC,Taiwan,Information Technology,B,suspended,suspend all shipments to Russia,,,,,,,
TTC Holding,Czech Republic,Real Estate,B,suspended,suspended activities,,,,,,,
Tadano,Japan,Industrials,B,other,suspension of shipments into Russia,,,,,,,
Take-Two Interactive,United States,Communication Services,B,suspended,"halt sales, marketing and more in Russia",,,,,,,
Talgo,Spain,Industrials,B,other,"Ended activity, service center still exists",,,,,,,
Tanin,Slovenia,Materials,B,suspended,goods are stopped,,,,,,,
Tata Motors,India,Consumer Discretionary,B,suspended,Paused sales of Jaguar Land Rover in Russia,,,,,,,
Tendam,Spain,Consumer Discretionary,B,suspended,suspend activity in Russia,,,,,,,
Thales,France,Industrials,B,suspended,Suspended business in Russia,,,,,,,
The Navigator Company,Portugal,Materials,B,suspended,suspend all marketing in Russia,,,,,,,
Thermo Fisher,United States,Health Care,B,suspended,suspend sales and manufacturing in Russia,,,,,,,
TikTok,United States,Communication Services,B,suspended,suspend operations in Russia,,,,,,,
Timken,United States,Industrials,B,suspended,suspend operations in Russia,,,,,,,
TomTom,Netherlands,Information Technology,B,sold,"turn off live traffic for Russia, cut ties with several Russian customers, some customers are still under review",,,,,,,
Torm,Denmark,Industrials,B,suspended,effectively suspend shipments to Russia,,,,,,,
Tous,Spain,Consumer Discretionary,B,other,close shops and online store in Russia,,,,,,,
Triumph,Switzerland,Consumer Discretionary,B,suspended,suspend Russian business,,,,,,,
Twin Disc,United States,Industrials,B,suspended,suspend all shipments to Russia,,,,,,,
Twitter,United States,Communication Services,B,suspended,suspend certain operations in Russia,,,,,,,
UL,United States,Industrials,B,suspended,stop all work in Russia &amp; Belarus and not take on or pursue any new customer orders,,,,,,,
UPM,Finland,Materials,B,suspended,temporarily suspend operations and sales in Russia,,,,,,,
UPS,United States,Industrials,B,suspended,suspend all shipments to Russia,,,,,,,
Ubisoft,France,Information Technology,B,suspended,suspend new sales to Russia,,,,,,,
UiPath,United States,Information Technology,B,suspended,suspend sales in Russia,,,,,,,
Under Armour,United States,Consumer Discretionary,B,suspended,suspend all shipments to Russia,,,,,,,
Uniqlo/Fast Retailing,Japan,Consumer Discretionary,B,suspended,suspend operations in Russia,,,,,,,
Universal Music Group,Netherlands,Consumer Discretionary,B,sold,Suspended all operations in Russia and closed offices,,,,,,,
Upwork,United States,Industrials,B,suspended,suspend operations in Russia,,,,,,,
VF Corporation,United States,Consumer Discretionary,B,suspended,temporarily suspend commercial activities,,,,,,,
VMWare,United States,Information Technology,B,suspended,suspend operations in Russia,,,,,,,
Valero Energy,United States,Energy,B,suspended,suspend purchases of Russian oil,,,,,,,
Vattenfall,Sweden,Utilities,B,other,shifting energy purchases away from Russia,,,,,,,
Veeam,United States,Information Technology,B,suspended,pause sales in Russia,,,,,,,
Vesuvius,United Kingdom,Industrials,B,suspended,Suspend deliveries to Russian customers,,,,,,,
Victoria’s Secret,United States,Consumer Discretionary,B,suspended,"stop exports to Russia, pause sales in Russia by franchisers, suspend online sales",,,,,,,
Viessmann,Germany,Industrials,B,suspended,stop business with Russia &amp; stop deliveries to and from Russia,,,,,,,
Vietnam Airlines,Vietnam,Industrials,B,suspended,suspend flights to Russia,,,,,,,
Viking River Cruises,Switzerland,Consumer Discretionary,B,other,cease all operations in Russia &amp; cancel trips to Russia up to 2024,,,,,,,
Villeroy &amp; Boch,Germany,Consumer Discretionary,B,suspended,Suspended business in the region until further notice,,,,,,,
Visa,United States,Information Technology,B,suspended,suspend operations in Russia,,,,,,,
Vitec Group,United Kingdom,Consumer Discretionary,B,suspended,suspend all exports and services,,,,,,,
Viva,Australia,Energy,B,suspended,Suspended purchases of Russian oil,,,,,,,
Volkswagen,Germany,Consumer Discretionary,B,suspended,suspend all shipments to Russia,,,,,,,
Volvo Cars,Sweden,Industrials,B,suspended,suspend all shipments to Russia,,,,,,,
Volvo Group,Sweden,Industrials,B,suspended,"suspend all sales, service and production",,,,,,,
WEKA,Israel,Information Technology,B,suspended,suspend business and concrete deals with Russia,,,,,,,
WWE,United States,Communication Services,B,suspended,Suspend all operations in Russia,,,,,,,
WarnerMedia,United States,Communication Services,B,suspended,pause new content releases,,,,,,,
Waters Corporation,United States,Health Care,B,suspended,suspend all sales and services into Russia,,,,,,,
WeTransfer,United States,Information Technology,B,suspended,suspend all services in Russia,,,,,,,
Western Union,United States,Information Technology,B,suspended,suspend operations in Russia,,,,,,,
Wielton,Poland,Industrials,B,suspended,suspended Russian exports,,,,,,,
William Grant &amp; Sons,United Kingdom,Consumer Staples,B,suspended,Suspend all shipments to Russia,,,,,,,
Wimbledon,United Kingdom,NGO,B,other,Ban Russian athletes,,,,,,,
Wintershall Dea AG,Germany,Energy,B,sold,intends to fully exit Russia,,,,,,,
Wise PLC,United Kingdom,Information Technology,B,suspended,Suspend Russian partnerships,,,,,,,
Wizz Air,Hungary,Industrials,B,suspended,Air flights to/from Russia are temporarily suspended,,,,,,,
Wolffkran,Switzerland,Industrials,B,suspended,Stop production in Russia; maintain personnel,,,,,,,
World Boxing Council,Mexico,NGO,B,suspended,Suspend Russia from title fights,,,,,,,
World Federation of Exchanges,United Kingdom,NGO,B,suspended,Suspend all Russian members and affiliates,,,,,,,
Woseba,Poland,Consumer Staples,B,other,suspends deliveries to Russia,,,,,,,
Wrangler (Kontoor),United States,Consumer Discretionary,B,suspended,Suspend online sales,,,,,,,
Würth,Germany,Consumer Discretionary,B,suspended,Stop exports to Russia,,,,,,,
Xerox,United States,Information Technology,B,suspended,Suspend shipments to Russia,,,,,,,
YKK Group,Japan,Industrials,B,suspended,Suspend operations in Russia,,,,,,,
YOOX,Italy,Consumer Discretionary,B,suspended,Suspend commercial activities,,,,,,,
Yanmar,Japan,Consumer Discretionary,B,suspended,suspend operations,,,,,,,
Yara,Norway,Materials,B,suspended,Suspend all imports from Russia,,,,,,,
ZHA,United Kingdom,Industrials,B,suspended,suspend operations in Russia,,,,,,,
Zegna Group,Italy,Consumer Discretionary,B,suspended,Suspended all shipments to and production for Russia partners,,,,,,,
Zendesk,United States,Information Technology,B,suspended,Suspend all sales to Russia,,,,,,,
Zetor,Czech Republic,Industrials,B,suspended,suspend all cooperation with Russia,,,,,,,
Zynga,United States,Communication Services,B,suspended,"suspend all installations, monetization and marketing support",,,,,,,
bunq.com,Netherlands,Financials,B,suspended,suspend SWIFT transfers to sanctioned banks,,,,,,,
d&amp;b audiotechnik,Germany,Consumer Discretionary,B,suspended,suspend all shipments to Russia,,,,,,,
eBay,United States,Consumer Discretionary,B,suspended,suspend all shipments to Russia,,,,,,,
eDreams ODIGEO,Spain,Consumer Discretionary,B,other,cease all operations involving Russia,,,,,,,
iHerb,United States,Consumer Discretionary,B,suspended,Suspend all Russian sales,,,,,,,
Żabka,Poland,Consumer Staples,B,other,Halts orders from Russia &amp; Belarus,,,,,,,
